2025-11-02 01:16:46.243 -05:00 [INF] User profile is available. Using 'C:\Users\YJ\AppData\Local\ASP.NET\DataProtection-Keys' as key repository and Windows DPAPI to encrypt keys at rest.
2025-11-02 01:16:46.419 -05:00 [INF] Now listening on: https://localhost:7145
2025-11-02 01:16:46.421 -05:00 [INF] Now listening on: http://localhost:5073
2025-11-02 01:16:46.457 -05:00 [INF] Application started. Press Ctrl+C to shut down.
2025-11-02 01:16:46.459 -05:00 [INF] Hosting environment: Development
2025-11-02 01:16:46.461 -05:00 [INF] Content root path: C:\Users\YJ\Desktop\MovieShop\MovieShopMVC
2025-11-02 01:16:46.752 -05:00 [INF] Request starting HTTP/2 GET https://localhost:7145/ - null null
2025-11-02 01:16:46.855 -05:00 [INF] Executing endpoint 'MovieShopMVC.Controllers.HomeController.Index (MovieShopMVC)'
2025-11-02 01:16:46.880 -05:00 [INF] Route matched with {action = "Index", controller = "Home"}. Executing controller action with signature System.Threading.Tasks.Task`1[Microsoft.AspNetCore.Mvc.IActionResult] Index() on controller MovieShopMVC.Controllers.HomeController (MovieShopMVC).
2025-11-02 01:16:47.763 -05:00 [INF] Executed DbCommand (72ms) [Parameters=[@__p_0='?' (DbType = Int32)], CommandType='"Text"', CommandTimeout='30']
SELECT TOP(@__p_0) [m].[Id], [m].[BackdropUrl], [m].[Budget], [m].[CreatedBy], [m].[CreatedDate], [m].[ImdbUrl], [m].[OriginalLanguage], [m].[Overview], [m].[PosterUrl], [m].[Price], [m].[ReleaseDate], [m].[Revenue], [m].[Runtime], [m].[Tagline], [m].[Title], [m].[TmdbUrl], [m].[UpdatedBy], [m].[UpdatedDate]
FROM [Movie] AS [m]
ORDER BY [m].[Revenue] DESC
2025-11-02 01:16:47.844 -05:00 [INF] Executing ViewResult, running view Index.
2025-11-02 01:16:47.973 -05:00 [INF] Executed ViewResult - view Index executed in 129.3588ms.
2025-11-02 01:16:47.975 -05:00 [INF] Executed action MovieShopMVC.Controllers.HomeController.Index (MovieShopMVC) in 1091.8976ms
2025-11-02 01:16:47.976 -05:00 [INF] Executed endpoint 'MovieShopMVC.Controllers.HomeController.Index (MovieShopMVC)'
2025-11-02 01:16:47.979 -05:00 [INF] HTTP GET / responded 200 in 1141.0482 ms
2025-11-02 01:16:48.033 -05:00 [INF] Request starting HTTP/2 GET https://localhost:7145/_vs/browserLink - null null
2025-11-02 01:16:48.033 -05:00 [INF] Request starting HTTP/2 GET https://localhost:7145/_framework/aspnetcore-browser-refresh.js - null null
2025-11-02 01:16:48.034 -05:00 [ERR] An unhandled exception has occurred while executing the request.
System.InvalidOperationException: StatusCode cannot be set because the response has already started.
   at Microsoft.AspNetCore.Server.Kestrel.Core.Internal.Http.HttpProtocol.ThrowResponseAlreadyStartedException(String value)
   at Microsoft.AspNetCore.Server.Kestrel.Core.Internal.Http.HttpProtocol.set_StatusCode(Int32 value)
   at Microsoft.AspNetCore.Http.DefaultHttpResponse.Redirect(String location, Boolean permanent)
   at MovieShopMVC.Middlewares.MovieShopExceptionMiddleware.Invoke(HttpContext httpContext) in C:\Users\YJ\Desktop\MovieShop\MovieShopMVC\Middlewares\MovieShopExceptionMiddleware.cs:line 42
   at Microsoft.AspNetCore.Diagnostics.DeveloperExceptionPageMiddlewareImpl.Invoke(HttpContext context)
2025-11-02 01:16:48.051 -05:00 [INF] Request finished HTTP/2 GET https://localhost:7145/_framework/aspnetcore-browser-refresh.js - 200 16509 application/javascript; charset=utf-8 17.1986ms
2025-11-02 01:16:48.065 -05:00 [WRN] The response has already started, the error page middleware will not be executed.
2025-11-02 01:16:48.069 -05:00 [ERR] Connection id "0HNGPQTJAI6J7", Request id "0HNGPQTJAI6J7:00000001": An unhandled exception was thrown by the application.
System.InvalidOperationException: StatusCode cannot be set because the response has already started.
   at Microsoft.AspNetCore.Server.Kestrel.Core.Internal.Http.HttpProtocol.ThrowResponseAlreadyStartedException(String value)
   at Microsoft.AspNetCore.Server.Kestrel.Core.Internal.Http.HttpProtocol.set_StatusCode(Int32 value)
   at Microsoft.AspNetCore.Http.DefaultHttpResponse.Redirect(String location, Boolean permanent)
   at MovieShopMVC.Middlewares.MovieShopExceptionMiddleware.Invoke(HttpContext httpContext) in C:\Users\YJ\Desktop\MovieShop\MovieShopMVC\Middlewares\MovieShopExceptionMiddleware.cs:line 42
   at Microsoft.AspNetCore.Diagnostics.DeveloperExceptionPageMiddlewareImpl.Invoke(HttpContext context)
   at Microsoft.AspNetCore.Diagnostics.DeveloperExceptionPageMiddlewareImpl.Invoke(HttpContext context)
   at Microsoft.WebTools.BrowserLink.Net.BrowserLinkMiddleware.InvokeAsync(HttpContext context)
   at Microsoft.AspNetCore.Watch.BrowserRefresh.BrowserRefreshMiddleware.InvokeAsync(HttpContext context)
   at Microsoft.AspNetCore.Server.Kestrel.Core.Internal.Http.HttpProtocol.ProcessRequests[TContext](IHttpApplication`1 application)
2025-11-02 01:16:48.074 -05:00 [INF] Request finished HTTP/2 GET https://localhost:7145/_vs/browserLink - 200 null text/javascript; charset=UTF-8 41.2249ms
2025-11-02 01:16:48.081 -05:00 [INF] Request finished HTTP/2 GET https://localhost:7145/ - 200 null text/html; charset=utf-8 1334.099ms
2025-11-02 01:17:28.377 -05:00 [INF] Request starting HTTP/2 GET https://localhost:7145/Movies/Details/5 - null null
2025-11-02 01:17:28.390 -05:00 [INF] Executing endpoint 'MovieShopMVC.Controllers.MoviesController.Details (MovieShopMVC)'
2025-11-02 01:17:28.399 -05:00 [INF] Route matched with {action = "Details", controller = "Movies"}. Executing controller action with signature System.Threading.Tasks.Task`1[Microsoft.AspNetCore.Mvc.IActionResult] Details(Int32) on controller MovieShopMVC.Controllers.MoviesController (MovieShopMVC).
2025-11-02 01:17:28.489 -05:00 [WRN] Compiling a query which loads related collections for more than one collection navigation, either via 'Include' or through projection, but no 'QuerySplittingBehavior' has been configured. By default, Entity Framework will use 'QuerySplittingBehavior.SingleQuery', which can potentially result in slow query performance. See https://go.microsoft.com/fwlink/?linkid=2134277 for more information. To identify the query that's triggering this warning call 'ConfigureWarnings(w => w.Throw(RelationalEventId.MultipleCollectionIncludeWarning))'.
2025-11-02 01:17:28.518 -05:00 [INF] Executed DbCommand (2ms) [Parameters=[@__id_0='?' (DbType = Int32)], CommandType='"Text"', CommandTimeout='30']
SELECT [m2].[Id], [m2].[BackdropUrl], [m2].[Budget], [m2].[CreatedBy], [m2].[CreatedDate], [m2].[ImdbUrl], [m2].[OriginalLanguage], [m2].[Overview], [m2].[PosterUrl], [m2].[Price], [m2].[ReleaseDate], [m2].[Revenue], [m2].[Runtime], [m2].[Tagline], [m2].[Title], [m2].[TmdbUrl], [m2].[UpdatedBy], [m2].[UpdatedDate], [s].[MovieId], [s].[GenreId], [s].[Id], [s].[Name], [s0].[MovieId], [s0].[CastId], [s0].[Character], [s0].[Id], [s0].[Gender], [s0].[Name], [s0].[ProfilePath], [s0].[TmdbUrl], [t].[Id], [t].[MovieId], [t].[Name], [t].[TrailerUrl]
FROM (
    SELECT TOP(1) [m].[Id], [m].[BackdropUrl], [m].[Budget], [m].[CreatedBy], [m].[CreatedDate], [m].[ImdbUrl], [m].[OriginalLanguage], [m].[Overview], [m].[PosterUrl], [m].[Price], [m].[ReleaseDate], [m].[Revenue], [m].[Runtime], [m].[Tagline], [m].[Title], [m].[TmdbUrl], [m].[UpdatedBy], [m].[UpdatedDate]
    FROM [Movie] AS [m]
    WHERE [m].[Id] = @__id_0
) AS [m2]
LEFT JOIN (
    SELECT [m0].[MovieId], [m0].[GenreId], [g].[Id], [g].[Name]
    FROM [MovieGenre] AS [m0]
    INNER JOIN [Genre] AS [g] ON [m0].[GenreId] = [g].[Id]
) AS [s] ON [m2].[Id] = [s].[MovieId]
LEFT JOIN (
    SELECT [m1].[MovieId], [m1].[CastId], [m1].[Character], [c].[Id], [c].[Gender], [c].[Name], [c].[ProfilePath], [c].[TmdbUrl]
    FROM [MovieCast] AS [m1]
    INNER JOIN [Cast] AS [c] ON [m1].[CastId] = [c].[Id]
) AS [s0] ON [m2].[Id] = [s0].[MovieId]
LEFT JOIN [Trailer] AS [t] ON [m2].[Id] = [t].[MovieId]
ORDER BY [m2].[Id], [s].[MovieId], [s].[GenreId], [s].[Id], [s0].[MovieId], [s0].[CastId], [s0].[Character], [s0].[Id]
2025-11-02 01:17:28.582 -05:00 [INF] Executed DbCommand (2ms) [Parameters=[@__id_0='?' (DbType = Int32)], CommandType='"Text"', CommandTimeout='30']
SELECT AVG([r].[Rating])
FROM [Review] AS [r]
WHERE [r].[MovieId] = @__id_0
2025-11-02 01:17:28.587 -05:00 [INF] Executing ViewResult, running view Details.
2025-11-02 01:17:28.592 -05:00 [INF] Executed ViewResult - view Details executed in 4.8858ms.
2025-11-02 01:17:28.594 -05:00 [INF] Executed action MovieShopMVC.Controllers.MoviesController.Details (MovieShopMVC) in 193.0328ms
2025-11-02 01:17:28.595 -05:00 [INF] Executed endpoint 'MovieShopMVC.Controllers.MoviesController.Details (MovieShopMVC)'
2025-11-02 01:17:28.595 -05:00 [INF] HTTP GET /Movies/Details/5 responded 200 in 208.6209 ms
2025-11-02 01:17:28.639 -05:00 [ERR] An unhandled exception has occurred while executing the request.
System.InvalidOperationException: StatusCode cannot be set because the response has already started.
   at Microsoft.AspNetCore.Server.Kestrel.Core.Internal.Http.HttpProtocol.ThrowResponseAlreadyStartedException(String value)
   at Microsoft.AspNetCore.Server.Kestrel.Core.Internal.Http.HttpProtocol.set_StatusCode(Int32 value)
   at Microsoft.AspNetCore.Http.DefaultHttpResponse.Redirect(String location, Boolean permanent)
   at MovieShopMVC.Middlewares.MovieShopExceptionMiddleware.Invoke(HttpContext httpContext) in C:\Users\YJ\Desktop\MovieShop\MovieShopMVC\Middlewares\MovieShopExceptionMiddleware.cs:line 42
   at Microsoft.AspNetCore.Diagnostics.DeveloperExceptionPageMiddlewareImpl.Invoke(HttpContext context)
2025-11-02 01:17:28.639 -05:00 [INF] Request starting HTTP/2 GET https://localhost:7145/_vs/browserLink - null null
2025-11-02 01:17:28.639 -05:00 [INF] Request starting HTTP/2 GET https://localhost:7145/_framework/aspnetcore-browser-refresh.js - null null
2025-11-02 01:17:28.641 -05:00 [WRN] The response has already started, the error page middleware will not be executed.
2025-11-02 01:17:28.653 -05:00 [INF] Request finished HTTP/2 GET https://localhost:7145/_framework/aspnetcore-browser-refresh.js - 200 16509 application/javascript; charset=utf-8 13.4027ms
2025-11-02 01:17:28.654 -05:00 [ERR] Connection id "0HNGPQTJAI6J7", Request id "0HNGPQTJAI6J7:00000007": An unhandled exception was thrown by the application.
System.InvalidOperationException: StatusCode cannot be set because the response has already started.
   at Microsoft.AspNetCore.Server.Kestrel.Core.Internal.Http.HttpProtocol.ThrowResponseAlreadyStartedException(String value)
   at Microsoft.AspNetCore.Server.Kestrel.Core.Internal.Http.HttpProtocol.set_StatusCode(Int32 value)
   at Microsoft.AspNetCore.Http.DefaultHttpResponse.Redirect(String location, Boolean permanent)
   at MovieShopMVC.Middlewares.MovieShopExceptionMiddleware.Invoke(HttpContext httpContext) in C:\Users\YJ\Desktop\MovieShop\MovieShopMVC\Middlewares\MovieShopExceptionMiddleware.cs:line 42
   at Microsoft.AspNetCore.Diagnostics.DeveloperExceptionPageMiddlewareImpl.Invoke(HttpContext context)
   at Microsoft.AspNetCore.Diagnostics.DeveloperExceptionPageMiddlewareImpl.Invoke(HttpContext context)
   at Microsoft.WebTools.BrowserLink.Net.BrowserLinkMiddleware.InvokeAsync(HttpContext context)
   at Microsoft.AspNetCore.Watch.BrowserRefresh.BrowserRefreshMiddleware.InvokeAsync(HttpContext context)
   at Microsoft.AspNetCore.Server.Kestrel.Core.Internal.Http.HttpProtocol.ProcessRequests[TContext](IHttpApplication`1 application)
2025-11-02 01:17:28.667 -05:00 [INF] Request finished HTTP/2 GET https://localhost:7145/_vs/browserLink - 200 null text/javascript; charset=UTF-8 28.1954ms
2025-11-02 01:17:28.669 -05:00 [INF] Request finished HTTP/2 GET https://localhost:7145/Movies/Details/5 - 200 null text/html; charset=utf-8 292.2289ms
2025-11-02 01:42:33.309 -05:00 [INF] User profile is available. Using 'C:\Users\YJ\AppData\Local\ASP.NET\DataProtection-Keys' as key repository and Windows DPAPI to encrypt keys at rest.
2025-11-02 01:42:33.466 -05:00 [INF] Now listening on: https://localhost:7145
2025-11-02 01:42:33.468 -05:00 [INF] Now listening on: http://localhost:5073
2025-11-02 01:42:33.507 -05:00 [INF] Application started. Press Ctrl+C to shut down.
2025-11-02 01:42:33.508 -05:00 [INF] Hosting environment: Development
2025-11-02 01:42:33.508 -05:00 [INF] Content root path: C:\Users\YJ\Desktop\MovieShop\MovieShopMVC
2025-11-02 01:42:34.012 -05:00 [INF] Request starting HTTP/2 GET https://localhost:7145/ - null null
2025-11-02 01:42:34.095 -05:00 [INF] Executing endpoint 'MovieShopMVC.Controllers.HomeController.Index (MovieShopMVC)'
2025-11-02 01:42:34.120 -05:00 [INF] Route matched with {action = "Index", controller = "Home"}. Executing controller action with signature System.Threading.Tasks.Task`1[Microsoft.AspNetCore.Mvc.IActionResult] Index() on controller MovieShopMVC.Controllers.HomeController (MovieShopMVC).
2025-11-02 01:42:34.974 -05:00 [INF] Executed DbCommand (71ms) [Parameters=[@__p_0='?' (DbType = Int32)], CommandType='"Text"', CommandTimeout='30']
SELECT TOP(@__p_0) [m].[Id], [m].[BackdropUrl], [m].[Budget], [m].[CreatedBy], [m].[CreatedDate], [m].[ImdbUrl], [m].[OriginalLanguage], [m].[Overview], [m].[PosterUrl], [m].[Price], [m].[ReleaseDate], [m].[Revenue], [m].[Runtime], [m].[Tagline], [m].[Title], [m].[TmdbUrl], [m].[UpdatedBy], [m].[UpdatedDate]
FROM [Movie] AS [m]
ORDER BY [m].[Revenue] DESC
2025-11-02 01:42:35.049 -05:00 [INF] Executing ViewResult, running view Index.
2025-11-02 01:42:35.117 -05:00 [INF] Executed ViewResult - view Index executed in 67.7855ms.
2025-11-02 01:42:35.122 -05:00 [INF] Executed action MovieShopMVC.Controllers.HomeController.Index (MovieShopMVC) in 999.8797ms
2025-11-02 01:42:35.123 -05:00 [INF] Executed endpoint 'MovieShopMVC.Controllers.HomeController.Index (MovieShopMVC)'
2025-11-02 01:42:35.126 -05:00 [INF] HTTP GET / responded 200 in 1049.3072 ms
2025-11-02 01:42:35.177 -05:00 [INF] Request starting HTTP/2 GET https://localhost:7145/_framework/aspnetcore-browser-refresh.js - null null
2025-11-02 01:42:35.177 -05:00 [INF] Request starting HTTP/2 GET https://localhost:7145/_vs/browserLink - null null
2025-11-02 01:42:35.178 -05:00 [ERR] An unhandled exception has occurred while executing the request.
System.InvalidOperationException: StatusCode cannot be set because the response has already started.
   at Microsoft.AspNetCore.Server.Kestrel.Core.Internal.Http.HttpProtocol.ThrowResponseAlreadyStartedException(String value)
   at Microsoft.AspNetCore.Server.Kestrel.Core.Internal.Http.HttpProtocol.set_StatusCode(Int32 value)
   at Microsoft.AspNetCore.Http.DefaultHttpResponse.Redirect(String location, Boolean permanent)
   at MovieShopMVC.Middlewares.MovieShopExceptionMiddleware.Invoke(HttpContext httpContext) in C:\Users\YJ\Desktop\MovieShop\MovieShopMVC\Middlewares\MovieShopExceptionMiddleware.cs:line 42
   at Microsoft.AspNetCore.Diagnostics.DeveloperExceptionPageMiddlewareImpl.Invoke(HttpContext context)
2025-11-02 01:42:35.189 -05:00 [INF] Request finished HTTP/2 GET https://localhost:7145/_framework/aspnetcore-browser-refresh.js - 200 16509 application/javascript; charset=utf-8 12.3459ms
2025-11-02 01:42:35.211 -05:00 [WRN] The response has already started, the error page middleware will not be executed.
2025-11-02 01:42:35.215 -05:00 [ERR] Connection id "0HNGPRC0FN322", Request id "0HNGPRC0FN322:00000001": An unhandled exception was thrown by the application.
System.InvalidOperationException: StatusCode cannot be set because the response has already started.
   at Microsoft.AspNetCore.Server.Kestrel.Core.Internal.Http.HttpProtocol.ThrowResponseAlreadyStartedException(String value)
   at Microsoft.AspNetCore.Server.Kestrel.Core.Internal.Http.HttpProtocol.set_StatusCode(Int32 value)
   at Microsoft.AspNetCore.Http.DefaultHttpResponse.Redirect(String location, Boolean permanent)
   at MovieShopMVC.Middlewares.MovieShopExceptionMiddleware.Invoke(HttpContext httpContext) in C:\Users\YJ\Desktop\MovieShop\MovieShopMVC\Middlewares\MovieShopExceptionMiddleware.cs:line 42
   at Microsoft.AspNetCore.Diagnostics.DeveloperExceptionPageMiddlewareImpl.Invoke(HttpContext context)
   at Microsoft.AspNetCore.Diagnostics.DeveloperExceptionPageMiddlewareImpl.Invoke(HttpContext context)
   at Microsoft.WebTools.BrowserLink.Net.BrowserLinkMiddleware.InvokeAsync(HttpContext context)
   at Microsoft.AspNetCore.Watch.BrowserRefresh.BrowserRefreshMiddleware.InvokeAsync(HttpContext context)
   at Microsoft.AspNetCore.Server.Kestrel.Core.Internal.Http.HttpProtocol.ProcessRequests[TContext](IHttpApplication`1 application)
2025-11-02 01:42:35.222 -05:00 [INF] Request finished HTTP/2 GET https://localhost:7145/_vs/browserLink - 200 null text/javascript; charset=UTF-8 45.678ms
2025-11-02 01:42:35.228 -05:00 [INF] Request finished HTTP/2 GET https://localhost:7145/ - 200 null text/html; charset=utf-8 1220.8224ms
2025-11-02 01:42:36.390 -05:00 [INF] Request starting HTTP/2 GET https://localhost:7145/Movies/Details/6 - null null
2025-11-02 01:42:36.397 -05:00 [INF] Executing endpoint 'MovieShopMVC.Controllers.MoviesController.Details (MovieShopMVC)'
2025-11-02 01:42:36.403 -05:00 [INF] Route matched with {action = "Details", controller = "Movies"}. Executing controller action with signature System.Threading.Tasks.Task`1[Microsoft.AspNetCore.Mvc.IActionResult] Details(Int32) on controller MovieShopMVC.Controllers.MoviesController (MovieShopMVC).
2025-11-02 01:42:36.478 -05:00 [WRN] Compiling a query which loads related collections for more than one collection navigation, either via 'Include' or through projection, but no 'QuerySplittingBehavior' has been configured. By default, Entity Framework will use 'QuerySplittingBehavior.SingleQuery', which can potentially result in slow query performance. See https://go.microsoft.com/fwlink/?linkid=2134277 for more information. To identify the query that's triggering this warning call 'ConfigureWarnings(w => w.Throw(RelationalEventId.MultipleCollectionIncludeWarning))'.
2025-11-02 01:42:36.510 -05:00 [INF] Executed DbCommand (2ms) [Parameters=[@__id_0='?' (DbType = Int32)], CommandType='"Text"', CommandTimeout='30']
SELECT [m2].[Id], [m2].[BackdropUrl], [m2].[Budget], [m2].[CreatedBy], [m2].[CreatedDate], [m2].[ImdbUrl], [m2].[OriginalLanguage], [m2].[Overview], [m2].[PosterUrl], [m2].[Price], [m2].[ReleaseDate], [m2].[Revenue], [m2].[Runtime], [m2].[Tagline], [m2].[Title], [m2].[TmdbUrl], [m2].[UpdatedBy], [m2].[UpdatedDate], [s].[MovieId], [s].[GenreId], [s].[Id], [s].[Name], [s0].[MovieId], [s0].[CastId], [s0].[Character], [s0].[Id], [s0].[Gender], [s0].[Name], [s0].[ProfilePath], [s0].[TmdbUrl], [t].[Id], [t].[MovieId], [t].[Name], [t].[TrailerUrl]
FROM (
    SELECT TOP(1) [m].[Id], [m].[BackdropUrl], [m].[Budget], [m].[CreatedBy], [m].[CreatedDate], [m].[ImdbUrl], [m].[OriginalLanguage], [m].[Overview], [m].[PosterUrl], [m].[Price], [m].[ReleaseDate], [m].[Revenue], [m].[Runtime], [m].[Tagline], [m].[Title], [m].[TmdbUrl], [m].[UpdatedBy], [m].[UpdatedDate]
    FROM [Movie] AS [m]
    WHERE [m].[Id] = @__id_0
) AS [m2]
LEFT JOIN (
    SELECT [m0].[MovieId], [m0].[GenreId], [g].[Id], [g].[Name]
    FROM [MovieGenre] AS [m0]
    INNER JOIN [Genre] AS [g] ON [m0].[GenreId] = [g].[Id]
) AS [s] ON [m2].[Id] = [s].[MovieId]
LEFT JOIN (
    SELECT [m1].[MovieId], [m1].[CastId], [m1].[Character], [c].[Id], [c].[Gender], [c].[Name], [c].[ProfilePath], [c].[TmdbUrl]
    FROM [MovieCast] AS [m1]
    INNER JOIN [Cast] AS [c] ON [m1].[CastId] = [c].[Id]
) AS [s0] ON [m2].[Id] = [s0].[MovieId]
LEFT JOIN [Trailer] AS [t] ON [m2].[Id] = [t].[MovieId]
ORDER BY [m2].[Id], [s].[MovieId], [s].[GenreId], [s].[Id], [s0].[MovieId], [s0].[CastId], [s0].[Character], [s0].[Id]
2025-11-02 01:42:36.567 -05:00 [INF] Executed DbCommand (2ms) [Parameters=[@__id_0='?' (DbType = Int32)], CommandType='"Text"', CommandTimeout='30']
SELECT AVG([r].[Rating])
FROM [Review] AS [r]
WHERE [r].[MovieId] = @__id_0
2025-11-02 01:42:36.573 -05:00 [INF] Executing ViewResult, running view Details.
2025-11-02 01:42:36.582 -05:00 [INF] Executed ViewResult - view Details executed in 9.5104ms.
2025-11-02 01:42:36.584 -05:00 [INF] Executed action MovieShopMVC.Controllers.MoviesController.Details (MovieShopMVC) in 179.4497ms
2025-11-02 01:42:36.585 -05:00 [INF] Executed endpoint 'MovieShopMVC.Controllers.MoviesController.Details (MovieShopMVC)'
2025-11-02 01:42:36.585 -05:00 [INF] HTTP GET /Movies/Details/6 responded 200 in 190.9825 ms
2025-11-02 01:42:36.612 -05:00 [ERR] An unhandled exception has occurred while executing the request.
System.InvalidOperationException: StatusCode cannot be set because the response has already started.
   at Microsoft.AspNetCore.Server.Kestrel.Core.Internal.Http.HttpProtocol.ThrowResponseAlreadyStartedException(String value)
   at Microsoft.AspNetCore.Server.Kestrel.Core.Internal.Http.HttpProtocol.set_StatusCode(Int32 value)
   at Microsoft.AspNetCore.Http.DefaultHttpResponse.Redirect(String location, Boolean permanent)
   at MovieShopMVC.Middlewares.MovieShopExceptionMiddleware.Invoke(HttpContext httpContext) in C:\Users\YJ\Desktop\MovieShop\MovieShopMVC\Middlewares\MovieShopExceptionMiddleware.cs:line 42
   at Microsoft.AspNetCore.Diagnostics.DeveloperExceptionPageMiddlewareImpl.Invoke(HttpContext context)
2025-11-02 01:42:36.613 -05:00 [INF] Request starting HTTP/2 GET https://localhost:7145/_vs/browserLink - null null
2025-11-02 01:42:36.613 -05:00 [INF] Request starting HTTP/2 GET https://localhost:7145/_framework/aspnetcore-browser-refresh.js - null null
2025-11-02 01:42:36.615 -05:00 [WRN] The response has already started, the error page middleware will not be executed.
2025-11-02 01:42:36.623 -05:00 [INF] Request finished HTTP/2 GET https://localhost:7145/_framework/aspnetcore-browser-refresh.js - 200 16509 application/javascript; charset=utf-8 9.7411ms
2025-11-02 01:42:36.624 -05:00 [ERR] Connection id "0HNGPRC0FN322", Request id "0HNGPRC0FN322:00000007": An unhandled exception was thrown by the application.
System.InvalidOperationException: StatusCode cannot be set because the response has already started.
   at Microsoft.AspNetCore.Server.Kestrel.Core.Internal.Http.HttpProtocol.ThrowResponseAlreadyStartedException(String value)
   at Microsoft.AspNetCore.Server.Kestrel.Core.Internal.Http.HttpProtocol.set_StatusCode(Int32 value)
   at Microsoft.AspNetCore.Http.DefaultHttpResponse.Redirect(String location, Boolean permanent)
   at MovieShopMVC.Middlewares.MovieShopExceptionMiddleware.Invoke(HttpContext httpContext) in C:\Users\YJ\Desktop\MovieShop\MovieShopMVC\Middlewares\MovieShopExceptionMiddleware.cs:line 42
   at Microsoft.AspNetCore.Diagnostics.DeveloperExceptionPageMiddlewareImpl.Invoke(HttpContext context)
   at Microsoft.AspNetCore.Diagnostics.DeveloperExceptionPageMiddlewareImpl.Invoke(HttpContext context)
   at Microsoft.WebTools.BrowserLink.Net.BrowserLinkMiddleware.InvokeAsync(HttpContext context)
   at Microsoft.AspNetCore.Watch.BrowserRefresh.BrowserRefreshMiddleware.InvokeAsync(HttpContext context)
   at Microsoft.AspNetCore.Server.Kestrel.Core.Internal.Http.HttpProtocol.ProcessRequests[TContext](IHttpApplication`1 application)
2025-11-02 01:42:36.632 -05:00 [INF] Request finished HTTP/2 GET https://localhost:7145/Movies/Details/6 - 200 null text/html; charset=utf-8 242.6203ms
2025-11-02 01:42:36.637 -05:00 [INF] Request finished HTTP/2 GET https://localhost:7145/_vs/browserLink - 200 null text/javascript; charset=UTF-8 23.3569ms
2025-11-02 01:49:02.335 -05:00 [INF] User profile is available. Using 'C:\Users\YJ\AppData\Local\ASP.NET\DataProtection-Keys' as key repository and Windows DPAPI to encrypt keys at rest.
2025-11-02 01:49:02.477 -05:00 [INF] Now listening on: https://localhost:7145
2025-11-02 01:49:02.478 -05:00 [INF] Now listening on: http://localhost:5073
2025-11-02 01:49:02.513 -05:00 [INF] Application started. Press Ctrl+C to shut down.
2025-11-02 01:49:02.514 -05:00 [INF] Hosting environment: Development
2025-11-02 01:49:02.514 -05:00 [INF] Content root path: C:\Users\YJ\Desktop\MovieShop\MovieShopMVC
2025-11-02 01:49:02.979 -05:00 [INF] Request starting HTTP/2 GET https://localhost:7145/ - null null
2025-11-02 01:49:03.060 -05:00 [INF] Executing endpoint 'MovieShopMVC.Controllers.HomeController.Index (MovieShopMVC)'
2025-11-02 01:49:03.086 -05:00 [INF] Route matched with {action = "Index", controller = "Home"}. Executing controller action with signature System.Threading.Tasks.Task`1[Microsoft.AspNetCore.Mvc.IActionResult] Index() on controller MovieShopMVC.Controllers.HomeController (MovieShopMVC).
2025-11-02 01:49:03.952 -05:00 [INF] Executed DbCommand (79ms) [Parameters=[@__p_0='?' (DbType = Int32)], CommandType='"Text"', CommandTimeout='30']
SELECT TOP(@__p_0) [m].[Id], [m].[BackdropUrl], [m].[Budget], [m].[CreatedBy], [m].[CreatedDate], [m].[ImdbUrl], [m].[OriginalLanguage], [m].[Overview], [m].[PosterUrl], [m].[Price], [m].[ReleaseDate], [m].[Revenue], [m].[Runtime], [m].[Tagline], [m].[Title], [m].[TmdbUrl], [m].[UpdatedBy], [m].[UpdatedDate]
FROM [Movie] AS [m]
ORDER BY [m].[Revenue] DESC
2025-11-02 01:49:04.035 -05:00 [INF] Executing ViewResult, running view Index.
2025-11-02 01:49:04.106 -05:00 [INF] Executed ViewResult - view Index executed in 71.6129ms.
2025-11-02 01:49:04.109 -05:00 [INF] Executed action MovieShopMVC.Controllers.HomeController.Index (MovieShopMVC) in 1021.2384ms
2025-11-02 01:49:04.111 -05:00 [INF] Executed endpoint 'MovieShopMVC.Controllers.HomeController.Index (MovieShopMVC)'
2025-11-02 01:49:04.113 -05:00 [INF] HTTP GET / responded 200 in 1069.4395 ms
2025-11-02 01:49:04.168 -05:00 [INF] Request starting HTTP/2 GET https://localhost:7145/_vs/browserLink - null null
2025-11-02 01:49:04.168 -05:00 [INF] Request starting HTTP/2 GET https://localhost:7145/_framework/aspnetcore-browser-refresh.js - null null
2025-11-02 01:49:04.168 -05:00 [ERR] An unhandled exception has occurred while executing the request.
System.InvalidOperationException: StatusCode cannot be set because the response has already started.
   at Microsoft.AspNetCore.Server.Kestrel.Core.Internal.Http.HttpProtocol.ThrowResponseAlreadyStartedException(String value)
   at Microsoft.AspNetCore.Server.Kestrel.Core.Internal.Http.HttpProtocol.set_StatusCode(Int32 value)
   at Microsoft.AspNetCore.Http.DefaultHttpResponse.Redirect(String location, Boolean permanent)
   at MovieShopMVC.Middlewares.MovieShopExceptionMiddleware.Invoke(HttpContext httpContext) in C:\Users\YJ\Desktop\MovieShop\MovieShopMVC\Middlewares\MovieShopExceptionMiddleware.cs:line 42
   at Microsoft.AspNetCore.Diagnostics.DeveloperExceptionPageMiddlewareImpl.Invoke(HttpContext context)
2025-11-02 01:49:04.184 -05:00 [INF] Request finished HTTP/2 GET https://localhost:7145/_framework/aspnetcore-browser-refresh.js - 200 16509 application/javascript; charset=utf-8 16.0985ms
2025-11-02 01:49:04.201 -05:00 [INF] Request finished HTTP/2 GET https://localhost:7145/_vs/browserLink - 200 null text/javascript; charset=UTF-8 33.6299ms
2025-11-02 01:49:04.203 -05:00 [WRN] The response has already started, the error page middleware will not be executed.
2025-11-02 01:49:04.206 -05:00 [ERR] Connection id "0HNGPRFKCOT3G", Request id "0HNGPRFKCOT3G:00000001": An unhandled exception was thrown by the application.
System.InvalidOperationException: StatusCode cannot be set because the response has already started.
   at Microsoft.AspNetCore.Server.Kestrel.Core.Internal.Http.HttpProtocol.ThrowResponseAlreadyStartedException(String value)
   at Microsoft.AspNetCore.Server.Kestrel.Core.Internal.Http.HttpProtocol.set_StatusCode(Int32 value)
   at Microsoft.AspNetCore.Http.DefaultHttpResponse.Redirect(String location, Boolean permanent)
   at MovieShopMVC.Middlewares.MovieShopExceptionMiddleware.Invoke(HttpContext httpContext) in C:\Users\YJ\Desktop\MovieShop\MovieShopMVC\Middlewares\MovieShopExceptionMiddleware.cs:line 42
   at Microsoft.AspNetCore.Diagnostics.DeveloperExceptionPageMiddlewareImpl.Invoke(HttpContext context)
   at Microsoft.AspNetCore.Diagnostics.DeveloperExceptionPageMiddlewareImpl.Invoke(HttpContext context)
   at Microsoft.WebTools.BrowserLink.Net.BrowserLinkMiddleware.InvokeAsync(HttpContext context)
   at Microsoft.AspNetCore.Watch.BrowserRefresh.BrowserRefreshMiddleware.InvokeAsync(HttpContext context)
   at Microsoft.AspNetCore.Server.Kestrel.Core.Internal.Http.HttpProtocol.ProcessRequests[TContext](IHttpApplication`1 application)
2025-11-02 01:49:04.216 -05:00 [INF] Request finished HTTP/2 GET https://localhost:7145/ - 200 null text/html; charset=utf-8 1241.8636ms
2025-11-02 01:50:17.386 -05:00 [INF] Request starting HTTP/2 GET https://localhost:7145/Movies/Details/252 - null null
2025-11-02 01:50:17.405 -05:00 [INF] Executing endpoint 'MovieShopMVC.Controllers.MoviesController.Details (MovieShopMVC)'
2025-11-02 01:50:17.417 -05:00 [INF] Route matched with {action = "Details", controller = "Movies"}. Executing controller action with signature System.Threading.Tasks.Task`1[Microsoft.AspNetCore.Mvc.IActionResult] Details(Int32) on controller MovieShopMVC.Controllers.MoviesController (MovieShopMVC).
2025-11-02 01:50:17.554 -05:00 [WRN] Compiling a query which loads related collections for more than one collection navigation, either via 'Include' or through projection, but no 'QuerySplittingBehavior' has been configured. By default, Entity Framework will use 'QuerySplittingBehavior.SingleQuery', which can potentially result in slow query performance. See https://go.microsoft.com/fwlink/?linkid=2134277 for more information. To identify the query that's triggering this warning call 'ConfigureWarnings(w => w.Throw(RelationalEventId.MultipleCollectionIncludeWarning))'.
2025-11-02 01:50:17.589 -05:00 [INF] Executed DbCommand (3ms) [Parameters=[@__id_0='?' (DbType = Int32)], CommandType='"Text"', CommandTimeout='30']
SELECT [m2].[Id], [m2].[BackdropUrl], [m2].[Budget], [m2].[CreatedBy], [m2].[CreatedDate], [m2].[ImdbUrl], [m2].[OriginalLanguage], [m2].[Overview], [m2].[PosterUrl], [m2].[Price], [m2].[ReleaseDate], [m2].[Revenue], [m2].[Runtime], [m2].[Tagline], [m2].[Title], [m2].[TmdbUrl], [m2].[UpdatedBy], [m2].[UpdatedDate], [s].[MovieId], [s].[GenreId], [s].[Id], [s].[Name], [s0].[MovieId], [s0].[CastId], [s0].[Character], [s0].[Id], [s0].[Gender], [s0].[Name], [s0].[ProfilePath], [s0].[TmdbUrl], [t].[Id], [t].[MovieId], [t].[Name], [t].[TrailerUrl]
FROM (
    SELECT TOP(1) [m].[Id], [m].[BackdropUrl], [m].[Budget], [m].[CreatedBy], [m].[CreatedDate], [m].[ImdbUrl], [m].[OriginalLanguage], [m].[Overview], [m].[PosterUrl], [m].[Price], [m].[ReleaseDate], [m].[Revenue], [m].[Runtime], [m].[Tagline], [m].[Title], [m].[TmdbUrl], [m].[UpdatedBy], [m].[UpdatedDate]
    FROM [Movie] AS [m]
    WHERE [m].[Id] = @__id_0
) AS [m2]
LEFT JOIN (
    SELECT [m0].[MovieId], [m0].[GenreId], [g].[Id], [g].[Name]
    FROM [MovieGenre] AS [m0]
    INNER JOIN [Genre] AS [g] ON [m0].[GenreId] = [g].[Id]
) AS [s] ON [m2].[Id] = [s].[MovieId]
LEFT JOIN (
    SELECT [m1].[MovieId], [m1].[CastId], [m1].[Character], [c].[Id], [c].[Gender], [c].[Name], [c].[ProfilePath], [c].[TmdbUrl]
    FROM [MovieCast] AS [m1]
    INNER JOIN [Cast] AS [c] ON [m1].[CastId] = [c].[Id]
) AS [s0] ON [m2].[Id] = [s0].[MovieId]
LEFT JOIN [Trailer] AS [t] ON [m2].[Id] = [t].[MovieId]
ORDER BY [m2].[Id], [s].[MovieId], [s].[GenreId], [s].[Id], [s0].[MovieId], [s0].[CastId], [s0].[Character], [s0].[Id]
2025-11-02 01:50:17.677 -05:00 [INF] Executed DbCommand (3ms) [Parameters=[@__id_0='?' (DbType = Int32)], CommandType='"Text"', CommandTimeout='30']
SELECT AVG([r].[Rating])
FROM [Review] AS [r]
WHERE [r].[MovieId] = @__id_0
2025-11-02 01:50:17.688 -05:00 [INF] Executing ViewResult, running view Details.
2025-11-02 01:50:17.705 -05:00 [INF] Executed ViewResult - view Details executed in 18.7714ms.
2025-11-02 01:50:17.707 -05:00 [INF] Executed action MovieShopMVC.Controllers.MoviesController.Details (MovieShopMVC) in 288.609ms
2025-11-02 01:50:17.708 -05:00 [INF] Executed endpoint 'MovieShopMVC.Controllers.MoviesController.Details (MovieShopMVC)'
2025-11-02 01:50:17.709 -05:00 [INF] HTTP GET /Movies/Details/252 responded 200 in 309.3872 ms
2025-11-02 01:50:17.734 -05:00 [ERR] An unhandled exception has occurred while executing the request.
System.InvalidOperationException: StatusCode cannot be set because the response has already started.
   at Microsoft.AspNetCore.Server.Kestrel.Core.Internal.Http.HttpProtocol.ThrowResponseAlreadyStartedException(String value)
   at Microsoft.AspNetCore.Server.Kestrel.Core.Internal.Http.HttpProtocol.set_StatusCode(Int32 value)
   at Microsoft.AspNetCore.Http.DefaultHttpResponse.Redirect(String location, Boolean permanent)
   at MovieShopMVC.Middlewares.MovieShopExceptionMiddleware.Invoke(HttpContext httpContext) in C:\Users\YJ\Desktop\MovieShop\MovieShopMVC\Middlewares\MovieShopExceptionMiddleware.cs:line 42
   at Microsoft.AspNetCore.Diagnostics.DeveloperExceptionPageMiddlewareImpl.Invoke(HttpContext context)
2025-11-02 01:50:17.737 -05:00 [WRN] The response has already started, the error page middleware will not be executed.
2025-11-02 01:50:17.739 -05:00 [ERR] Connection id "0HNGPRFKCOT3G", Request id "0HNGPRFKCOT3G:00000007": An unhandled exception was thrown by the application.
System.InvalidOperationException: StatusCode cannot be set because the response has already started.
   at Microsoft.AspNetCore.Server.Kestrel.Core.Internal.Http.HttpProtocol.ThrowResponseAlreadyStartedException(String value)
   at Microsoft.AspNetCore.Server.Kestrel.Core.Internal.Http.HttpProtocol.set_StatusCode(Int32 value)
   at Microsoft.AspNetCore.Http.DefaultHttpResponse.Redirect(String location, Boolean permanent)
   at MovieShopMVC.Middlewares.MovieShopExceptionMiddleware.Invoke(HttpContext httpContext) in C:\Users\YJ\Desktop\MovieShop\MovieShopMVC\Middlewares\MovieShopExceptionMiddleware.cs:line 42
   at Microsoft.AspNetCore.Diagnostics.DeveloperExceptionPageMiddlewareImpl.Invoke(HttpContext context)
   at Microsoft.AspNetCore.Diagnostics.DeveloperExceptionPageMiddlewareImpl.Invoke(HttpContext context)
   at Microsoft.WebTools.BrowserLink.Net.BrowserLinkMiddleware.InvokeAsync(HttpContext context)
   at Microsoft.AspNetCore.Watch.BrowserRefresh.BrowserRefreshMiddleware.InvokeAsync(HttpContext context)
   at Microsoft.AspNetCore.Server.Kestrel.Core.Internal.Http.HttpProtocol.ProcessRequests[TContext](IHttpApplication`1 application)
2025-11-02 01:50:17.743 -05:00 [INF] Request finished HTTP/2 GET https://localhost:7145/Movies/Details/252 - 200 null text/html; charset=utf-8 357.2108ms
2025-11-02 01:50:17.744 -05:00 [INF] Request starting HTTP/2 GET https://localhost:7145/_framework/aspnetcore-browser-refresh.js - null null
2025-11-02 01:50:17.746 -05:00 [INF] Request starting HTTP/2 GET https://localhost:7145/_vs/browserLink - null null
2025-11-02 01:50:17.749 -05:00 [INF] Request finished HTTP/2 GET https://localhost:7145/_framework/aspnetcore-browser-refresh.js - 200 16509 application/javascript; charset=utf-8 5.7995ms
2025-11-02 01:50:17.769 -05:00 [INF] Request finished HTTP/2 GET https://localhost:7145/_vs/browserLink - 200 null text/javascript; charset=UTF-8 23.3864ms
2025-11-02 01:50:23.772 -05:00 [INF] Request starting HTTP/2 GET https://localhost:7145/ - null null
2025-11-02 01:50:23.779 -05:00 [INF] Executing endpoint 'MovieShopMVC.Controllers.HomeController.Index (MovieShopMVC)'
2025-11-02 01:50:23.780 -05:00 [INF] Route matched with {action = "Index", controller = "Home"}. Executing controller action with signature System.Threading.Tasks.Task`1[Microsoft.AspNetCore.Mvc.IActionResult] Index() on controller MovieShopMVC.Controllers.HomeController (MovieShopMVC).
2025-11-02 01:50:23.877 -05:00 [INF] Executed DbCommand (39ms) [Parameters=[@__p_0='?' (DbType = Int32)], CommandType='"Text"', CommandTimeout='30']
SELECT TOP(@__p_0) [m].[Id], [m].[BackdropUrl], [m].[Budget], [m].[CreatedBy], [m].[CreatedDate], [m].[ImdbUrl], [m].[OriginalLanguage], [m].[Overview], [m].[PosterUrl], [m].[Price], [m].[ReleaseDate], [m].[Revenue], [m].[Runtime], [m].[Tagline], [m].[Title], [m].[TmdbUrl], [m].[UpdatedBy], [m].[UpdatedDate]
FROM [Movie] AS [m]
ORDER BY [m].[Revenue] DESC
2025-11-02 01:50:23.883 -05:00 [INF] Executing ViewResult, running view Index.
2025-11-02 01:50:23.888 -05:00 [INF] Executed ViewResult - view Index executed in 4.7484ms.
2025-11-02 01:50:23.889 -05:00 [INF] Executed action MovieShopMVC.Controllers.HomeController.Index (MovieShopMVC) in 108.1304ms
2025-11-02 01:50:23.890 -05:00 [INF] Executed endpoint 'MovieShopMVC.Controllers.HomeController.Index (MovieShopMVC)'
2025-11-02 01:50:23.890 -05:00 [INF] HTTP GET / responded 200 in 113.3739 ms
2025-11-02 01:50:23.921 -05:00 [ERR] An unhandled exception has occurred while executing the request.
System.InvalidOperationException: StatusCode cannot be set because the response has already started.
   at Microsoft.AspNetCore.Server.Kestrel.Core.Internal.Http.HttpProtocol.ThrowResponseAlreadyStartedException(String value)
   at Microsoft.AspNetCore.Server.Kestrel.Core.Internal.Http.HttpProtocol.set_StatusCode(Int32 value)
   at Microsoft.AspNetCore.Http.DefaultHttpResponse.Redirect(String location, Boolean permanent)
   at MovieShopMVC.Middlewares.MovieShopExceptionMiddleware.Invoke(HttpContext httpContext) in C:\Users\YJ\Desktop\MovieShop\MovieShopMVC\Middlewares\MovieShopExceptionMiddleware.cs:line 42
   at Microsoft.AspNetCore.Diagnostics.DeveloperExceptionPageMiddlewareImpl.Invoke(HttpContext context)
2025-11-02 01:50:23.924 -05:00 [WRN] The response has already started, the error page middleware will not be executed.
2025-11-02 01:50:23.926 -05:00 [ERR] Connection id "0HNGPRFKCOT3G", Request id "0HNGPRFKCOT3G:0000000D": An unhandled exception was thrown by the application.
System.InvalidOperationException: StatusCode cannot be set because the response has already started.
   at Microsoft.AspNetCore.Server.Kestrel.Core.Internal.Http.HttpProtocol.ThrowResponseAlreadyStartedException(String value)
   at Microsoft.AspNetCore.Server.Kestrel.Core.Internal.Http.HttpProtocol.set_StatusCode(Int32 value)
   at Microsoft.AspNetCore.Http.DefaultHttpResponse.Redirect(String location, Boolean permanent)
   at MovieShopMVC.Middlewares.MovieShopExceptionMiddleware.Invoke(HttpContext httpContext) in C:\Users\YJ\Desktop\MovieShop\MovieShopMVC\Middlewares\MovieShopExceptionMiddleware.cs:line 42
   at Microsoft.AspNetCore.Diagnostics.DeveloperExceptionPageMiddlewareImpl.Invoke(HttpContext context)
   at Microsoft.AspNetCore.Diagnostics.DeveloperExceptionPageMiddlewareImpl.Invoke(HttpContext context)
   at Microsoft.WebTools.BrowserLink.Net.BrowserLinkMiddleware.InvokeAsync(HttpContext context)
   at Microsoft.AspNetCore.Watch.BrowserRefresh.BrowserRefreshMiddleware.InvokeAsync(HttpContext context)
   at Microsoft.AspNetCore.Server.Kestrel.Core.Internal.Http.HttpProtocol.ProcessRequests[TContext](IHttpApplication`1 application)
2025-11-02 01:50:23.928 -05:00 [INF] Request starting HTTP/2 GET https://localhost:7145/_framework/aspnetcore-browser-refresh.js - null null
2025-11-02 01:50:23.930 -05:00 [INF] Request finished HTTP/2 GET https://localhost:7145/ - 200 null text/html; charset=utf-8 158.2251ms
2025-11-02 01:50:23.932 -05:00 [INF] Request finished HTTP/2 GET https://localhost:7145/_framework/aspnetcore-browser-refresh.js - 200 16509 application/javascript; charset=utf-8 4.3418ms
2025-11-02 01:50:34.601 -05:00 [INF] Request starting HTTP/2 GET https://localhost:7145/Movies/Details/29 - null null
2025-11-02 01:50:34.607 -05:00 [INF] Executing endpoint 'MovieShopMVC.Controllers.MoviesController.Details (MovieShopMVC)'
2025-11-02 01:50:34.608 -05:00 [INF] Route matched with {action = "Details", controller = "Movies"}. Executing controller action with signature System.Threading.Tasks.Task`1[Microsoft.AspNetCore.Mvc.IActionResult] Details(Int32) on controller MovieShopMVC.Controllers.MoviesController (MovieShopMVC).
2025-11-02 01:50:34.613 -05:00 [INF] Executed DbCommand (2ms) [Parameters=[@__id_0='?' (DbType = Int32)], CommandType='"Text"', CommandTimeout='30']
SELECT [m2].[Id], [m2].[BackdropUrl], [m2].[Budget], [m2].[CreatedBy], [m2].[CreatedDate], [m2].[ImdbUrl], [m2].[OriginalLanguage], [m2].[Overview], [m2].[PosterUrl], [m2].[Price], [m2].[ReleaseDate], [m2].[Revenue], [m2].[Runtime], [m2].[Tagline], [m2].[Title], [m2].[TmdbUrl], [m2].[UpdatedBy], [m2].[UpdatedDate], [s].[MovieId], [s].[GenreId], [s].[Id], [s].[Name], [s0].[MovieId], [s0].[CastId], [s0].[Character], [s0].[Id], [s0].[Gender], [s0].[Name], [s0].[ProfilePath], [s0].[TmdbUrl], [t].[Id], [t].[MovieId], [t].[Name], [t].[TrailerUrl]
FROM (
    SELECT TOP(1) [m].[Id], [m].[BackdropUrl], [m].[Budget], [m].[CreatedBy], [m].[CreatedDate], [m].[ImdbUrl], [m].[OriginalLanguage], [m].[Overview], [m].[PosterUrl], [m].[Price], [m].[ReleaseDate], [m].[Revenue], [m].[Runtime], [m].[Tagline], [m].[Title], [m].[TmdbUrl], [m].[UpdatedBy], [m].[UpdatedDate]
    FROM [Movie] AS [m]
    WHERE [m].[Id] = @__id_0
) AS [m2]
LEFT JOIN (
    SELECT [m0].[MovieId], [m0].[GenreId], [g].[Id], [g].[Name]
    FROM [MovieGenre] AS [m0]
    INNER JOIN [Genre] AS [g] ON [m0].[GenreId] = [g].[Id]
) AS [s] ON [m2].[Id] = [s].[MovieId]
LEFT JOIN (
    SELECT [m1].[MovieId], [m1].[CastId], [m1].[Character], [c].[Id], [c].[Gender], [c].[Name], [c].[ProfilePath], [c].[TmdbUrl]
    FROM [MovieCast] AS [m1]
    INNER JOIN [Cast] AS [c] ON [m1].[CastId] = [c].[Id]
) AS [s0] ON [m2].[Id] = [s0].[MovieId]
LEFT JOIN [Trailer] AS [t] ON [m2].[Id] = [t].[MovieId]
ORDER BY [m2].[Id], [s].[MovieId], [s].[GenreId], [s].[Id], [s0].[MovieId], [s0].[CastId], [s0].[Character], [s0].[Id]
2025-11-02 01:50:34.622 -05:00 [INF] Executed DbCommand (1ms) [Parameters=[@__id_0='?' (DbType = Int32)], CommandType='"Text"', CommandTimeout='30']
SELECT AVG([r].[Rating])
FROM [Review] AS [r]
WHERE [r].[MovieId] = @__id_0
2025-11-02 01:50:34.624 -05:00 [INF] Executing ViewResult, running view Details.
2025-11-02 01:50:34.627 -05:00 [INF] Executed ViewResult - view Details executed in 3.4162ms.
2025-11-02 01:50:34.629 -05:00 [INF] Executed action MovieShopMVC.Controllers.MoviesController.Details (MovieShopMVC) in 19.0856ms
2025-11-02 01:50:34.630 -05:00 [INF] Executed endpoint 'MovieShopMVC.Controllers.MoviesController.Details (MovieShopMVC)'
2025-11-02 01:50:34.631 -05:00 [INF] HTTP GET /Movies/Details/29 responded 200 in 24.4545 ms
2025-11-02 01:50:34.646 -05:00 [ERR] An unhandled exception has occurred while executing the request.
System.InvalidOperationException: StatusCode cannot be set because the response has already started.
   at Microsoft.AspNetCore.Server.Kestrel.Core.Internal.Http.HttpProtocol.ThrowResponseAlreadyStartedException(String value)
   at Microsoft.AspNetCore.Server.Kestrel.Core.Internal.Http.HttpProtocol.set_StatusCode(Int32 value)
   at Microsoft.AspNetCore.Http.DefaultHttpResponse.Redirect(String location, Boolean permanent)
   at MovieShopMVC.Middlewares.MovieShopExceptionMiddleware.Invoke(HttpContext httpContext) in C:\Users\YJ\Desktop\MovieShop\MovieShopMVC\Middlewares\MovieShopExceptionMiddleware.cs:line 42
   at Microsoft.AspNetCore.Diagnostics.DeveloperExceptionPageMiddlewareImpl.Invoke(HttpContext context)
2025-11-02 01:50:34.648 -05:00 [WRN] The response has already started, the error page middleware will not be executed.
2025-11-02 01:50:34.649 -05:00 [ERR] Connection id "0HNGPRFKCOT3G", Request id "0HNGPRFKCOT3G:00000011": An unhandled exception was thrown by the application.
System.InvalidOperationException: StatusCode cannot be set because the response has already started.
   at Microsoft.AspNetCore.Server.Kestrel.Core.Internal.Http.HttpProtocol.ThrowResponseAlreadyStartedException(String value)
   at Microsoft.AspNetCore.Server.Kestrel.Core.Internal.Http.HttpProtocol.set_StatusCode(Int32 value)
   at Microsoft.AspNetCore.Http.DefaultHttpResponse.Redirect(String location, Boolean permanent)
   at MovieShopMVC.Middlewares.MovieShopExceptionMiddleware.Invoke(HttpContext httpContext) in C:\Users\YJ\Desktop\MovieShop\MovieShopMVC\Middlewares\MovieShopExceptionMiddleware.cs:line 42
   at Microsoft.AspNetCore.Diagnostics.DeveloperExceptionPageMiddlewareImpl.Invoke(HttpContext context)
   at Microsoft.AspNetCore.Diagnostics.DeveloperExceptionPageMiddlewareImpl.Invoke(HttpContext context)
   at Microsoft.WebTools.BrowserLink.Net.BrowserLinkMiddleware.InvokeAsync(HttpContext context)
   at Microsoft.AspNetCore.Watch.BrowserRefresh.BrowserRefreshMiddleware.InvokeAsync(HttpContext context)
   at Microsoft.AspNetCore.Server.Kestrel.Core.Internal.Http.HttpProtocol.ProcessRequests[TContext](IHttpApplication`1 application)
2025-11-02 01:50:34.652 -05:00 [INF] Request finished HTTP/2 GET https://localhost:7145/Movies/Details/29 - 200 null text/html; charset=utf-8 50.9862ms
2025-11-02 01:50:34.670 -05:00 [INF] Request starting HTTP/2 GET https://localhost:7145/_framework/aspnetcore-browser-refresh.js - null null
2025-11-02 01:50:34.670 -05:00 [INF] Request starting HTTP/2 GET https://localhost:7145/_vs/browserLink - null null
2025-11-02 01:50:34.672 -05:00 [INF] Request finished HTTP/2 GET https://localhost:7145/_framework/aspnetcore-browser-refresh.js - 200 16509 application/javascript; charset=utf-8 3.3583ms
2025-11-02 01:50:34.682 -05:00 [INF] Request finished HTTP/2 GET https://localhost:7145/_vs/browserLink - 200 null text/javascript; charset=UTF-8 12.1678ms
2025-11-02 01:58:32.178 -05:00 [INF] User profile is available. Using 'C:\Users\YJ\AppData\Local\ASP.NET\DataProtection-Keys' as key repository and Windows DPAPI to encrypt keys at rest.
2025-11-02 01:58:32.312 -05:00 [INF] Now listening on: https://localhost:7145
2025-11-02 01:58:32.313 -05:00 [INF] Now listening on: http://localhost:5073
2025-11-02 01:58:32.350 -05:00 [INF] Application started. Press Ctrl+C to shut down.
2025-11-02 01:58:32.351 -05:00 [INF] Hosting environment: Development
2025-11-02 01:58:32.352 -05:00 [INF] Content root path: C:\Users\YJ\Desktop\MovieShop\MovieShopMVC
2025-11-02 01:58:32.626 -05:00 [INF] Request starting HTTP/2 GET https://localhost:7145/ - null null
2025-11-02 01:58:32.705 -05:00 [INF] Executing endpoint 'MovieShopMVC.Controllers.HomeController.Index (MovieShopMVC)'
2025-11-02 01:58:32.730 -05:00 [INF] Route matched with {action = "Index", controller = "Home"}. Executing controller action with signature System.Threading.Tasks.Task`1[Microsoft.AspNetCore.Mvc.IActionResult] Index() on controller MovieShopMVC.Controllers.HomeController (MovieShopMVC).
2025-11-02 01:58:33.571 -05:00 [INF] Executed DbCommand (67ms) [Parameters=[@__p_0='?' (DbType = Int32)], CommandType='"Text"', CommandTimeout='30']
SELECT TOP(@__p_0) [m].[Id], [m].[BackdropUrl], [m].[Budget], [m].[CreatedBy], [m].[CreatedDate], [m].[ImdbUrl], [m].[OriginalLanguage], [m].[Overview], [m].[PosterUrl], [m].[Price], [m].[ReleaseDate], [m].[Revenue], [m].[Runtime], [m].[Tagline], [m].[Title], [m].[TmdbUrl], [m].[UpdatedBy], [m].[UpdatedDate]
FROM [Movie] AS [m]
ORDER BY [m].[Revenue] DESC
2025-11-02 01:58:33.653 -05:00 [INF] Executing ViewResult, running view Index.
2025-11-02 01:58:33.716 -05:00 [INF] Executed ViewResult - view Index executed in 63.5815ms.
2025-11-02 01:58:33.719 -05:00 [INF] Executed action MovieShopMVC.Controllers.HomeController.Index (MovieShopMVC) in 987.0807ms
2025-11-02 01:58:33.720 -05:00 [INF] Executed endpoint 'MovieShopMVC.Controllers.HomeController.Index (MovieShopMVC)'
2025-11-02 01:58:33.722 -05:00 [INF] HTTP GET / responded 200 in 1035.8386 ms
2025-11-02 01:58:33.774 -05:00 [INF] Request starting HTTP/2 GET https://localhost:7145/_vs/browserLink - null null
2025-11-02 01:58:33.774 -05:00 [INF] Request starting HTTP/2 GET https://localhost:7145/_framework/aspnetcore-browser-refresh.js - null null
2025-11-02 01:58:33.774 -05:00 [ERR] An unhandled exception has occurred while executing the request.
System.InvalidOperationException: StatusCode cannot be set because the response has already started.
   at Microsoft.AspNetCore.Server.Kestrel.Core.Internal.Http.HttpProtocol.ThrowResponseAlreadyStartedException(String value)
   at Microsoft.AspNetCore.Server.Kestrel.Core.Internal.Http.HttpProtocol.set_StatusCode(Int32 value)
   at Microsoft.AspNetCore.Http.DefaultHttpResponse.Redirect(String location, Boolean permanent)
   at MovieShopMVC.Middlewares.MovieShopExceptionMiddleware.Invoke(HttpContext httpContext) in C:\Users\YJ\Desktop\MovieShop\MovieShopMVC\Middlewares\MovieShopExceptionMiddleware.cs:line 42
   at Microsoft.AspNetCore.Diagnostics.DeveloperExceptionPageMiddlewareImpl.Invoke(HttpContext context)
2025-11-02 01:58:33.792 -05:00 [INF] Request finished HTTP/2 GET https://localhost:7145/_framework/aspnetcore-browser-refresh.js - 200 16509 application/javascript; charset=utf-8 18.5481ms
2025-11-02 01:58:33.806 -05:00 [WRN] The response has already started, the error page middleware will not be executed.
2025-11-02 01:58:33.811 -05:00 [INF] Request finished HTTP/2 GET https://localhost:7145/_vs/browserLink - 200 null text/javascript; charset=UTF-8 38.4353ms
2025-11-02 01:58:33.812 -05:00 [ERR] Connection id "0HNGPRKU528JT", Request id "0HNGPRKU528JT:00000001": An unhandled exception was thrown by the application.
System.InvalidOperationException: StatusCode cannot be set because the response has already started.
   at Microsoft.AspNetCore.Server.Kestrel.Core.Internal.Http.HttpProtocol.ThrowResponseAlreadyStartedException(String value)
   at Microsoft.AspNetCore.Server.Kestrel.Core.Internal.Http.HttpProtocol.set_StatusCode(Int32 value)
   at Microsoft.AspNetCore.Http.DefaultHttpResponse.Redirect(String location, Boolean permanent)
   at MovieShopMVC.Middlewares.MovieShopExceptionMiddleware.Invoke(HttpContext httpContext) in C:\Users\YJ\Desktop\MovieShop\MovieShopMVC\Middlewares\MovieShopExceptionMiddleware.cs:line 42
   at Microsoft.AspNetCore.Diagnostics.DeveloperExceptionPageMiddlewareImpl.Invoke(HttpContext context)
   at Microsoft.AspNetCore.Diagnostics.DeveloperExceptionPageMiddlewareImpl.Invoke(HttpContext context)
   at Microsoft.WebTools.BrowserLink.Net.BrowserLinkMiddleware.InvokeAsync(HttpContext context)
   at Microsoft.AspNetCore.Watch.BrowserRefresh.BrowserRefreshMiddleware.InvokeAsync(HttpContext context)
   at Microsoft.AspNetCore.Server.Kestrel.Core.Internal.Http.HttpProtocol.ProcessRequests[TContext](IHttpApplication`1 application)
2025-11-02 01:58:33.824 -05:00 [INF] Request finished HTTP/2 GET https://localhost:7145/ - 200 null text/html; charset=utf-8 1203.0757ms
2025-11-02 01:58:34.519 -05:00 [INF] Request starting HTTP/2 GET https://localhost:7145/Movies/Details/6 - null null
2025-11-02 01:58:34.526 -05:00 [INF] Executing endpoint 'MovieShopMVC.Controllers.MoviesController.Details (MovieShopMVC)'
2025-11-02 01:58:34.533 -05:00 [INF] Route matched with {action = "Details", controller = "Movies"}. Executing controller action with signature System.Threading.Tasks.Task`1[Microsoft.AspNetCore.Mvc.IActionResult] Details(Int32) on controller MovieShopMVC.Controllers.MoviesController (MovieShopMVC).
2025-11-02 01:58:34.614 -05:00 [WRN] Compiling a query which loads related collections for more than one collection navigation, either via 'Include' or through projection, but no 'QuerySplittingBehavior' has been configured. By default, Entity Framework will use 'QuerySplittingBehavior.SingleQuery', which can potentially result in slow query performance. See https://go.microsoft.com/fwlink/?linkid=2134277 for more information. To identify the query that's triggering this warning call 'ConfigureWarnings(w => w.Throw(RelationalEventId.MultipleCollectionIncludeWarning))'.
2025-11-02 01:58:34.642 -05:00 [INF] Executed DbCommand (2ms) [Parameters=[@__id_0='?' (DbType = Int32)], CommandType='"Text"', CommandTimeout='30']
SELECT [m2].[Id], [m2].[BackdropUrl], [m2].[Budget], [m2].[CreatedBy], [m2].[CreatedDate], [m2].[ImdbUrl], [m2].[OriginalLanguage], [m2].[Overview], [m2].[PosterUrl], [m2].[Price], [m2].[ReleaseDate], [m2].[Revenue], [m2].[Runtime], [m2].[Tagline], [m2].[Title], [m2].[TmdbUrl], [m2].[UpdatedBy], [m2].[UpdatedDate], [s].[MovieId], [s].[GenreId], [s].[Id], [s].[Name], [s0].[MovieId], [s0].[CastId], [s0].[Character], [s0].[Id], [s0].[Gender], [s0].[Name], [s0].[ProfilePath], [s0].[TmdbUrl], [t].[Id], [t].[MovieId], [t].[Name], [t].[TrailerUrl]
FROM (
    SELECT TOP(1) [m].[Id], [m].[BackdropUrl], [m].[Budget], [m].[CreatedBy], [m].[CreatedDate], [m].[ImdbUrl], [m].[OriginalLanguage], [m].[Overview], [m].[PosterUrl], [m].[Price], [m].[ReleaseDate], [m].[Revenue], [m].[Runtime], [m].[Tagline], [m].[Title], [m].[TmdbUrl], [m].[UpdatedBy], [m].[UpdatedDate]
    FROM [Movie] AS [m]
    WHERE [m].[Id] = @__id_0
) AS [m2]
LEFT JOIN (
    SELECT [m0].[MovieId], [m0].[GenreId], [g].[Id], [g].[Name]
    FROM [MovieGenre] AS [m0]
    INNER JOIN [Genre] AS [g] ON [m0].[GenreId] = [g].[Id]
) AS [s] ON [m2].[Id] = [s].[MovieId]
LEFT JOIN (
    SELECT [m1].[MovieId], [m1].[CastId], [m1].[Character], [c].[Id], [c].[Gender], [c].[Name], [c].[ProfilePath], [c].[TmdbUrl]
    FROM [MovieCast] AS [m1]
    INNER JOIN [Cast] AS [c] ON [m1].[CastId] = [c].[Id]
) AS [s0] ON [m2].[Id] = [s0].[MovieId]
LEFT JOIN [Trailer] AS [t] ON [m2].[Id] = [t].[MovieId]
ORDER BY [m2].[Id], [s].[MovieId], [s].[GenreId], [s].[Id], [s0].[MovieId], [s0].[CastId], [s0].[Character], [s0].[Id]
2025-11-02 01:58:34.697 -05:00 [INF] Executed DbCommand (1ms) [Parameters=[@__id_0='?' (DbType = Int32)], CommandType='"Text"', CommandTimeout='30']
SELECT AVG([r].[Rating])
FROM [Review] AS [r]
WHERE [r].[MovieId] = @__id_0
2025-11-02 01:58:34.703 -05:00 [INF] Executing ViewResult, running view Details.
2025-11-02 01:58:34.715 -05:00 [INF] Executed ViewResult - view Details executed in 12.0047ms.
2025-11-02 01:58:34.716 -05:00 [INF] Executed action MovieShopMVC.Controllers.MoviesController.Details (MovieShopMVC) in 181.9167ms
2025-11-02 01:58:34.717 -05:00 [INF] Executed endpoint 'MovieShopMVC.Controllers.MoviesController.Details (MovieShopMVC)'
2025-11-02 01:58:34.718 -05:00 [INF] HTTP GET /Movies/Details/6 responded 200 in 193.4474 ms
2025-11-02 01:58:34.741 -05:00 [ERR] An unhandled exception has occurred while executing the request.
System.InvalidOperationException: StatusCode cannot be set because the response has already started.
   at Microsoft.AspNetCore.Server.Kestrel.Core.Internal.Http.HttpProtocol.ThrowResponseAlreadyStartedException(String value)
   at Microsoft.AspNetCore.Server.Kestrel.Core.Internal.Http.HttpProtocol.set_StatusCode(Int32 value)
   at Microsoft.AspNetCore.Http.DefaultHttpResponse.Redirect(String location, Boolean permanent)
   at MovieShopMVC.Middlewares.MovieShopExceptionMiddleware.Invoke(HttpContext httpContext) in C:\Users\YJ\Desktop\MovieShop\MovieShopMVC\Middlewares\MovieShopExceptionMiddleware.cs:line 42
   at Microsoft.AspNetCore.Diagnostics.DeveloperExceptionPageMiddlewareImpl.Invoke(HttpContext context)
2025-11-02 01:58:34.743 -05:00 [WRN] The response has already started, the error page middleware will not be executed.
2025-11-02 01:58:34.746 -05:00 [ERR] Connection id "0HNGPRKU528JT", Request id "0HNGPRKU528JT:00000007": An unhandled exception was thrown by the application.
System.InvalidOperationException: StatusCode cannot be set because the response has already started.
   at Microsoft.AspNetCore.Server.Kestrel.Core.Internal.Http.HttpProtocol.ThrowResponseAlreadyStartedException(String value)
   at Microsoft.AspNetCore.Server.Kestrel.Core.Internal.Http.HttpProtocol.set_StatusCode(Int32 value)
   at Microsoft.AspNetCore.Http.DefaultHttpResponse.Redirect(String location, Boolean permanent)
   at MovieShopMVC.Middlewares.MovieShopExceptionMiddleware.Invoke(HttpContext httpContext) in C:\Users\YJ\Desktop\MovieShop\MovieShopMVC\Middlewares\MovieShopExceptionMiddleware.cs:line 42
   at Microsoft.AspNetCore.Diagnostics.DeveloperExceptionPageMiddlewareImpl.Invoke(HttpContext context)
   at Microsoft.AspNetCore.Diagnostics.DeveloperExceptionPageMiddlewareImpl.Invoke(HttpContext context)
   at Microsoft.WebTools.BrowserLink.Net.BrowserLinkMiddleware.InvokeAsync(HttpContext context)
   at Microsoft.AspNetCore.Watch.BrowserRefresh.BrowserRefreshMiddleware.InvokeAsync(HttpContext context)
   at Microsoft.AspNetCore.Server.Kestrel.Core.Internal.Http.HttpProtocol.ProcessRequests[TContext](IHttpApplication`1 application)
2025-11-02 01:58:34.748 -05:00 [INF] Request starting HTTP/2 GET https://localhost:7145/_framework/aspnetcore-browser-refresh.js - null null
2025-11-02 01:58:34.749 -05:00 [INF] Request starting HTTP/2 GET https://localhost:7145/_vs/browserLink - null null
2025-11-02 01:58:34.750 -05:00 [INF] Request finished HTTP/2 GET https://localhost:7145/Movies/Details/6 - 200 null text/html; charset=utf-8 231.4861ms
2025-11-02 01:58:34.752 -05:00 [INF] Request finished HTTP/2 GET https://localhost:7145/_framework/aspnetcore-browser-refresh.js - 200 16509 application/javascript; charset=utf-8 4.4196ms
2025-11-02 01:58:34.767 -05:00 [INF] Request finished HTTP/2 GET https://localhost:7145/_vs/browserLink - 200 null text/javascript; charset=UTF-8 18.5153ms
2025-11-02 01:58:37.176 -05:00 [INF] Request starting HTTP/2 GET https://localhost:7145/ - null null
2025-11-02 01:58:37.181 -05:00 [INF] Executing endpoint 'MovieShopMVC.Controllers.HomeController.Index (MovieShopMVC)'
2025-11-02 01:58:37.182 -05:00 [INF] Route matched with {action = "Index", controller = "Home"}. Executing controller action with signature System.Threading.Tasks.Task`1[Microsoft.AspNetCore.Mvc.IActionResult] Index() on controller MovieShopMVC.Controllers.HomeController (MovieShopMVC).
2025-11-02 01:58:37.266 -05:00 [INF] Executed DbCommand (43ms) [Parameters=[@__p_0='?' (DbType = Int32)], CommandType='"Text"', CommandTimeout='30']
SELECT TOP(@__p_0) [m].[Id], [m].[BackdropUrl], [m].[Budget], [m].[CreatedBy], [m].[CreatedDate], [m].[ImdbUrl], [m].[OriginalLanguage], [m].[Overview], [m].[PosterUrl], [m].[Price], [m].[ReleaseDate], [m].[Revenue], [m].[Runtime], [m].[Tagline], [m].[Title], [m].[TmdbUrl], [m].[UpdatedBy], [m].[UpdatedDate]
FROM [Movie] AS [m]
ORDER BY [m].[Revenue] DESC
2025-11-02 01:58:37.271 -05:00 [INF] Executing ViewResult, running view Index.
2025-11-02 01:58:37.275 -05:00 [INF] Executed ViewResult - view Index executed in 4.5955ms.
2025-11-02 01:58:37.276 -05:00 [INF] Executed action MovieShopMVC.Controllers.HomeController.Index (MovieShopMVC) in 93.0385ms
2025-11-02 01:58:37.277 -05:00 [INF] Executed endpoint 'MovieShopMVC.Controllers.HomeController.Index (MovieShopMVC)'
2025-11-02 01:58:37.278 -05:00 [INF] HTTP GET / responded 200 in 98.2201 ms
2025-11-02 01:58:37.311 -05:00 [ERR] An unhandled exception has occurred while executing the request.
System.InvalidOperationException: StatusCode cannot be set because the response has already started.
   at Microsoft.AspNetCore.Server.Kestrel.Core.Internal.Http.HttpProtocol.ThrowResponseAlreadyStartedException(String value)
   at Microsoft.AspNetCore.Server.Kestrel.Core.Internal.Http.HttpProtocol.set_StatusCode(Int32 value)
   at Microsoft.AspNetCore.Http.DefaultHttpResponse.Redirect(String location, Boolean permanent)
   at MovieShopMVC.Middlewares.MovieShopExceptionMiddleware.Invoke(HttpContext httpContext) in C:\Users\YJ\Desktop\MovieShop\MovieShopMVC\Middlewares\MovieShopExceptionMiddleware.cs:line 42
   at Microsoft.AspNetCore.Diagnostics.DeveloperExceptionPageMiddlewareImpl.Invoke(HttpContext context)
2025-11-02 01:58:37.313 -05:00 [WRN] The response has already started, the error page middleware will not be executed.
2025-11-02 01:58:37.315 -05:00 [ERR] Connection id "0HNGPRKU528JT", Request id "0HNGPRKU528JT:0000000D": An unhandled exception was thrown by the application.
System.InvalidOperationException: StatusCode cannot be set because the response has already started.
   at Microsoft.AspNetCore.Server.Kestrel.Core.Internal.Http.HttpProtocol.ThrowResponseAlreadyStartedException(String value)
   at Microsoft.AspNetCore.Server.Kestrel.Core.Internal.Http.HttpProtocol.set_StatusCode(Int32 value)
   at Microsoft.AspNetCore.Http.DefaultHttpResponse.Redirect(String location, Boolean permanent)
   at MovieShopMVC.Middlewares.MovieShopExceptionMiddleware.Invoke(HttpContext httpContext) in C:\Users\YJ\Desktop\MovieShop\MovieShopMVC\Middlewares\MovieShopExceptionMiddleware.cs:line 42
   at Microsoft.AspNetCore.Diagnostics.DeveloperExceptionPageMiddlewareImpl.Invoke(HttpContext context)
   at Microsoft.AspNetCore.Diagnostics.DeveloperExceptionPageMiddlewareImpl.Invoke(HttpContext context)
   at Microsoft.WebTools.BrowserLink.Net.BrowserLinkMiddleware.InvokeAsync(HttpContext context)
   at Microsoft.AspNetCore.Watch.BrowserRefresh.BrowserRefreshMiddleware.InvokeAsync(HttpContext context)
   at Microsoft.AspNetCore.Server.Kestrel.Core.Internal.Http.HttpProtocol.ProcessRequests[TContext](IHttpApplication`1 application)
2025-11-02 01:58:37.319 -05:00 [INF] Request finished HTTP/2 GET https://localhost:7145/ - 200 null text/html; charset=utf-8 143.3251ms
2025-11-02 01:58:38.221 -05:00 [INF] Request starting HTTP/2 GET https://localhost:7145/Movies/Details/29 - null null
2025-11-02 01:58:38.226 -05:00 [INF] Executing endpoint 'MovieShopMVC.Controllers.MoviesController.Details (MovieShopMVC)'
2025-11-02 01:58:38.228 -05:00 [INF] Route matched with {action = "Details", controller = "Movies"}. Executing controller action with signature System.Threading.Tasks.Task`1[Microsoft.AspNetCore.Mvc.IActionResult] Details(Int32) on controller MovieShopMVC.Controllers.MoviesController (MovieShopMVC).
2025-11-02 01:58:38.232 -05:00 [INF] Executed DbCommand (1ms) [Parameters=[@__id_0='?' (DbType = Int32)], CommandType='"Text"', CommandTimeout='30']
SELECT [m2].[Id], [m2].[BackdropUrl], [m2].[Budget], [m2].[CreatedBy], [m2].[CreatedDate], [m2].[ImdbUrl], [m2].[OriginalLanguage], [m2].[Overview], [m2].[PosterUrl], [m2].[Price], [m2].[ReleaseDate], [m2].[Revenue], [m2].[Runtime], [m2].[Tagline], [m2].[Title], [m2].[TmdbUrl], [m2].[UpdatedBy], [m2].[UpdatedDate], [s].[MovieId], [s].[GenreId], [s].[Id], [s].[Name], [s0].[MovieId], [s0].[CastId], [s0].[Character], [s0].[Id], [s0].[Gender], [s0].[Name], [s0].[ProfilePath], [s0].[TmdbUrl], [t].[Id], [t].[MovieId], [t].[Name], [t].[TrailerUrl]
FROM (
    SELECT TOP(1) [m].[Id], [m].[BackdropUrl], [m].[Budget], [m].[CreatedBy], [m].[CreatedDate], [m].[ImdbUrl], [m].[OriginalLanguage], [m].[Overview], [m].[PosterUrl], [m].[Price], [m].[ReleaseDate], [m].[Revenue], [m].[Runtime], [m].[Tagline], [m].[Title], [m].[TmdbUrl], [m].[UpdatedBy], [m].[UpdatedDate]
    FROM [Movie] AS [m]
    WHERE [m].[Id] = @__id_0
) AS [m2]
LEFT JOIN (
    SELECT [m0].[MovieId], [m0].[GenreId], [g].[Id], [g].[Name]
    FROM [MovieGenre] AS [m0]
    INNER JOIN [Genre] AS [g] ON [m0].[GenreId] = [g].[Id]
) AS [s] ON [m2].[Id] = [s].[MovieId]
LEFT JOIN (
    SELECT [m1].[MovieId], [m1].[CastId], [m1].[Character], [c].[Id], [c].[Gender], [c].[Name], [c].[ProfilePath], [c].[TmdbUrl]
    FROM [MovieCast] AS [m1]
    INNER JOIN [Cast] AS [c] ON [m1].[CastId] = [c].[Id]
) AS [s0] ON [m2].[Id] = [s0].[MovieId]
LEFT JOIN [Trailer] AS [t] ON [m2].[Id] = [t].[MovieId]
ORDER BY [m2].[Id], [s].[MovieId], [s].[GenreId], [s].[Id], [s0].[MovieId], [s0].[CastId], [s0].[Character], [s0].[Id]
2025-11-02 01:58:38.239 -05:00 [INF] Executed DbCommand (1ms) [Parameters=[@__id_0='?' (DbType = Int32)], CommandType='"Text"', CommandTimeout='30']
SELECT AVG([r].[Rating])
FROM [Review] AS [r]
WHERE [r].[MovieId] = @__id_0
2025-11-02 01:58:38.240 -05:00 [INF] Executing ViewResult, running view Details.
2025-11-02 01:58:38.242 -05:00 [INF] Executed ViewResult - view Details executed in 2.3442ms.
2025-11-02 01:58:38.243 -05:00 [INF] Executed action MovieShopMVC.Controllers.MoviesController.Details (MovieShopMVC) in 13.9901ms
2025-11-02 01:58:38.245 -05:00 [INF] Executed endpoint 'MovieShopMVC.Controllers.MoviesController.Details (MovieShopMVC)'
2025-11-02 01:58:38.246 -05:00 [INF] HTTP GET /Movies/Details/29 responded 200 in 20.7741 ms
2025-11-02 01:58:38.272 -05:00 [ERR] An unhandled exception has occurred while executing the request.
System.InvalidOperationException: StatusCode cannot be set because the response has already started.
   at Microsoft.AspNetCore.Server.Kestrel.Core.Internal.Http.HttpProtocol.ThrowResponseAlreadyStartedException(String value)
   at Microsoft.AspNetCore.Server.Kestrel.Core.Internal.Http.HttpProtocol.set_StatusCode(Int32 value)
   at Microsoft.AspNetCore.Http.DefaultHttpResponse.Redirect(String location, Boolean permanent)
   at MovieShopMVC.Middlewares.MovieShopExceptionMiddleware.Invoke(HttpContext httpContext) in C:\Users\YJ\Desktop\MovieShop\MovieShopMVC\Middlewares\MovieShopExceptionMiddleware.cs:line 42
   at Microsoft.AspNetCore.Diagnostics.DeveloperExceptionPageMiddlewareImpl.Invoke(HttpContext context)
2025-11-02 01:58:38.274 -05:00 [WRN] The response has already started, the error page middleware will not be executed.
2025-11-02 01:58:38.275 -05:00 [ERR] Connection id "0HNGPRKU528JT", Request id "0HNGPRKU528JT:0000000F": An unhandled exception was thrown by the application.
System.InvalidOperationException: StatusCode cannot be set because the response has already started.
   at Microsoft.AspNetCore.Server.Kestrel.Core.Internal.Http.HttpProtocol.ThrowResponseAlreadyStartedException(String value)
   at Microsoft.AspNetCore.Server.Kestrel.Core.Internal.Http.HttpProtocol.set_StatusCode(Int32 value)
   at Microsoft.AspNetCore.Http.DefaultHttpResponse.Redirect(String location, Boolean permanent)
   at MovieShopMVC.Middlewares.MovieShopExceptionMiddleware.Invoke(HttpContext httpContext) in C:\Users\YJ\Desktop\MovieShop\MovieShopMVC\Middlewares\MovieShopExceptionMiddleware.cs:line 42
   at Microsoft.AspNetCore.Diagnostics.DeveloperExceptionPageMiddlewareImpl.Invoke(HttpContext context)
   at Microsoft.AspNetCore.Diagnostics.DeveloperExceptionPageMiddlewareImpl.Invoke(HttpContext context)
   at Microsoft.WebTools.BrowserLink.Net.BrowserLinkMiddleware.InvokeAsync(HttpContext context)
   at Microsoft.AspNetCore.Watch.BrowserRefresh.BrowserRefreshMiddleware.InvokeAsync(HttpContext context)
   at Microsoft.AspNetCore.Server.Kestrel.Core.Internal.Http.HttpProtocol.ProcessRequests[TContext](IHttpApplication`1 application)
2025-11-02 01:58:38.278 -05:00 [INF] Request finished HTTP/2 GET https://localhost:7145/Movies/Details/29 - 200 null text/html; charset=utf-8 56.7726ms
2025-11-02 01:58:38.279 -05:00 [INF] Request starting HTTP/2 GET https://localhost:7145/_framework/aspnetcore-browser-refresh.js - null null
2025-11-02 01:58:38.279 -05:00 [INF] Request starting HTTP/2 GET https://localhost:7145/_vs/browserLink - null null
2025-11-02 01:58:38.283 -05:00 [INF] Request finished HTTP/2 GET https://localhost:7145/_framework/aspnetcore-browser-refresh.js - 200 16509 application/javascript; charset=utf-8 3.9386ms
2025-11-02 01:58:38.294 -05:00 [INF] Request finished HTTP/2 GET https://localhost:7145/_vs/browserLink - 200 null text/javascript; charset=UTF-8 14.3482ms
2025-11-02 01:04:34.781 -06:00 [INF] User profile is available. Using 'C:\Users\YJ\AppData\Local\ASP.NET\DataProtection-Keys' as key repository and Windows DPAPI to encrypt keys at rest.
2025-11-02 01:04:34.920 -06:00 [INF] Now listening on: https://localhost:7145
2025-11-02 01:04:34.921 -06:00 [INF] Now listening on: http://localhost:5073
2025-11-02 01:04:34.957 -06:00 [INF] Application started. Press Ctrl+C to shut down.
2025-11-02 01:04:34.958 -06:00 [INF] Hosting environment: Development
2025-11-02 01:04:34.959 -06:00 [INF] Content root path: C:\Users\YJ\Desktop\MovieShop\MovieShopMVC
2025-11-02 01:04:35.511 -06:00 [INF] Request starting HTTP/2 GET https://localhost:7145/ - null null
2025-11-02 01:04:35.590 -06:00 [INF] Executing endpoint 'MovieShopMVC.Controllers.HomeController.Index (MovieShopMVC)'
2025-11-02 01:04:35.614 -06:00 [INF] Route matched with {action = "Index", controller = "Home"}. Executing controller action with signature System.Threading.Tasks.Task`1[Microsoft.AspNetCore.Mvc.IActionResult] Index() on controller MovieShopMVC.Controllers.HomeController (MovieShopMVC).
2025-11-02 01:04:36.464 -06:00 [INF] Executed DbCommand (70ms) [Parameters=[@__p_0='?' (DbType = Int32)], CommandType='"Text"', CommandTimeout='30']
SELECT TOP(@__p_0) [m].[Id], [m].[BackdropUrl], [m].[Budget], [m].[CreatedBy], [m].[CreatedDate], [m].[ImdbUrl], [m].[OriginalLanguage], [m].[Overview], [m].[PosterUrl], [m].[Price], [m].[ReleaseDate], [m].[Revenue], [m].[Runtime], [m].[Tagline], [m].[Title], [m].[TmdbUrl], [m].[UpdatedBy], [m].[UpdatedDate]
FROM [Movie] AS [m]
ORDER BY [m].[Revenue] DESC
2025-11-02 01:04:36.544 -06:00 [INF] Executing ViewResult, running view Index.
2025-11-02 01:04:36.609 -06:00 [INF] Executed ViewResult - view Index executed in 66.0758ms.
2025-11-02 01:04:36.612 -06:00 [INF] Executed action MovieShopMVC.Controllers.HomeController.Index (MovieShopMVC) in 995.9322ms
2025-11-02 01:04:36.614 -06:00 [INF] Executed endpoint 'MovieShopMVC.Controllers.HomeController.Index (MovieShopMVC)'
2025-11-02 01:04:36.616 -06:00 [INF] HTTP GET / responded 200 in 1041.0904 ms
2025-11-02 01:04:36.671 -06:00 [INF] Request starting HTTP/2 GET https://localhost:7145/_vs/browserLink - null null
2025-11-02 01:04:36.671 -06:00 [INF] Request starting HTTP/2 GET https://localhost:7145/_framework/aspnetcore-browser-refresh.js - null null
2025-11-02 01:04:36.672 -06:00 [ERR] An unhandled exception has occurred while executing the request.
System.InvalidOperationException: StatusCode cannot be set because the response has already started.
   at Microsoft.AspNetCore.Server.Kestrel.Core.Internal.Http.HttpProtocol.ThrowResponseAlreadyStartedException(String value)
   at Microsoft.AspNetCore.Server.Kestrel.Core.Internal.Http.HttpProtocol.set_StatusCode(Int32 value)
   at Microsoft.AspNetCore.Http.DefaultHttpResponse.Redirect(String location, Boolean permanent)
   at MovieShopMVC.Middlewares.MovieShopExceptionMiddleware.Invoke(HttpContext httpContext) in C:\Users\YJ\Desktop\MovieShop\MovieShopMVC\Middlewares\MovieShopExceptionMiddleware.cs:line 42
   at Microsoft.AspNetCore.Diagnostics.DeveloperExceptionPageMiddlewareImpl.Invoke(HttpContext context)
2025-11-02 01:04:36.689 -06:00 [INF] Request finished HTTP/2 GET https://localhost:7145/_framework/aspnetcore-browser-refresh.js - 200 16509 application/javascript; charset=utf-8 18.8035ms
2025-11-02 01:04:36.703 -06:00 [WRN] The response has already started, the error page middleware will not be executed.
2025-11-02 01:04:36.711 -06:00 [ERR] Connection id "0HNGPROAAAG9A", Request id "0HNGPROAAAG9A:00000001": An unhandled exception was thrown by the application.
System.InvalidOperationException: StatusCode cannot be set because the response has already started.
   at Microsoft.AspNetCore.Server.Kestrel.Core.Internal.Http.HttpProtocol.ThrowResponseAlreadyStartedException(String value)
   at Microsoft.AspNetCore.Server.Kestrel.Core.Internal.Http.HttpProtocol.set_StatusCode(Int32 value)
   at Microsoft.AspNetCore.Http.DefaultHttpResponse.Redirect(String location, Boolean permanent)
   at MovieShopMVC.Middlewares.MovieShopExceptionMiddleware.Invoke(HttpContext httpContext) in C:\Users\YJ\Desktop\MovieShop\MovieShopMVC\Middlewares\MovieShopExceptionMiddleware.cs:line 42
   at Microsoft.AspNetCore.Diagnostics.DeveloperExceptionPageMiddlewareImpl.Invoke(HttpContext context)
   at Microsoft.AspNetCore.Diagnostics.DeveloperExceptionPageMiddlewareImpl.Invoke(HttpContext context)
   at Microsoft.WebTools.BrowserLink.Net.BrowserLinkMiddleware.InvokeAsync(HttpContext context)
   at Microsoft.AspNetCore.Watch.BrowserRefresh.BrowserRefreshMiddleware.InvokeAsync(HttpContext context)
   at Microsoft.AspNetCore.Server.Kestrel.Core.Internal.Http.HttpProtocol.ProcessRequests[TContext](IHttpApplication`1 application)
2025-11-02 01:04:36.711 -06:00 [INF] Request finished HTTP/2 GET https://localhost:7145/_vs/browserLink - 200 null text/javascript; charset=UTF-8 41.3901ms
2025-11-02 01:04:36.723 -06:00 [INF] Request finished HTTP/2 GET https://localhost:7145/ - 200 null text/html; charset=utf-8 1216.6126ms
2025-11-02 01:04:38.068 -06:00 [INF] Request starting HTTP/2 GET https://localhost:7145/Movies/Details/252 - null null
2025-11-02 01:04:38.077 -06:00 [INF] Executing endpoint 'MovieShopMVC.Controllers.MoviesController.Details (MovieShopMVC)'
2025-11-02 01:04:38.084 -06:00 [INF] Route matched with {action = "Details", controller = "Movies"}. Executing controller action with signature System.Threading.Tasks.Task`1[Microsoft.AspNetCore.Mvc.IActionResult] Details(Int32) on controller MovieShopMVC.Controllers.MoviesController (MovieShopMVC).
2025-11-02 01:04:38.162 -06:00 [WRN] Compiling a query which loads related collections for more than one collection navigation, either via 'Include' or through projection, but no 'QuerySplittingBehavior' has been configured. By default, Entity Framework will use 'QuerySplittingBehavior.SingleQuery', which can potentially result in slow query performance. See https://go.microsoft.com/fwlink/?linkid=2134277 for more information. To identify the query that's triggering this warning call 'ConfigureWarnings(w => w.Throw(RelationalEventId.MultipleCollectionIncludeWarning))'.
2025-11-02 01:04:38.193 -06:00 [INF] Executed DbCommand (2ms) [Parameters=[@__id_0='?' (DbType = Int32)], CommandType='"Text"', CommandTimeout='30']
SELECT [m2].[Id], [m2].[BackdropUrl], [m2].[Budget], [m2].[CreatedBy], [m2].[CreatedDate], [m2].[ImdbUrl], [m2].[OriginalLanguage], [m2].[Overview], [m2].[PosterUrl], [m2].[Price], [m2].[ReleaseDate], [m2].[Revenue], [m2].[Runtime], [m2].[Tagline], [m2].[Title], [m2].[TmdbUrl], [m2].[UpdatedBy], [m2].[UpdatedDate], [s].[MovieId], [s].[GenreId], [s].[Id], [s].[Name], [s0].[MovieId], [s0].[CastId], [s0].[Character], [s0].[Id], [s0].[Gender], [s0].[Name], [s0].[ProfilePath], [s0].[TmdbUrl], [t].[Id], [t].[MovieId], [t].[Name], [t].[TrailerUrl]
FROM (
    SELECT TOP(1) [m].[Id], [m].[BackdropUrl], [m].[Budget], [m].[CreatedBy], [m].[CreatedDate], [m].[ImdbUrl], [m].[OriginalLanguage], [m].[Overview], [m].[PosterUrl], [m].[Price], [m].[ReleaseDate], [m].[Revenue], [m].[Runtime], [m].[Tagline], [m].[Title], [m].[TmdbUrl], [m].[UpdatedBy], [m].[UpdatedDate]
    FROM [Movie] AS [m]
    WHERE [m].[Id] = @__id_0
) AS [m2]
LEFT JOIN (
    SELECT [m0].[MovieId], [m0].[GenreId], [g].[Id], [g].[Name]
    FROM [MovieGenre] AS [m0]
    INNER JOIN [Genre] AS [g] ON [m0].[GenreId] = [g].[Id]
) AS [s] ON [m2].[Id] = [s].[MovieId]
LEFT JOIN (
    SELECT [m1].[MovieId], [m1].[CastId], [m1].[Character], [c].[Id], [c].[Gender], [c].[Name], [c].[ProfilePath], [c].[TmdbUrl]
    FROM [MovieCast] AS [m1]
    INNER JOIN [Cast] AS [c] ON [m1].[CastId] = [c].[Id]
) AS [s0] ON [m2].[Id] = [s0].[MovieId]
LEFT JOIN [Trailer] AS [t] ON [m2].[Id] = [t].[MovieId]
ORDER BY [m2].[Id], [s].[MovieId], [s].[GenreId], [s].[Id], [s0].[MovieId], [s0].[CastId], [s0].[Character], [s0].[Id]
2025-11-02 01:04:38.250 -06:00 [INF] Executed DbCommand (1ms) [Parameters=[@__id_0='?' (DbType = Int32)], CommandType='"Text"', CommandTimeout='30']
SELECT AVG([r].[Rating])
FROM [Review] AS [r]
WHERE [r].[MovieId] = @__id_0
2025-11-02 01:04:38.255 -06:00 [INF] Executing ViewResult, running view Details.
2025-11-02 01:04:38.264 -06:00 [INF] Executed ViewResult - view Details executed in 9.9572ms.
2025-11-02 01:04:38.265 -06:00 [INF] Executed action MovieShopMVC.Controllers.MoviesController.Details (MovieShopMVC) in 180.0669ms
2025-11-02 01:04:38.266 -06:00 [INF] Executed endpoint 'MovieShopMVC.Controllers.MoviesController.Details (MovieShopMVC)'
2025-11-02 01:04:38.267 -06:00 [INF] HTTP GET /Movies/Details/252 responded 200 in 192.4776 ms
2025-11-02 01:04:38.292 -06:00 [ERR] An unhandled exception has occurred while executing the request.
System.InvalidOperationException: StatusCode cannot be set because the response has already started.
   at Microsoft.AspNetCore.Server.Kestrel.Core.Internal.Http.HttpProtocol.ThrowResponseAlreadyStartedException(String value)
   at Microsoft.AspNetCore.Server.Kestrel.Core.Internal.Http.HttpProtocol.set_StatusCode(Int32 value)
   at Microsoft.AspNetCore.Http.DefaultHttpResponse.Redirect(String location, Boolean permanent)
   at MovieShopMVC.Middlewares.MovieShopExceptionMiddleware.Invoke(HttpContext httpContext) in C:\Users\YJ\Desktop\MovieShop\MovieShopMVC\Middlewares\MovieShopExceptionMiddleware.cs:line 42
   at Microsoft.AspNetCore.Diagnostics.DeveloperExceptionPageMiddlewareImpl.Invoke(HttpContext context)
2025-11-02 01:04:38.296 -06:00 [WRN] The response has already started, the error page middleware will not be executed.
2025-11-02 01:04:38.297 -06:00 [ERR] Connection id "0HNGPROAAAG9A", Request id "0HNGPROAAAG9A:00000007": An unhandled exception was thrown by the application.
System.InvalidOperationException: StatusCode cannot be set because the response has already started.
   at Microsoft.AspNetCore.Server.Kestrel.Core.Internal.Http.HttpProtocol.ThrowResponseAlreadyStartedException(String value)
   at Microsoft.AspNetCore.Server.Kestrel.Core.Internal.Http.HttpProtocol.set_StatusCode(Int32 value)
   at Microsoft.AspNetCore.Http.DefaultHttpResponse.Redirect(String location, Boolean permanent)
   at MovieShopMVC.Middlewares.MovieShopExceptionMiddleware.Invoke(HttpContext httpContext) in C:\Users\YJ\Desktop\MovieShop\MovieShopMVC\Middlewares\MovieShopExceptionMiddleware.cs:line 42
   at Microsoft.AspNetCore.Diagnostics.DeveloperExceptionPageMiddlewareImpl.Invoke(HttpContext context)
   at Microsoft.AspNetCore.Diagnostics.DeveloperExceptionPageMiddlewareImpl.Invoke(HttpContext context)
   at Microsoft.WebTools.BrowserLink.Net.BrowserLinkMiddleware.InvokeAsync(HttpContext context)
   at Microsoft.AspNetCore.Watch.BrowserRefresh.BrowserRefreshMiddleware.InvokeAsync(HttpContext context)
   at Microsoft.AspNetCore.Server.Kestrel.Core.Internal.Http.HttpProtocol.ProcessRequests[TContext](IHttpApplication`1 application)
2025-11-02 01:04:38.298 -06:00 [INF] Request starting HTTP/2 GET https://localhost:7145/_framework/aspnetcore-browser-refresh.js - null null
2025-11-02 01:04:38.299 -06:00 [INF] Request starting HTTP/2 GET https://localhost:7145/_vs/browserLink - null null
2025-11-02 01:04:38.303 -06:00 [INF] Request finished HTTP/2 GET https://localhost:7145/Movies/Details/252 - 200 null text/html; charset=utf-8 234.5089ms
2025-11-02 01:04:38.304 -06:00 [INF] Request finished HTTP/2 GET https://localhost:7145/_framework/aspnetcore-browser-refresh.js - 200 16509 application/javascript; charset=utf-8 6.1391ms
2025-11-02 01:04:38.319 -06:00 [INF] Request finished HTTP/2 GET https://localhost:7145/_vs/browserLink - 200 null text/javascript; charset=UTF-8 20.1701ms
2025-11-02 01:04:40.022 -06:00 [INF] Request starting HTTP/2 GET https://localhost:7145/ - null null
2025-11-02 01:04:40.026 -06:00 [INF] Executing endpoint 'MovieShopMVC.Controllers.HomeController.Index (MovieShopMVC)'
2025-11-02 01:04:40.027 -06:00 [INF] Route matched with {action = "Index", controller = "Home"}. Executing controller action with signature System.Threading.Tasks.Task`1[Microsoft.AspNetCore.Mvc.IActionResult] Index() on controller MovieShopMVC.Controllers.HomeController (MovieShopMVC).
2025-11-02 01:04:40.110 -06:00 [INF] Executed DbCommand (42ms) [Parameters=[@__p_0='?' (DbType = Int32)], CommandType='"Text"', CommandTimeout='30']
SELECT TOP(@__p_0) [m].[Id], [m].[BackdropUrl], [m].[Budget], [m].[CreatedBy], [m].[CreatedDate], [m].[ImdbUrl], [m].[OriginalLanguage], [m].[Overview], [m].[PosterUrl], [m].[Price], [m].[ReleaseDate], [m].[Revenue], [m].[Runtime], [m].[Tagline], [m].[Title], [m].[TmdbUrl], [m].[UpdatedBy], [m].[UpdatedDate]
FROM [Movie] AS [m]
ORDER BY [m].[Revenue] DESC
2025-11-02 01:04:40.115 -06:00 [INF] Executing ViewResult, running view Index.
2025-11-02 01:04:40.119 -06:00 [INF] Executed ViewResult - view Index executed in 4.1681ms.
2025-11-02 01:04:40.120 -06:00 [INF] Executed action MovieShopMVC.Controllers.HomeController.Index (MovieShopMVC) in 92.4669ms
2025-11-02 01:04:40.121 -06:00 [INF] Executed endpoint 'MovieShopMVC.Controllers.HomeController.Index (MovieShopMVC)'
2025-11-02 01:04:40.122 -06:00 [INF] HTTP GET / responded 200 in 97.2584 ms
2025-11-02 01:04:40.150 -06:00 [ERR] An unhandled exception has occurred while executing the request.
System.InvalidOperationException: StatusCode cannot be set because the response has already started.
   at Microsoft.AspNetCore.Server.Kestrel.Core.Internal.Http.HttpProtocol.ThrowResponseAlreadyStartedException(String value)
   at Microsoft.AspNetCore.Server.Kestrel.Core.Internal.Http.HttpProtocol.set_StatusCode(Int32 value)
   at Microsoft.AspNetCore.Http.DefaultHttpResponse.Redirect(String location, Boolean permanent)
   at MovieShopMVC.Middlewares.MovieShopExceptionMiddleware.Invoke(HttpContext httpContext) in C:\Users\YJ\Desktop\MovieShop\MovieShopMVC\Middlewares\MovieShopExceptionMiddleware.cs:line 42
   at Microsoft.AspNetCore.Diagnostics.DeveloperExceptionPageMiddlewareImpl.Invoke(HttpContext context)
2025-11-02 01:04:40.152 -06:00 [WRN] The response has already started, the error page middleware will not be executed.
2025-11-02 01:04:40.154 -06:00 [ERR] Connection id "0HNGPROAAAG9A", Request id "0HNGPROAAAG9A:0000000D": An unhandled exception was thrown by the application.
System.InvalidOperationException: StatusCode cannot be set because the response has already started.
   at Microsoft.AspNetCore.Server.Kestrel.Core.Internal.Http.HttpProtocol.ThrowResponseAlreadyStartedException(String value)
   at Microsoft.AspNetCore.Server.Kestrel.Core.Internal.Http.HttpProtocol.set_StatusCode(Int32 value)
   at Microsoft.AspNetCore.Http.DefaultHttpResponse.Redirect(String location, Boolean permanent)
   at MovieShopMVC.Middlewares.MovieShopExceptionMiddleware.Invoke(HttpContext httpContext) in C:\Users\YJ\Desktop\MovieShop\MovieShopMVC\Middlewares\MovieShopExceptionMiddleware.cs:line 42
   at Microsoft.AspNetCore.Diagnostics.DeveloperExceptionPageMiddlewareImpl.Invoke(HttpContext context)
   at Microsoft.AspNetCore.Diagnostics.DeveloperExceptionPageMiddlewareImpl.Invoke(HttpContext context)
   at Microsoft.WebTools.BrowserLink.Net.BrowserLinkMiddleware.InvokeAsync(HttpContext context)
   at Microsoft.AspNetCore.Watch.BrowserRefresh.BrowserRefreshMiddleware.InvokeAsync(HttpContext context)
   at Microsoft.AspNetCore.Server.Kestrel.Core.Internal.Http.HttpProtocol.ProcessRequests[TContext](IHttpApplication`1 application)
2025-11-02 01:04:40.159 -06:00 [INF] Request finished HTTP/2 GET https://localhost:7145/ - 200 null text/html; charset=utf-8 137.1386ms
2025-11-02 01:04:40.830 -06:00 [INF] Request starting HTTP/2 GET https://localhost:7145/Movies/Details/29 - null null
2025-11-02 01:04:40.835 -06:00 [INF] Executing endpoint 'MovieShopMVC.Controllers.MoviesController.Details (MovieShopMVC)'
2025-11-02 01:04:40.836 -06:00 [INF] Route matched with {action = "Details", controller = "Movies"}. Executing controller action with signature System.Threading.Tasks.Task`1[Microsoft.AspNetCore.Mvc.IActionResult] Details(Int32) on controller MovieShopMVC.Controllers.MoviesController (MovieShopMVC).
2025-11-02 01:04:40.839 -06:00 [INF] Executed DbCommand (1ms) [Parameters=[@__id_0='?' (DbType = Int32)], CommandType='"Text"', CommandTimeout='30']
SELECT [m2].[Id], [m2].[BackdropUrl], [m2].[Budget], [m2].[CreatedBy], [m2].[CreatedDate], [m2].[ImdbUrl], [m2].[OriginalLanguage], [m2].[Overview], [m2].[PosterUrl], [m2].[Price], [m2].[ReleaseDate], [m2].[Revenue], [m2].[Runtime], [m2].[Tagline], [m2].[Title], [m2].[TmdbUrl], [m2].[UpdatedBy], [m2].[UpdatedDate], [s].[MovieId], [s].[GenreId], [s].[Id], [s].[Name], [s0].[MovieId], [s0].[CastId], [s0].[Character], [s0].[Id], [s0].[Gender], [s0].[Name], [s0].[ProfilePath], [s0].[TmdbUrl], [t].[Id], [t].[MovieId], [t].[Name], [t].[TrailerUrl]
FROM (
    SELECT TOP(1) [m].[Id], [m].[BackdropUrl], [m].[Budget], [m].[CreatedBy], [m].[CreatedDate], [m].[ImdbUrl], [m].[OriginalLanguage], [m].[Overview], [m].[PosterUrl], [m].[Price], [m].[ReleaseDate], [m].[Revenue], [m].[Runtime], [m].[Tagline], [m].[Title], [m].[TmdbUrl], [m].[UpdatedBy], [m].[UpdatedDate]
    FROM [Movie] AS [m]
    WHERE [m].[Id] = @__id_0
) AS [m2]
LEFT JOIN (
    SELECT [m0].[MovieId], [m0].[GenreId], [g].[Id], [g].[Name]
    FROM [MovieGenre] AS [m0]
    INNER JOIN [Genre] AS [g] ON [m0].[GenreId] = [g].[Id]
) AS [s] ON [m2].[Id] = [s].[MovieId]
LEFT JOIN (
    SELECT [m1].[MovieId], [m1].[CastId], [m1].[Character], [c].[Id], [c].[Gender], [c].[Name], [c].[ProfilePath], [c].[TmdbUrl]
    FROM [MovieCast] AS [m1]
    INNER JOIN [Cast] AS [c] ON [m1].[CastId] = [c].[Id]
) AS [s0] ON [m2].[Id] = [s0].[MovieId]
LEFT JOIN [Trailer] AS [t] ON [m2].[Id] = [t].[MovieId]
ORDER BY [m2].[Id], [s].[MovieId], [s].[GenreId], [s].[Id], [s0].[MovieId], [s0].[CastId], [s0].[Character], [s0].[Id]
2025-11-02 01:04:40.845 -06:00 [INF] Executed DbCommand (0ms) [Parameters=[@__id_0='?' (DbType = Int32)], CommandType='"Text"', CommandTimeout='30']
SELECT AVG([r].[Rating])
FROM [Review] AS [r]
WHERE [r].[MovieId] = @__id_0
2025-11-02 01:04:40.846 -06:00 [INF] Executing ViewResult, running view Details.
2025-11-02 01:04:40.849 -06:00 [INF] Executed ViewResult - view Details executed in 2.6419ms.
2025-11-02 01:04:40.850 -06:00 [INF] Executed action MovieShopMVC.Controllers.MoviesController.Details (MovieShopMVC) in 12.881ms
2025-11-02 01:04:40.850 -06:00 [INF] Executed endpoint 'MovieShopMVC.Controllers.MoviesController.Details (MovieShopMVC)'
2025-11-02 01:04:40.851 -06:00 [INF] HTTP GET /Movies/Details/29 responded 200 in 16.8896 ms
2025-11-02 01:04:40.874 -06:00 [ERR] An unhandled exception has occurred while executing the request.
System.InvalidOperationException: StatusCode cannot be set because the response has already started.
   at Microsoft.AspNetCore.Server.Kestrel.Core.Internal.Http.HttpProtocol.ThrowResponseAlreadyStartedException(String value)
   at Microsoft.AspNetCore.Server.Kestrel.Core.Internal.Http.HttpProtocol.set_StatusCode(Int32 value)
   at Microsoft.AspNetCore.Http.DefaultHttpResponse.Redirect(String location, Boolean permanent)
   at MovieShopMVC.Middlewares.MovieShopExceptionMiddleware.Invoke(HttpContext httpContext) in C:\Users\YJ\Desktop\MovieShop\MovieShopMVC\Middlewares\MovieShopExceptionMiddleware.cs:line 42
   at Microsoft.AspNetCore.Diagnostics.DeveloperExceptionPageMiddlewareImpl.Invoke(HttpContext context)
2025-11-02 01:04:40.876 -06:00 [WRN] The response has already started, the error page middleware will not be executed.
2025-11-02 01:04:40.877 -06:00 [ERR] Connection id "0HNGPROAAAG9A", Request id "0HNGPROAAAG9A:0000000F": An unhandled exception was thrown by the application.
System.InvalidOperationException: StatusCode cannot be set because the response has already started.
   at Microsoft.AspNetCore.Server.Kestrel.Core.Internal.Http.HttpProtocol.ThrowResponseAlreadyStartedException(String value)
   at Microsoft.AspNetCore.Server.Kestrel.Core.Internal.Http.HttpProtocol.set_StatusCode(Int32 value)
   at Microsoft.AspNetCore.Http.DefaultHttpResponse.Redirect(String location, Boolean permanent)
   at MovieShopMVC.Middlewares.MovieShopExceptionMiddleware.Invoke(HttpContext httpContext) in C:\Users\YJ\Desktop\MovieShop\MovieShopMVC\Middlewares\MovieShopExceptionMiddleware.cs:line 42
   at Microsoft.AspNetCore.Diagnostics.DeveloperExceptionPageMiddlewareImpl.Invoke(HttpContext context)
   at Microsoft.AspNetCore.Diagnostics.DeveloperExceptionPageMiddlewareImpl.Invoke(HttpContext context)
   at Microsoft.WebTools.BrowserLink.Net.BrowserLinkMiddleware.InvokeAsync(HttpContext context)
   at Microsoft.AspNetCore.Watch.BrowserRefresh.BrowserRefreshMiddleware.InvokeAsync(HttpContext context)
   at Microsoft.AspNetCore.Server.Kestrel.Core.Internal.Http.HttpProtocol.ProcessRequests[TContext](IHttpApplication`1 application)
2025-11-02 01:04:40.880 -06:00 [INF] Request finished HTTP/2 GET https://localhost:7145/Movies/Details/29 - 200 null text/html; charset=utf-8 49.8875ms
2025-11-02 01:04:40.889 -06:00 [INF] Request starting HTTP/2 GET https://localhost:7145/_framework/aspnetcore-browser-refresh.js - null null
2025-11-02 01:04:40.890 -06:00 [INF] Request starting HTTP/2 GET https://localhost:7145/_vs/browserLink - null null
2025-11-02 01:04:40.892 -06:00 [INF] Request finished HTTP/2 GET https://localhost:7145/_framework/aspnetcore-browser-refresh.js - 200 16509 application/javascript; charset=utf-8 3.4465ms
2025-11-02 01:04:40.905 -06:00 [INF] Request finished HTTP/2 GET https://localhost:7145/_vs/browserLink - 200 null text/javascript; charset=UTF-8 14.7975ms
2025-11-02 01:04:42.194 -06:00 [INF] Request starting HTTP/2 GET https://localhost:7145/ - null null
2025-11-02 01:04:42.198 -06:00 [INF] Executing endpoint 'MovieShopMVC.Controllers.HomeController.Index (MovieShopMVC)'
2025-11-02 01:04:42.199 -06:00 [INF] Route matched with {action = "Index", controller = "Home"}. Executing controller action with signature System.Threading.Tasks.Task`1[Microsoft.AspNetCore.Mvc.IActionResult] Index() on controller MovieShopMVC.Controllers.HomeController (MovieShopMVC).
2025-11-02 01:04:42.239 -06:00 [INF] Executed DbCommand (37ms) [Parameters=[@__p_0='?' (DbType = Int32)], CommandType='"Text"', CommandTimeout='30']
SELECT TOP(@__p_0) [m].[Id], [m].[BackdropUrl], [m].[Budget], [m].[CreatedBy], [m].[CreatedDate], [m].[ImdbUrl], [m].[OriginalLanguage], [m].[Overview], [m].[PosterUrl], [m].[Price], [m].[ReleaseDate], [m].[Revenue], [m].[Runtime], [m].[Tagline], [m].[Title], [m].[TmdbUrl], [m].[UpdatedBy], [m].[UpdatedDate]
FROM [Movie] AS [m]
ORDER BY [m].[Revenue] DESC
2025-11-02 01:04:42.244 -06:00 [INF] Executing ViewResult, running view Index.
2025-11-02 01:04:42.248 -06:00 [INF] Executed ViewResult - view Index executed in 4.2744ms.
2025-11-02 01:04:42.249 -06:00 [INF] Executed action MovieShopMVC.Controllers.HomeController.Index (MovieShopMVC) in 48.8583ms
2025-11-02 01:04:42.250 -06:00 [INF] Executed endpoint 'MovieShopMVC.Controllers.HomeController.Index (MovieShopMVC)'
2025-11-02 01:04:42.251 -06:00 [INF] HTTP GET / responded 200 in 52.6204 ms
2025-11-02 01:04:42.271 -06:00 [ERR] An unhandled exception has occurred while executing the request.
System.InvalidOperationException: StatusCode cannot be set because the response has already started.
   at Microsoft.AspNetCore.Server.Kestrel.Core.Internal.Http.HttpProtocol.ThrowResponseAlreadyStartedException(String value)
   at Microsoft.AspNetCore.Server.Kestrel.Core.Internal.Http.HttpProtocol.set_StatusCode(Int32 value)
   at Microsoft.AspNetCore.Http.DefaultHttpResponse.Redirect(String location, Boolean permanent)
   at MovieShopMVC.Middlewares.MovieShopExceptionMiddleware.Invoke(HttpContext httpContext) in C:\Users\YJ\Desktop\MovieShop\MovieShopMVC\Middlewares\MovieShopExceptionMiddleware.cs:line 42
   at Microsoft.AspNetCore.Diagnostics.DeveloperExceptionPageMiddlewareImpl.Invoke(HttpContext context)
2025-11-02 01:04:42.273 -06:00 [WRN] The response has already started, the error page middleware will not be executed.
2025-11-02 01:04:42.274 -06:00 [ERR] Connection id "0HNGPROAAAG9A", Request id "0HNGPROAAAG9A:00000015": An unhandled exception was thrown by the application.
System.InvalidOperationException: StatusCode cannot be set because the response has already started.
   at Microsoft.AspNetCore.Server.Kestrel.Core.Internal.Http.HttpProtocol.ThrowResponseAlreadyStartedException(String value)
   at Microsoft.AspNetCore.Server.Kestrel.Core.Internal.Http.HttpProtocol.set_StatusCode(Int32 value)
   at Microsoft.AspNetCore.Http.DefaultHttpResponse.Redirect(String location, Boolean permanent)
   at MovieShopMVC.Middlewares.MovieShopExceptionMiddleware.Invoke(HttpContext httpContext) in C:\Users\YJ\Desktop\MovieShop\MovieShopMVC\Middlewares\MovieShopExceptionMiddleware.cs:line 42
   at Microsoft.AspNetCore.Diagnostics.DeveloperExceptionPageMiddlewareImpl.Invoke(HttpContext context)
   at Microsoft.AspNetCore.Diagnostics.DeveloperExceptionPageMiddlewareImpl.Invoke(HttpContext context)
   at Microsoft.WebTools.BrowserLink.Net.BrowserLinkMiddleware.InvokeAsync(HttpContext context)
   at Microsoft.AspNetCore.Watch.BrowserRefresh.BrowserRefreshMiddleware.InvokeAsync(HttpContext context)
   at Microsoft.AspNetCore.Server.Kestrel.Core.Internal.Http.HttpProtocol.ProcessRequests[TContext](IHttpApplication`1 application)
2025-11-02 01:04:42.277 -06:00 [INF] Request finished HTTP/2 GET https://localhost:7145/ - 200 null text/html; charset=utf-8 83.03ms
2025-11-02 01:04:42.286 -06:00 [INF] Request starting HTTP/2 GET https://localhost:7145/_framework/aspnetcore-browser-refresh.js - null null
2025-11-02 01:04:42.289 -06:00 [INF] Request finished HTTP/2 GET https://localhost:7145/_framework/aspnetcore-browser-refresh.js - 200 16509 application/javascript; charset=utf-8 3.3051ms
2025-11-02 01:04:53.987 -06:00 [INF] User profile is available. Using 'C:\Users\YJ\AppData\Local\ASP.NET\DataProtection-Keys' as key repository and Windows DPAPI to encrypt keys at rest.
2025-11-02 01:04:54.123 -06:00 [INF] Now listening on: https://localhost:7145
2025-11-02 01:04:54.124 -06:00 [INF] Now listening on: http://localhost:5073
2025-11-02 01:04:54.157 -06:00 [INF] Application started. Press Ctrl+C to shut down.
2025-11-02 01:04:54.159 -06:00 [INF] Hosting environment: Development
2025-11-02 01:04:54.160 -06:00 [INF] Content root path: C:\Users\YJ\Desktop\MovieShop\MovieShopMVC
2025-11-02 01:04:54.613 -06:00 [INF] Request starting HTTP/2 GET https://localhost:7145/ - null null
2025-11-02 01:04:54.695 -06:00 [INF] Executing endpoint 'MovieShopMVC.Controllers.HomeController.Index (MovieShopMVC)'
2025-11-02 01:04:54.716 -06:00 [INF] Route matched with {action = "Index", controller = "Home"}. Executing controller action with signature System.Threading.Tasks.Task`1[Microsoft.AspNetCore.Mvc.IActionResult] Index() on controller MovieShopMVC.Controllers.HomeController (MovieShopMVC).
2025-11-02 01:04:55.601 -06:00 [INF] Executed DbCommand (72ms) [Parameters=[@__p_0='?' (DbType = Int32)], CommandType='"Text"', CommandTimeout='30']
SELECT TOP(@__p_0) [m].[Id], [m].[BackdropUrl], [m].[Budget], [m].[CreatedBy], [m].[CreatedDate], [m].[ImdbUrl], [m].[OriginalLanguage], [m].[Overview], [m].[PosterUrl], [m].[Price], [m].[ReleaseDate], [m].[Revenue], [m].[Runtime], [m].[Tagline], [m].[Title], [m].[TmdbUrl], [m].[UpdatedBy], [m].[UpdatedDate]
FROM [Movie] AS [m]
ORDER BY [m].[Revenue] DESC
2025-11-02 01:04:55.684 -06:00 [INF] Executing ViewResult, running view Index.
2025-11-02 01:04:55.747 -06:00 [INF] Executed ViewResult - view Index executed in 63.6289ms.
2025-11-02 01:04:55.751 -06:00 [INF] Executed action MovieShopMVC.Controllers.HomeController.Index (MovieShopMVC) in 1032.3475ms
2025-11-02 01:04:55.752 -06:00 [INF] Executed endpoint 'MovieShopMVC.Controllers.HomeController.Index (MovieShopMVC)'
2025-11-02 01:04:55.756 -06:00 [INF] HTTP GET / responded 200 in 1077.7195 ms
2025-11-02 01:04:55.793 -06:00 [INF] Request starting HTTP/2 GET https://localhost:7145/_vs/browserLink - null null
2025-11-02 01:04:55.793 -06:00 [INF] Request starting HTTP/2 GET https://localhost:7145/_framework/aspnetcore-browser-refresh.js - null null
2025-11-02 01:04:55.794 -06:00 [ERR] An unhandled exception has occurred while executing the request.
System.InvalidOperationException: StatusCode cannot be set because the response has already started.
   at Microsoft.AspNetCore.Server.Kestrel.Core.Internal.Http.HttpProtocol.ThrowResponseAlreadyStartedException(String value)
   at Microsoft.AspNetCore.Server.Kestrel.Core.Internal.Http.HttpProtocol.set_StatusCode(Int32 value)
   at Microsoft.AspNetCore.Http.DefaultHttpResponse.Redirect(String location, Boolean permanent)
   at MovieShopMVC.Middlewares.MovieShopExceptionMiddleware.Invoke(HttpContext httpContext) in C:\Users\YJ\Desktop\MovieShop\MovieShopMVC\Middlewares\MovieShopExceptionMiddleware.cs:line 42
   at Microsoft.AspNetCore.Diagnostics.DeveloperExceptionPageMiddlewareImpl.Invoke(HttpContext context)
2025-11-02 01:04:55.840 -06:00 [INF] Request finished HTTP/2 GET https://localhost:7145/_framework/aspnetcore-browser-refresh.js - 200 16509 application/javascript; charset=utf-8 17.8022ms
2025-11-02 01:04:55.858 -06:00 [INF] Request finished HTTP/2 GET https://localhost:7145/_vs/browserLink - 200 null text/javascript; charset=UTF-8 65.3235ms
2025-11-02 01:04:55.862 -06:00 [WRN] The response has already started, the error page middleware will not be executed.
2025-11-02 01:04:55.865 -06:00 [ERR] Connection id "0HNGPROG0O2T5", Request id "0HNGPROG0O2T5:00000001": An unhandled exception was thrown by the application.
System.InvalidOperationException: StatusCode cannot be set because the response has already started.
   at Microsoft.AspNetCore.Server.Kestrel.Core.Internal.Http.HttpProtocol.ThrowResponseAlreadyStartedException(String value)
   at Microsoft.AspNetCore.Server.Kestrel.Core.Internal.Http.HttpProtocol.set_StatusCode(Int32 value)
   at Microsoft.AspNetCore.Http.DefaultHttpResponse.Redirect(String location, Boolean permanent)
   at MovieShopMVC.Middlewares.MovieShopExceptionMiddleware.Invoke(HttpContext httpContext) in C:\Users\YJ\Desktop\MovieShop\MovieShopMVC\Middlewares\MovieShopExceptionMiddleware.cs:line 42
   at Microsoft.AspNetCore.Diagnostics.DeveloperExceptionPageMiddlewareImpl.Invoke(HttpContext context)
   at Microsoft.AspNetCore.Diagnostics.DeveloperExceptionPageMiddlewareImpl.Invoke(HttpContext context)
   at Microsoft.WebTools.BrowserLink.Net.BrowserLinkMiddleware.InvokeAsync(HttpContext context)
   at Microsoft.AspNetCore.Watch.BrowserRefresh.BrowserRefreshMiddleware.InvokeAsync(HttpContext context)
   at Microsoft.AspNetCore.Server.Kestrel.Core.Internal.Http.HttpProtocol.ProcessRequests[TContext](IHttpApplication`1 application)
2025-11-02 01:04:55.875 -06:00 [INF] Request finished HTTP/2 GET https://localhost:7145/ - 200 null text/html; charset=utf-8 1266.7327ms
2025-11-02 01:09:56.901 -06:00 [INF] User profile is available. Using 'C:\Users\YJ\AppData\Local\ASP.NET\DataProtection-Keys' as key repository and Windows DPAPI to encrypt keys at rest.
2025-11-02 01:09:57.036 -06:00 [INF] Now listening on: https://localhost:7145
2025-11-02 01:09:57.038 -06:00 [INF] Now listening on: http://localhost:5073
2025-11-02 01:09:57.072 -06:00 [INF] Application started. Press Ctrl+C to shut down.
2025-11-02 01:09:57.073 -06:00 [INF] Hosting environment: Development
2025-11-02 01:09:57.074 -06:00 [INF] Content root path: C:\Users\YJ\Desktop\MovieShop\MovieShopMVC
2025-11-02 01:09:57.714 -06:00 [INF] Request starting HTTP/2 GET https://localhost:7145/ - null null
2025-11-02 01:09:57.794 -06:00 [INF] Executing endpoint 'MovieShopMVC.Controllers.HomeController.Index (MovieShopMVC)'
2025-11-02 01:09:57.819 -06:00 [INF] Route matched with {action = "Index", controller = "Home"}. Executing controller action with signature System.Threading.Tasks.Task`1[Microsoft.AspNetCore.Mvc.IActionResult] Index() on controller MovieShopMVC.Controllers.HomeController (MovieShopMVC).
2025-11-02 01:09:58.652 -06:00 [INF] Executed DbCommand (70ms) [Parameters=[@__p_0='?' (DbType = Int32)], CommandType='"Text"', CommandTimeout='30']
SELECT TOP(@__p_0) [m].[Id], [m].[BackdropUrl], [m].[Budget], [m].[CreatedBy], [m].[CreatedDate], [m].[ImdbUrl], [m].[OriginalLanguage], [m].[Overview], [m].[PosterUrl], [m].[Price], [m].[ReleaseDate], [m].[Revenue], [m].[Runtime], [m].[Tagline], [m].[Title], [m].[TmdbUrl], [m].[UpdatedBy], [m].[UpdatedDate]
FROM [Movie] AS [m]
ORDER BY [m].[Revenue] DESC
2025-11-02 01:09:58.734 -06:00 [INF] Executing ViewResult, running view Index.
2025-11-02 01:09:58.796 -06:00 [INF] Executed ViewResult - view Index executed in 61.6289ms.
2025-11-02 01:09:58.798 -06:00 [INF] Executed action MovieShopMVC.Controllers.HomeController.Index (MovieShopMVC) in 977.7077ms
2025-11-02 01:09:58.800 -06:00 [INF] Executed endpoint 'MovieShopMVC.Controllers.HomeController.Index (MovieShopMVC)'
2025-11-02 01:09:58.804 -06:00 [INF] HTTP GET / responded 200 in 1027.0749 ms
2025-11-02 01:09:58.853 -06:00 [INF] Request starting HTTP/2 GET https://localhost:7145/_framework/aspnetcore-browser-refresh.js - null null
2025-11-02 01:09:58.853 -06:00 [INF] Request starting HTTP/2 GET https://localhost:7145/_vs/browserLink - null null
2025-11-02 01:09:58.855 -06:00 [ERR] An unhandled exception has occurred while executing the request.
System.InvalidOperationException: StatusCode cannot be set because the response has already started.
   at Microsoft.AspNetCore.Server.Kestrel.Core.Internal.Http.HttpProtocol.ThrowResponseAlreadyStartedException(String value)
   at Microsoft.AspNetCore.Server.Kestrel.Core.Internal.Http.HttpProtocol.set_StatusCode(Int32 value)
   at Microsoft.AspNetCore.Http.DefaultHttpResponse.Redirect(String location, Boolean permanent)
   at MovieShopMVC.Middlewares.MovieShopExceptionMiddleware.Invoke(HttpContext httpContext) in C:\Users\YJ\Desktop\MovieShop\MovieShopMVC\Middlewares\MovieShopExceptionMiddleware.cs:line 42
   at Microsoft.AspNetCore.Diagnostics.DeveloperExceptionPageMiddlewareImpl.Invoke(HttpContext context)
2025-11-02 01:09:58.892 -06:00 [INF] Request finished HTTP/2 GET https://localhost:7145/_framework/aspnetcore-browser-refresh.js - 200 16509 application/javascript; charset=utf-8 38.7165ms
2025-11-02 01:09:58.911 -06:00 [WRN] The response has already started, the error page middleware will not be executed.
2025-11-02 01:09:58.914 -06:00 [INF] Request finished HTTP/2 GET https://localhost:7145/_vs/browserLink - 200 null text/javascript; charset=UTF-8 61.1496ms
2025-11-02 01:09:58.916 -06:00 [ERR] Connection id "0HNGPRRAAQO9D", Request id "0HNGPRRAAQO9D:00000001": An unhandled exception was thrown by the application.
System.InvalidOperationException: StatusCode cannot be set because the response has already started.
   at Microsoft.AspNetCore.Server.Kestrel.Core.Internal.Http.HttpProtocol.ThrowResponseAlreadyStartedException(String value)
   at Microsoft.AspNetCore.Server.Kestrel.Core.Internal.Http.HttpProtocol.set_StatusCode(Int32 value)
   at Microsoft.AspNetCore.Http.DefaultHttpResponse.Redirect(String location, Boolean permanent)
   at MovieShopMVC.Middlewares.MovieShopExceptionMiddleware.Invoke(HttpContext httpContext) in C:\Users\YJ\Desktop\MovieShop\MovieShopMVC\Middlewares\MovieShopExceptionMiddleware.cs:line 42
   at Microsoft.AspNetCore.Diagnostics.DeveloperExceptionPageMiddlewareImpl.Invoke(HttpContext context)
   at Microsoft.AspNetCore.Diagnostics.DeveloperExceptionPageMiddlewareImpl.Invoke(HttpContext context)
   at Microsoft.WebTools.BrowserLink.Net.BrowserLinkMiddleware.InvokeAsync(HttpContext context)
   at Microsoft.AspNetCore.Watch.BrowserRefresh.BrowserRefreshMiddleware.InvokeAsync(HttpContext context)
   at Microsoft.AspNetCore.Server.Kestrel.Core.Internal.Http.HttpProtocol.ProcessRequests[TContext](IHttpApplication`1 application)
2025-11-02 01:09:58.926 -06:00 [INF] Request finished HTTP/2 GET https://localhost:7145/ - 200 null text/html; charset=utf-8 1218.1167ms
2025-11-02 01:10:00.736 -06:00 [INF] Request starting HTTP/2 GET https://localhost:7145/Movies/Details/29 - null null
2025-11-02 01:10:00.742 -06:00 [INF] Executing endpoint 'MovieShopMVC.Controllers.MoviesController.Details (MovieShopMVC)'
2025-11-02 01:10:00.749 -06:00 [INF] Route matched with {action = "Details", controller = "Movies"}. Executing controller action with signature System.Threading.Tasks.Task`1[Microsoft.AspNetCore.Mvc.IActionResult] Details(Int32) on controller MovieShopMVC.Controllers.MoviesController (MovieShopMVC).
2025-11-02 01:10:00.827 -06:00 [WRN] Compiling a query which loads related collections for more than one collection navigation, either via 'Include' or through projection, but no 'QuerySplittingBehavior' has been configured. By default, Entity Framework will use 'QuerySplittingBehavior.SingleQuery', which can potentially result in slow query performance. See https://go.microsoft.com/fwlink/?linkid=2134277 for more information. To identify the query that's triggering this warning call 'ConfigureWarnings(w => w.Throw(RelationalEventId.MultipleCollectionIncludeWarning))'.
2025-11-02 01:10:00.860 -06:00 [INF] Executed DbCommand (2ms) [Parameters=[@__id_0='?' (DbType = Int32)], CommandType='"Text"', CommandTimeout='30']
SELECT [m2].[Id], [m2].[BackdropUrl], [m2].[Budget], [m2].[CreatedBy], [m2].[CreatedDate], [m2].[ImdbUrl], [m2].[OriginalLanguage], [m2].[Overview], [m2].[PosterUrl], [m2].[Price], [m2].[ReleaseDate], [m2].[Revenue], [m2].[Runtime], [m2].[Tagline], [m2].[Title], [m2].[TmdbUrl], [m2].[UpdatedBy], [m2].[UpdatedDate], [s].[MovieId], [s].[GenreId], [s].[Id], [s].[Name], [s0].[MovieId], [s0].[CastId], [s0].[Character], [s0].[Id], [s0].[Gender], [s0].[Name], [s0].[ProfilePath], [s0].[TmdbUrl], [t].[Id], [t].[MovieId], [t].[Name], [t].[TrailerUrl]
FROM (
    SELECT TOP(1) [m].[Id], [m].[BackdropUrl], [m].[Budget], [m].[CreatedBy], [m].[CreatedDate], [m].[ImdbUrl], [m].[OriginalLanguage], [m].[Overview], [m].[PosterUrl], [m].[Price], [m].[ReleaseDate], [m].[Revenue], [m].[Runtime], [m].[Tagline], [m].[Title], [m].[TmdbUrl], [m].[UpdatedBy], [m].[UpdatedDate]
    FROM [Movie] AS [m]
    WHERE [m].[Id] = @__id_0
) AS [m2]
LEFT JOIN (
    SELECT [m0].[MovieId], [m0].[GenreId], [g].[Id], [g].[Name]
    FROM [MovieGenre] AS [m0]
    INNER JOIN [Genre] AS [g] ON [m0].[GenreId] = [g].[Id]
) AS [s] ON [m2].[Id] = [s].[MovieId]
LEFT JOIN (
    SELECT [m1].[MovieId], [m1].[CastId], [m1].[Character], [c].[Id], [c].[Gender], [c].[Name], [c].[ProfilePath], [c].[TmdbUrl]
    FROM [MovieCast] AS [m1]
    INNER JOIN [Cast] AS [c] ON [m1].[CastId] = [c].[Id]
) AS [s0] ON [m2].[Id] = [s0].[MovieId]
LEFT JOIN [Trailer] AS [t] ON [m2].[Id] = [t].[MovieId]
ORDER BY [m2].[Id], [s].[MovieId], [s].[GenreId], [s].[Id], [s0].[MovieId], [s0].[CastId], [s0].[Character], [s0].[Id]
2025-11-02 01:10:00.924 -06:00 [INF] Executed DbCommand (1ms) [Parameters=[@__id_0='?' (DbType = Int32)], CommandType='"Text"', CommandTimeout='30']
SELECT AVG([r].[Rating])
FROM [Review] AS [r]
WHERE [r].[MovieId] = @__id_0
2025-11-02 01:10:00.930 -06:00 [INF] Executing ViewResult, running view Details.
2025-11-02 01:10:00.941 -06:00 [INF] Executed ViewResult - view Details executed in 11.2802ms.
2025-11-02 01:10:00.943 -06:00 [INF] Executed action MovieShopMVC.Controllers.MoviesController.Details (MovieShopMVC) in 192.6386ms
2025-11-02 01:10:00.944 -06:00 [INF] Executed endpoint 'MovieShopMVC.Controllers.MoviesController.Details (MovieShopMVC)'
2025-11-02 01:10:00.945 -06:00 [INF] HTTP GET /Movies/Details/29 responded 200 in 204.7300 ms
2025-11-02 01:10:00.973 -06:00 [ERR] An unhandled exception has occurred while executing the request.
System.InvalidOperationException: StatusCode cannot be set because the response has already started.
   at Microsoft.AspNetCore.Server.Kestrel.Core.Internal.Http.HttpProtocol.ThrowResponseAlreadyStartedException(String value)
   at Microsoft.AspNetCore.Server.Kestrel.Core.Internal.Http.HttpProtocol.set_StatusCode(Int32 value)
   at Microsoft.AspNetCore.Http.DefaultHttpResponse.Redirect(String location, Boolean permanent)
   at MovieShopMVC.Middlewares.MovieShopExceptionMiddleware.Invoke(HttpContext httpContext) in C:\Users\YJ\Desktop\MovieShop\MovieShopMVC\Middlewares\MovieShopExceptionMiddleware.cs:line 42
   at Microsoft.AspNetCore.Diagnostics.DeveloperExceptionPageMiddlewareImpl.Invoke(HttpContext context)
2025-11-02 01:10:00.976 -06:00 [INF] Request starting HTTP/2 GET https://localhost:7145/_framework/aspnetcore-browser-refresh.js - null null
2025-11-02 01:10:00.976 -06:00 [WRN] The response has already started, the error page middleware will not be executed.
2025-11-02 01:10:00.977 -06:00 [INF] Request starting HTTP/2 GET https://localhost:7145/_vs/browserLink - null null
2025-11-02 01:10:00.979 -06:00 [INF] Request finished HTTP/2 GET https://localhost:7145/_framework/aspnetcore-browser-refresh.js - 200 16509 application/javascript; charset=utf-8 3.3886ms
2025-11-02 01:10:00.980 -06:00 [ERR] Connection id "0HNGPRRAAQO9D", Request id "0HNGPRRAAQO9D:00000007": An unhandled exception was thrown by the application.
System.InvalidOperationException: StatusCode cannot be set because the response has already started.
   at Microsoft.AspNetCore.Server.Kestrel.Core.Internal.Http.HttpProtocol.ThrowResponseAlreadyStartedException(String value)
   at Microsoft.AspNetCore.Server.Kestrel.Core.Internal.Http.HttpProtocol.set_StatusCode(Int32 value)
   at Microsoft.AspNetCore.Http.DefaultHttpResponse.Redirect(String location, Boolean permanent)
   at MovieShopMVC.Middlewares.MovieShopExceptionMiddleware.Invoke(HttpContext httpContext) in C:\Users\YJ\Desktop\MovieShop\MovieShopMVC\Middlewares\MovieShopExceptionMiddleware.cs:line 42
   at Microsoft.AspNetCore.Diagnostics.DeveloperExceptionPageMiddlewareImpl.Invoke(HttpContext context)
   at Microsoft.AspNetCore.Diagnostics.DeveloperExceptionPageMiddlewareImpl.Invoke(HttpContext context)
   at Microsoft.WebTools.BrowserLink.Net.BrowserLinkMiddleware.InvokeAsync(HttpContext context)
   at Microsoft.AspNetCore.Watch.BrowserRefresh.BrowserRefreshMiddleware.InvokeAsync(HttpContext context)
   at Microsoft.AspNetCore.Server.Kestrel.Core.Internal.Http.HttpProtocol.ProcessRequests[TContext](IHttpApplication`1 application)
2025-11-02 01:10:00.990 -06:00 [INF] Request finished HTTP/2 GET https://localhost:7145/Movies/Details/29 - 200 null text/html; charset=utf-8 254.241ms
2025-11-02 01:10:00.998 -06:00 [INF] Request finished HTTP/2 GET https://localhost:7145/_vs/browserLink - 200 null text/javascript; charset=UTF-8 21.051ms
2025-11-02 01:10:43.754 -06:00 [INF] Request starting HTTP/2 GET https://localhost:7145/ - null null
2025-11-02 01:10:43.765 -06:00 [INF] Executing endpoint 'MovieShopMVC.Controllers.HomeController.Index (MovieShopMVC)'
2025-11-02 01:10:43.766 -06:00 [INF] Route matched with {action = "Index", controller = "Home"}. Executing controller action with signature System.Threading.Tasks.Task`1[Microsoft.AspNetCore.Mvc.IActionResult] Index() on controller MovieShopMVC.Controllers.HomeController (MovieShopMVC).
2025-11-02 01:10:43.859 -06:00 [INF] Executed DbCommand (36ms) [Parameters=[@__p_0='?' (DbType = Int32)], CommandType='"Text"', CommandTimeout='30']
SELECT TOP(@__p_0) [m].[Id], [m].[BackdropUrl], [m].[Budget], [m].[CreatedBy], [m].[CreatedDate], [m].[ImdbUrl], [m].[OriginalLanguage], [m].[Overview], [m].[PosterUrl], [m].[Price], [m].[ReleaseDate], [m].[Revenue], [m].[Runtime], [m].[Tagline], [m].[Title], [m].[TmdbUrl], [m].[UpdatedBy], [m].[UpdatedDate]
FROM [Movie] AS [m]
ORDER BY [m].[Revenue] DESC
2025-11-02 01:10:43.865 -06:00 [INF] Executing ViewResult, running view Index.
2025-11-02 01:10:43.869 -06:00 [INF] Executed ViewResult - view Index executed in 4.7018ms.
2025-11-02 01:10:43.874 -06:00 [INF] Executed action MovieShopMVC.Controllers.HomeController.Index (MovieShopMVC) in 106.5044ms
2025-11-02 01:10:43.876 -06:00 [INF] Executed endpoint 'MovieShopMVC.Controllers.HomeController.Index (MovieShopMVC)'
2025-11-02 01:10:43.877 -06:00 [INF] HTTP GET / responded 200 in 113.6230 ms
2025-11-02 01:10:43.911 -06:00 [ERR] An unhandled exception has occurred while executing the request.
System.InvalidOperationException: StatusCode cannot be set because the response has already started.
   at Microsoft.AspNetCore.Server.Kestrel.Core.Internal.Http.HttpProtocol.ThrowResponseAlreadyStartedException(String value)
   at Microsoft.AspNetCore.Server.Kestrel.Core.Internal.Http.HttpProtocol.set_StatusCode(Int32 value)
   at Microsoft.AspNetCore.Http.DefaultHttpResponse.Redirect(String location, Boolean permanent)
   at MovieShopMVC.Middlewares.MovieShopExceptionMiddleware.Invoke(HttpContext httpContext) in C:\Users\YJ\Desktop\MovieShop\MovieShopMVC\Middlewares\MovieShopExceptionMiddleware.cs:line 42
   at Microsoft.AspNetCore.Diagnostics.DeveloperExceptionPageMiddlewareImpl.Invoke(HttpContext context)
2025-11-02 01:10:43.911 -06:00 [INF] Request starting HTTP/2 GET https://localhost:7145/_framework/aspnetcore-browser-refresh.js - null null
2025-11-02 01:10:43.913 -06:00 [WRN] The response has already started, the error page middleware will not be executed.
2025-11-02 01:10:43.915 -06:00 [INF] Request finished HTTP/2 GET https://localhost:7145/_framework/aspnetcore-browser-refresh.js - 200 16509 application/javascript; charset=utf-8 4.2114ms
2025-11-02 01:10:43.916 -06:00 [ERR] Connection id "0HNGPRRAAQO9D", Request id "0HNGPRRAAQO9D:0000000D": An unhandled exception was thrown by the application.
System.InvalidOperationException: StatusCode cannot be set because the response has already started.
   at Microsoft.AspNetCore.Server.Kestrel.Core.Internal.Http.HttpProtocol.ThrowResponseAlreadyStartedException(String value)
   at Microsoft.AspNetCore.Server.Kestrel.Core.Internal.Http.HttpProtocol.set_StatusCode(Int32 value)
   at Microsoft.AspNetCore.Http.DefaultHttpResponse.Redirect(String location, Boolean permanent)
   at MovieShopMVC.Middlewares.MovieShopExceptionMiddleware.Invoke(HttpContext httpContext) in C:\Users\YJ\Desktop\MovieShop\MovieShopMVC\Middlewares\MovieShopExceptionMiddleware.cs:line 42
   at Microsoft.AspNetCore.Diagnostics.DeveloperExceptionPageMiddlewareImpl.Invoke(HttpContext context)
   at Microsoft.AspNetCore.Diagnostics.DeveloperExceptionPageMiddlewareImpl.Invoke(HttpContext context)
   at Microsoft.WebTools.BrowserLink.Net.BrowserLinkMiddleware.InvokeAsync(HttpContext context)
   at Microsoft.AspNetCore.Watch.BrowserRefresh.BrowserRefreshMiddleware.InvokeAsync(HttpContext context)
   at Microsoft.AspNetCore.Server.Kestrel.Core.Internal.Http.HttpProtocol.ProcessRequests[TContext](IHttpApplication`1 application)
2025-11-02 01:10:43.922 -06:00 [INF] Request finished HTTP/2 GET https://localhost:7145/ - 200 null text/html; charset=utf-8 168.419ms
2025-11-02 01:10:45.220 -06:00 [INF] Request starting HTTP/2 GET https://localhost:7145/Movies/Details/5 - null null
2025-11-02 01:10:45.224 -06:00 [INF] Executing endpoint 'MovieShopMVC.Controllers.MoviesController.Details (MovieShopMVC)'
2025-11-02 01:10:45.225 -06:00 [INF] Route matched with {action = "Details", controller = "Movies"}. Executing controller action with signature System.Threading.Tasks.Task`1[Microsoft.AspNetCore.Mvc.IActionResult] Details(Int32) on controller MovieShopMVC.Controllers.MoviesController (MovieShopMVC).
2025-11-02 01:10:45.229 -06:00 [INF] Executed DbCommand (1ms) [Parameters=[@__id_0='?' (DbType = Int32)], CommandType='"Text"', CommandTimeout='30']
SELECT [m2].[Id], [m2].[BackdropUrl], [m2].[Budget], [m2].[CreatedBy], [m2].[CreatedDate], [m2].[ImdbUrl], [m2].[OriginalLanguage], [m2].[Overview], [m2].[PosterUrl], [m2].[Price], [m2].[ReleaseDate], [m2].[Revenue], [m2].[Runtime], [m2].[Tagline], [m2].[Title], [m2].[TmdbUrl], [m2].[UpdatedBy], [m2].[UpdatedDate], [s].[MovieId], [s].[GenreId], [s].[Id], [s].[Name], [s0].[MovieId], [s0].[CastId], [s0].[Character], [s0].[Id], [s0].[Gender], [s0].[Name], [s0].[ProfilePath], [s0].[TmdbUrl], [t].[Id], [t].[MovieId], [t].[Name], [t].[TrailerUrl]
FROM (
    SELECT TOP(1) [m].[Id], [m].[BackdropUrl], [m].[Budget], [m].[CreatedBy], [m].[CreatedDate], [m].[ImdbUrl], [m].[OriginalLanguage], [m].[Overview], [m].[PosterUrl], [m].[Price], [m].[ReleaseDate], [m].[Revenue], [m].[Runtime], [m].[Tagline], [m].[Title], [m].[TmdbUrl], [m].[UpdatedBy], [m].[UpdatedDate]
    FROM [Movie] AS [m]
    WHERE [m].[Id] = @__id_0
) AS [m2]
LEFT JOIN (
    SELECT [m0].[MovieId], [m0].[GenreId], [g].[Id], [g].[Name]
    FROM [MovieGenre] AS [m0]
    INNER JOIN [Genre] AS [g] ON [m0].[GenreId] = [g].[Id]
) AS [s] ON [m2].[Id] = [s].[MovieId]
LEFT JOIN (
    SELECT [m1].[MovieId], [m1].[CastId], [m1].[Character], [c].[Id], [c].[Gender], [c].[Name], [c].[ProfilePath], [c].[TmdbUrl]
    FROM [MovieCast] AS [m1]
    INNER JOIN [Cast] AS [c] ON [m1].[CastId] = [c].[Id]
) AS [s0] ON [m2].[Id] = [s0].[MovieId]
LEFT JOIN [Trailer] AS [t] ON [m2].[Id] = [t].[MovieId]
ORDER BY [m2].[Id], [s].[MovieId], [s].[GenreId], [s].[Id], [s0].[MovieId], [s0].[CastId], [s0].[Character], [s0].[Id]
2025-11-02 01:10:45.236 -06:00 [INF] Executed DbCommand (1ms) [Parameters=[@__id_0='?' (DbType = Int32)], CommandType='"Text"', CommandTimeout='30']
SELECT AVG([r].[Rating])
FROM [Review] AS [r]
WHERE [r].[MovieId] = @__id_0
2025-11-02 01:10:45.237 -06:00 [INF] Executing ViewResult, running view Details.
2025-11-02 01:10:45.240 -06:00 [INF] Executed ViewResult - view Details executed in 3.0765ms.
2025-11-02 01:10:45.241 -06:00 [INF] Executed action MovieShopMVC.Controllers.MoviesController.Details (MovieShopMVC) in 15.2639ms
2025-11-02 01:10:45.243 -06:00 [INF] Executed endpoint 'MovieShopMVC.Controllers.MoviesController.Details (MovieShopMVC)'
2025-11-02 01:10:45.243 -06:00 [INF] HTTP GET /Movies/Details/5 responded 200 in 20.1016 ms
2025-11-02 01:10:45.264 -06:00 [ERR] An unhandled exception has occurred while executing the request.
System.InvalidOperationException: StatusCode cannot be set because the response has already started.
   at Microsoft.AspNetCore.Server.Kestrel.Core.Internal.Http.HttpProtocol.ThrowResponseAlreadyStartedException(String value)
   at Microsoft.AspNetCore.Server.Kestrel.Core.Internal.Http.HttpProtocol.set_StatusCode(Int32 value)
   at Microsoft.AspNetCore.Http.DefaultHttpResponse.Redirect(String location, Boolean permanent)
   at MovieShopMVC.Middlewares.MovieShopExceptionMiddleware.Invoke(HttpContext httpContext) in C:\Users\YJ\Desktop\MovieShop\MovieShopMVC\Middlewares\MovieShopExceptionMiddleware.cs:line 42
   at Microsoft.AspNetCore.Diagnostics.DeveloperExceptionPageMiddlewareImpl.Invoke(HttpContext context)
2025-11-02 01:10:45.266 -06:00 [WRN] The response has already started, the error page middleware will not be executed.
2025-11-02 01:10:45.267 -06:00 [ERR] Connection id "0HNGPRRAAQO9D", Request id "0HNGPRRAAQO9D:00000011": An unhandled exception was thrown by the application.
System.InvalidOperationException: StatusCode cannot be set because the response has already started.
   at Microsoft.AspNetCore.Server.Kestrel.Core.Internal.Http.HttpProtocol.ThrowResponseAlreadyStartedException(String value)
   at Microsoft.AspNetCore.Server.Kestrel.Core.Internal.Http.HttpProtocol.set_StatusCode(Int32 value)
   at Microsoft.AspNetCore.Http.DefaultHttpResponse.Redirect(String location, Boolean permanent)
   at MovieShopMVC.Middlewares.MovieShopExceptionMiddleware.Invoke(HttpContext httpContext) in C:\Users\YJ\Desktop\MovieShop\MovieShopMVC\Middlewares\MovieShopExceptionMiddleware.cs:line 42
   at Microsoft.AspNetCore.Diagnostics.DeveloperExceptionPageMiddlewareImpl.Invoke(HttpContext context)
   at Microsoft.AspNetCore.Diagnostics.DeveloperExceptionPageMiddlewareImpl.Invoke(HttpContext context)
   at Microsoft.WebTools.BrowserLink.Net.BrowserLinkMiddleware.InvokeAsync(HttpContext context)
   at Microsoft.AspNetCore.Watch.BrowserRefresh.BrowserRefreshMiddleware.InvokeAsync(HttpContext context)
   at Microsoft.AspNetCore.Server.Kestrel.Core.Internal.Http.HttpProtocol.ProcessRequests[TContext](IHttpApplication`1 application)
2025-11-02 01:10:45.271 -06:00 [INF] Request finished HTTP/2 GET https://localhost:7145/Movies/Details/5 - 200 null text/html; charset=utf-8 51.3503ms
2025-11-02 01:10:45.281 -06:00 [INF] Request starting HTTP/2 GET https://localhost:7145/_framework/aspnetcore-browser-refresh.js - null null
2025-11-02 01:10:45.281 -06:00 [INF] Request starting HTTP/2 GET https://localhost:7145/_vs/browserLink - null null
2025-11-02 01:10:45.284 -06:00 [INF] Request finished HTTP/2 GET https://localhost:7145/_framework/aspnetcore-browser-refresh.js - 200 16509 application/javascript; charset=utf-8 2.9141ms
2025-11-02 01:10:45.295 -06:00 [INF] Request finished HTTP/2 GET https://localhost:7145/_vs/browserLink - 200 null text/javascript; charset=UTF-8 13.5732ms
2025-11-02 01:10:46.440 -06:00 [INF] Request starting HTTP/2 GET https://localhost:7145/ - null null
2025-11-02 01:10:46.443 -06:00 [INF] Executing endpoint 'MovieShopMVC.Controllers.HomeController.Index (MovieShopMVC)'
2025-11-02 01:10:46.444 -06:00 [INF] Route matched with {action = "Index", controller = "Home"}. Executing controller action with signature System.Threading.Tasks.Task`1[Microsoft.AspNetCore.Mvc.IActionResult] Index() on controller MovieShopMVC.Controllers.HomeController (MovieShopMVC).
2025-11-02 01:10:46.474 -06:00 [INF] Executed DbCommand (28ms) [Parameters=[@__p_0='?' (DbType = Int32)], CommandType='"Text"', CommandTimeout='30']
SELECT TOP(@__p_0) [m].[Id], [m].[BackdropUrl], [m].[Budget], [m].[CreatedBy], [m].[CreatedDate], [m].[ImdbUrl], [m].[OriginalLanguage], [m].[Overview], [m].[PosterUrl], [m].[Price], [m].[ReleaseDate], [m].[Revenue], [m].[Runtime], [m].[Tagline], [m].[Title], [m].[TmdbUrl], [m].[UpdatedBy], [m].[UpdatedDate]
FROM [Movie] AS [m]
ORDER BY [m].[Revenue] DESC
2025-11-02 01:10:46.479 -06:00 [INF] Executing ViewResult, running view Index.
2025-11-02 01:10:46.484 -06:00 [INF] Executed ViewResult - view Index executed in 4.9974ms.
2025-11-02 01:10:46.486 -06:00 [INF] Executed action MovieShopMVC.Controllers.HomeController.Index (MovieShopMVC) in 40.0584ms
2025-11-02 01:10:46.486 -06:00 [INF] Executed endpoint 'MovieShopMVC.Controllers.HomeController.Index (MovieShopMVC)'
2025-11-02 01:10:46.487 -06:00 [INF] HTTP GET / responded 200 in 44.0030 ms
2025-11-02 01:10:46.522 -06:00 [ERR] An unhandled exception has occurred while executing the request.
System.InvalidOperationException: StatusCode cannot be set because the response has already started.
   at Microsoft.AspNetCore.Server.Kestrel.Core.Internal.Http.HttpProtocol.ThrowResponseAlreadyStartedException(String value)
   at Microsoft.AspNetCore.Server.Kestrel.Core.Internal.Http.HttpProtocol.set_StatusCode(Int32 value)
   at Microsoft.AspNetCore.Http.DefaultHttpResponse.Redirect(String location, Boolean permanent)
   at MovieShopMVC.Middlewares.MovieShopExceptionMiddleware.Invoke(HttpContext httpContext) in C:\Users\YJ\Desktop\MovieShop\MovieShopMVC\Middlewares\MovieShopExceptionMiddleware.cs:line 42
   at Microsoft.AspNetCore.Diagnostics.DeveloperExceptionPageMiddlewareImpl.Invoke(HttpContext context)
2025-11-02 01:10:46.522 -06:00 [INF] Request starting HTTP/2 GET https://localhost:7145/_framework/aspnetcore-browser-refresh.js - null null
2025-11-02 01:10:46.525 -06:00 [WRN] The response has already started, the error page middleware will not be executed.
2025-11-02 01:10:46.528 -06:00 [INF] Request finished HTTP/2 GET https://localhost:7145/_framework/aspnetcore-browser-refresh.js - 200 16509 application/javascript; charset=utf-8 5.2294ms
2025-11-02 01:10:46.528 -06:00 [ERR] Connection id "0HNGPRRAAQO9D", Request id "0HNGPRRAAQO9D:00000017": An unhandled exception was thrown by the application.
System.InvalidOperationException: StatusCode cannot be set because the response has already started.
   at Microsoft.AspNetCore.Server.Kestrel.Core.Internal.Http.HttpProtocol.ThrowResponseAlreadyStartedException(String value)
   at Microsoft.AspNetCore.Server.Kestrel.Core.Internal.Http.HttpProtocol.set_StatusCode(Int32 value)
   at Microsoft.AspNetCore.Http.DefaultHttpResponse.Redirect(String location, Boolean permanent)
   at MovieShopMVC.Middlewares.MovieShopExceptionMiddleware.Invoke(HttpContext httpContext) in C:\Users\YJ\Desktop\MovieShop\MovieShopMVC\Middlewares\MovieShopExceptionMiddleware.cs:line 42
   at Microsoft.AspNetCore.Diagnostics.DeveloperExceptionPageMiddlewareImpl.Invoke(HttpContext context)
   at Microsoft.AspNetCore.Diagnostics.DeveloperExceptionPageMiddlewareImpl.Invoke(HttpContext context)
   at Microsoft.WebTools.BrowserLink.Net.BrowserLinkMiddleware.InvokeAsync(HttpContext context)
   at Microsoft.AspNetCore.Watch.BrowserRefresh.BrowserRefreshMiddleware.InvokeAsync(HttpContext context)
   at Microsoft.AspNetCore.Server.Kestrel.Core.Internal.Http.HttpProtocol.ProcessRequests[TContext](IHttpApplication`1 application)
2025-11-02 01:10:46.533 -06:00 [INF] Request finished HTTP/2 GET https://localhost:7145/ - 200 null text/html; charset=utf-8 93.7208ms
2025-11-02 01:10:47.063 -06:00 [INF] Request starting HTTP/2 GET https://localhost:7145/Movies/Details/220 - null null
2025-11-02 01:10:47.067 -06:00 [INF] Executing endpoint 'MovieShopMVC.Controllers.MoviesController.Details (MovieShopMVC)'
2025-11-02 01:10:47.068 -06:00 [INF] Route matched with {action = "Details", controller = "Movies"}. Executing controller action with signature System.Threading.Tasks.Task`1[Microsoft.AspNetCore.Mvc.IActionResult] Details(Int32) on controller MovieShopMVC.Controllers.MoviesController (MovieShopMVC).
2025-11-02 01:10:47.074 -06:00 [INF] Executed DbCommand (2ms) [Parameters=[@__id_0='?' (DbType = Int32)], CommandType='"Text"', CommandTimeout='30']
SELECT [m2].[Id], [m2].[BackdropUrl], [m2].[Budget], [m2].[CreatedBy], [m2].[CreatedDate], [m2].[ImdbUrl], [m2].[OriginalLanguage], [m2].[Overview], [m2].[PosterUrl], [m2].[Price], [m2].[ReleaseDate], [m2].[Revenue], [m2].[Runtime], [m2].[Tagline], [m2].[Title], [m2].[TmdbUrl], [m2].[UpdatedBy], [m2].[UpdatedDate], [s].[MovieId], [s].[GenreId], [s].[Id], [s].[Name], [s0].[MovieId], [s0].[CastId], [s0].[Character], [s0].[Id], [s0].[Gender], [s0].[Name], [s0].[ProfilePath], [s0].[TmdbUrl], [t].[Id], [t].[MovieId], [t].[Name], [t].[TrailerUrl]
FROM (
    SELECT TOP(1) [m].[Id], [m].[BackdropUrl], [m].[Budget], [m].[CreatedBy], [m].[CreatedDate], [m].[ImdbUrl], [m].[OriginalLanguage], [m].[Overview], [m].[PosterUrl], [m].[Price], [m].[ReleaseDate], [m].[Revenue], [m].[Runtime], [m].[Tagline], [m].[Title], [m].[TmdbUrl], [m].[UpdatedBy], [m].[UpdatedDate]
    FROM [Movie] AS [m]
    WHERE [m].[Id] = @__id_0
) AS [m2]
LEFT JOIN (
    SELECT [m0].[MovieId], [m0].[GenreId], [g].[Id], [g].[Name]
    FROM [MovieGenre] AS [m0]
    INNER JOIN [Genre] AS [g] ON [m0].[GenreId] = [g].[Id]
) AS [s] ON [m2].[Id] = [s].[MovieId]
LEFT JOIN (
    SELECT [m1].[MovieId], [m1].[CastId], [m1].[Character], [c].[Id], [c].[Gender], [c].[Name], [c].[ProfilePath], [c].[TmdbUrl]
    FROM [MovieCast] AS [m1]
    INNER JOIN [Cast] AS [c] ON [m1].[CastId] = [c].[Id]
) AS [s0] ON [m2].[Id] = [s0].[MovieId]
LEFT JOIN [Trailer] AS [t] ON [m2].[Id] = [t].[MovieId]
ORDER BY [m2].[Id], [s].[MovieId], [s].[GenreId], [s].[Id], [s0].[MovieId], [s0].[CastId], [s0].[Character], [s0].[Id]
2025-11-02 01:10:47.081 -06:00 [INF] Executed DbCommand (1ms) [Parameters=[@__id_0='?' (DbType = Int32)], CommandType='"Text"', CommandTimeout='30']
SELECT AVG([r].[Rating])
FROM [Review] AS [r]
WHERE [r].[MovieId] = @__id_0
2025-11-02 01:10:47.083 -06:00 [INF] Executing ViewResult, running view Details.
2025-11-02 01:10:47.086 -06:00 [INF] Executed ViewResult - view Details executed in 2.6408ms.
2025-11-02 01:10:47.091 -06:00 [INF] Executed action MovieShopMVC.Controllers.MoviesController.Details (MovieShopMVC) in 20.8271ms
2025-11-02 01:10:47.092 -06:00 [INF] Executed endpoint 'MovieShopMVC.Controllers.MoviesController.Details (MovieShopMVC)'
2025-11-02 01:10:47.092 -06:00 [INF] HTTP GET /Movies/Details/220 responded 200 in 24.9674 ms
2025-11-02 01:10:47.113 -06:00 [ERR] An unhandled exception has occurred while executing the request.
System.InvalidOperationException: StatusCode cannot be set because the response has already started.
   at Microsoft.AspNetCore.Server.Kestrel.Core.Internal.Http.HttpProtocol.ThrowResponseAlreadyStartedException(String value)
   at Microsoft.AspNetCore.Server.Kestrel.Core.Internal.Http.HttpProtocol.set_StatusCode(Int32 value)
   at Microsoft.AspNetCore.Http.DefaultHttpResponse.Redirect(String location, Boolean permanent)
   at MovieShopMVC.Middlewares.MovieShopExceptionMiddleware.Invoke(HttpContext httpContext) in C:\Users\YJ\Desktop\MovieShop\MovieShopMVC\Middlewares\MovieShopExceptionMiddleware.cs:line 42
   at Microsoft.AspNetCore.Diagnostics.DeveloperExceptionPageMiddlewareImpl.Invoke(HttpContext context)
2025-11-02 01:10:47.115 -06:00 [WRN] The response has already started, the error page middleware will not be executed.
2025-11-02 01:10:47.117 -06:00 [ERR] Connection id "0HNGPRRAAQO9D", Request id "0HNGPRRAAQO9D:0000001B": An unhandled exception was thrown by the application.
System.InvalidOperationException: StatusCode cannot be set because the response has already started.
   at Microsoft.AspNetCore.Server.Kestrel.Core.Internal.Http.HttpProtocol.ThrowResponseAlreadyStartedException(String value)
   at Microsoft.AspNetCore.Server.Kestrel.Core.Internal.Http.HttpProtocol.set_StatusCode(Int32 value)
   at Microsoft.AspNetCore.Http.DefaultHttpResponse.Redirect(String location, Boolean permanent)
   at MovieShopMVC.Middlewares.MovieShopExceptionMiddleware.Invoke(HttpContext httpContext) in C:\Users\YJ\Desktop\MovieShop\MovieShopMVC\Middlewares\MovieShopExceptionMiddleware.cs:line 42
   at Microsoft.AspNetCore.Diagnostics.DeveloperExceptionPageMiddlewareImpl.Invoke(HttpContext context)
   at Microsoft.AspNetCore.Diagnostics.DeveloperExceptionPageMiddlewareImpl.Invoke(HttpContext context)
   at Microsoft.WebTools.BrowserLink.Net.BrowserLinkMiddleware.InvokeAsync(HttpContext context)
   at Microsoft.AspNetCore.Watch.BrowserRefresh.BrowserRefreshMiddleware.InvokeAsync(HttpContext context)
   at Microsoft.AspNetCore.Server.Kestrel.Core.Internal.Http.HttpProtocol.ProcessRequests[TContext](IHttpApplication`1 application)
2025-11-02 01:10:47.120 -06:00 [INF] Request finished HTTP/2 GET https://localhost:7145/Movies/Details/220 - 200 null text/html; charset=utf-8 56.963ms
2025-11-02 01:10:47.123 -06:00 [INF] Request starting HTTP/2 GET https://localhost:7145/_framework/aspnetcore-browser-refresh.js - null null
2025-11-02 01:10:47.124 -06:00 [INF] Request starting HTTP/2 GET https://localhost:7145/_vs/browserLink - null null
2025-11-02 01:10:47.126 -06:00 [INF] Request finished HTTP/2 GET https://localhost:7145/_framework/aspnetcore-browser-refresh.js - 200 16509 application/javascript; charset=utf-8 3.0472ms
2025-11-02 01:10:47.135 -06:00 [INF] Request finished HTTP/2 GET https://localhost:7145/_vs/browserLink - 200 null text/javascript; charset=UTF-8 11.3197ms
2025-11-02 01:10:51.525 -06:00 [INF] Request starting HTTP/2 GET https://localhost:7145/ - null null
2025-11-02 01:10:51.530 -06:00 [INF] Executing endpoint 'MovieShopMVC.Controllers.HomeController.Index (MovieShopMVC)'
2025-11-02 01:10:51.531 -06:00 [INF] Route matched with {action = "Index", controller = "Home"}. Executing controller action with signature System.Threading.Tasks.Task`1[Microsoft.AspNetCore.Mvc.IActionResult] Index() on controller MovieShopMVC.Controllers.HomeController (MovieShopMVC).
2025-11-02 01:10:51.572 -06:00 [INF] Executed DbCommand (39ms) [Parameters=[@__p_0='?' (DbType = Int32)], CommandType='"Text"', CommandTimeout='30']
SELECT TOP(@__p_0) [m].[Id], [m].[BackdropUrl], [m].[Budget], [m].[CreatedBy], [m].[CreatedDate], [m].[ImdbUrl], [m].[OriginalLanguage], [m].[Overview], [m].[PosterUrl], [m].[Price], [m].[ReleaseDate], [m].[Revenue], [m].[Runtime], [m].[Tagline], [m].[Title], [m].[TmdbUrl], [m].[UpdatedBy], [m].[UpdatedDate]
FROM [Movie] AS [m]
ORDER BY [m].[Revenue] DESC
2025-11-02 01:10:51.577 -06:00 [INF] Executing ViewResult, running view Index.
2025-11-02 01:10:51.581 -06:00 [INF] Executed ViewResult - view Index executed in 3.8828ms.
2025-11-02 01:10:51.583 -06:00 [INF] Executed action MovieShopMVC.Controllers.HomeController.Index (MovieShopMVC) in 50.6311ms
2025-11-02 01:10:51.584 -06:00 [INF] Executed endpoint 'MovieShopMVC.Controllers.HomeController.Index (MovieShopMVC)'
2025-11-02 01:10:51.584 -06:00 [INF] HTTP GET / responded 200 in 54.4845 ms
2025-11-02 01:10:51.602 -06:00 [ERR] An unhandled exception has occurred while executing the request.
System.InvalidOperationException: StatusCode cannot be set because the response has already started.
   at Microsoft.AspNetCore.Server.Kestrel.Core.Internal.Http.HttpProtocol.ThrowResponseAlreadyStartedException(String value)
   at Microsoft.AspNetCore.Server.Kestrel.Core.Internal.Http.HttpProtocol.set_StatusCode(Int32 value)
   at Microsoft.AspNetCore.Http.DefaultHttpResponse.Redirect(String location, Boolean permanent)
   at MovieShopMVC.Middlewares.MovieShopExceptionMiddleware.Invoke(HttpContext httpContext) in C:\Users\YJ\Desktop\MovieShop\MovieShopMVC\Middlewares\MovieShopExceptionMiddleware.cs:line 42
   at Microsoft.AspNetCore.Diagnostics.DeveloperExceptionPageMiddlewareImpl.Invoke(HttpContext context)
2025-11-02 01:10:51.604 -06:00 [WRN] The response has already started, the error page middleware will not be executed.
2025-11-02 01:10:51.606 -06:00 [ERR] Connection id "0HNGPRRAAQO9D", Request id "0HNGPRRAAQO9D:00000021": An unhandled exception was thrown by the application.
System.InvalidOperationException: StatusCode cannot be set because the response has already started.
   at Microsoft.AspNetCore.Server.Kestrel.Core.Internal.Http.HttpProtocol.ThrowResponseAlreadyStartedException(String value)
   at Microsoft.AspNetCore.Server.Kestrel.Core.Internal.Http.HttpProtocol.set_StatusCode(Int32 value)
   at Microsoft.AspNetCore.Http.DefaultHttpResponse.Redirect(String location, Boolean permanent)
   at MovieShopMVC.Middlewares.MovieShopExceptionMiddleware.Invoke(HttpContext httpContext) in C:\Users\YJ\Desktop\MovieShop\MovieShopMVC\Middlewares\MovieShopExceptionMiddleware.cs:line 42
   at Microsoft.AspNetCore.Diagnostics.DeveloperExceptionPageMiddlewareImpl.Invoke(HttpContext context)
   at Microsoft.AspNetCore.Diagnostics.DeveloperExceptionPageMiddlewareImpl.Invoke(HttpContext context)
   at Microsoft.WebTools.BrowserLink.Net.BrowserLinkMiddleware.InvokeAsync(HttpContext context)
   at Microsoft.AspNetCore.Watch.BrowserRefresh.BrowserRefreshMiddleware.InvokeAsync(HttpContext context)
   at Microsoft.AspNetCore.Server.Kestrel.Core.Internal.Http.HttpProtocol.ProcessRequests[TContext](IHttpApplication`1 application)
2025-11-02 01:10:51.609 -06:00 [INF] Request finished HTTP/2 GET https://localhost:7145/ - 200 null text/html; charset=utf-8 83.8502ms
2025-11-02 01:10:54.733 -06:00 [INF] Request starting HTTP/2 GET https://localhost:7145/Movies/Details/88 - null null
2025-11-02 01:10:54.739 -06:00 [INF] Executing endpoint 'MovieShopMVC.Controllers.MoviesController.Details (MovieShopMVC)'
2025-11-02 01:10:54.740 -06:00 [INF] Route matched with {action = "Details", controller = "Movies"}. Executing controller action with signature System.Threading.Tasks.Task`1[Microsoft.AspNetCore.Mvc.IActionResult] Details(Int32) on controller MovieShopMVC.Controllers.MoviesController (MovieShopMVC).
2025-11-02 01:10:54.744 -06:00 [INF] Executed DbCommand (2ms) [Parameters=[@__id_0='?' (DbType = Int32)], CommandType='"Text"', CommandTimeout='30']
SELECT [m2].[Id], [m2].[BackdropUrl], [m2].[Budget], [m2].[CreatedBy], [m2].[CreatedDate], [m2].[ImdbUrl], [m2].[OriginalLanguage], [m2].[Overview], [m2].[PosterUrl], [m2].[Price], [m2].[ReleaseDate], [m2].[Revenue], [m2].[Runtime], [m2].[Tagline], [m2].[Title], [m2].[TmdbUrl], [m2].[UpdatedBy], [m2].[UpdatedDate], [s].[MovieId], [s].[GenreId], [s].[Id], [s].[Name], [s0].[MovieId], [s0].[CastId], [s0].[Character], [s0].[Id], [s0].[Gender], [s0].[Name], [s0].[ProfilePath], [s0].[TmdbUrl], [t].[Id], [t].[MovieId], [t].[Name], [t].[TrailerUrl]
FROM (
    SELECT TOP(1) [m].[Id], [m].[BackdropUrl], [m].[Budget], [m].[CreatedBy], [m].[CreatedDate], [m].[ImdbUrl], [m].[OriginalLanguage], [m].[Overview], [m].[PosterUrl], [m].[Price], [m].[ReleaseDate], [m].[Revenue], [m].[Runtime], [m].[Tagline], [m].[Title], [m].[TmdbUrl], [m].[UpdatedBy], [m].[UpdatedDate]
    FROM [Movie] AS [m]
    WHERE [m].[Id] = @__id_0
) AS [m2]
LEFT JOIN (
    SELECT [m0].[MovieId], [m0].[GenreId], [g].[Id], [g].[Name]
    FROM [MovieGenre] AS [m0]
    INNER JOIN [Genre] AS [g] ON [m0].[GenreId] = [g].[Id]
) AS [s] ON [m2].[Id] = [s].[MovieId]
LEFT JOIN (
    SELECT [m1].[MovieId], [m1].[CastId], [m1].[Character], [c].[Id], [c].[Gender], [c].[Name], [c].[ProfilePath], [c].[TmdbUrl]
    FROM [MovieCast] AS [m1]
    INNER JOIN [Cast] AS [c] ON [m1].[CastId] = [c].[Id]
) AS [s0] ON [m2].[Id] = [s0].[MovieId]
LEFT JOIN [Trailer] AS [t] ON [m2].[Id] = [t].[MovieId]
ORDER BY [m2].[Id], [s].[MovieId], [s].[GenreId], [s].[Id], [s0].[MovieId], [s0].[CastId], [s0].[Character], [s0].[Id]
2025-11-02 01:10:54.749 -06:00 [INF] Executed DbCommand (1ms) [Parameters=[@__id_0='?' (DbType = Int32)], CommandType='"Text"', CommandTimeout='30']
SELECT AVG([r].[Rating])
FROM [Review] AS [r]
WHERE [r].[MovieId] = @__id_0
2025-11-02 01:10:54.750 -06:00 [INF] Executing ViewResult, running view Details.
2025-11-02 01:10:54.753 -06:00 [INF] Executed ViewResult - view Details executed in 2.6652ms.
2025-11-02 01:10:54.754 -06:00 [INF] Executed action MovieShopMVC.Controllers.MoviesController.Details (MovieShopMVC) in 13.0572ms
2025-11-02 01:10:54.755 -06:00 [INF] Executed endpoint 'MovieShopMVC.Controllers.MoviesController.Details (MovieShopMVC)'
2025-11-02 01:10:54.756 -06:00 [INF] HTTP GET /Movies/Details/88 responded 200 in 17.2145 ms
2025-11-02 01:10:54.778 -06:00 [ERR] An unhandled exception has occurred while executing the request.
System.InvalidOperationException: StatusCode cannot be set because the response has already started.
   at Microsoft.AspNetCore.Server.Kestrel.Core.Internal.Http.HttpProtocol.ThrowResponseAlreadyStartedException(String value)
   at Microsoft.AspNetCore.Server.Kestrel.Core.Internal.Http.HttpProtocol.set_StatusCode(Int32 value)
   at Microsoft.AspNetCore.Http.DefaultHttpResponse.Redirect(String location, Boolean permanent)
   at MovieShopMVC.Middlewares.MovieShopExceptionMiddleware.Invoke(HttpContext httpContext) in C:\Users\YJ\Desktop\MovieShop\MovieShopMVC\Middlewares\MovieShopExceptionMiddleware.cs:line 42
   at Microsoft.AspNetCore.Diagnostics.DeveloperExceptionPageMiddlewareImpl.Invoke(HttpContext context)
2025-11-02 01:10:54.780 -06:00 [WRN] The response has already started, the error page middleware will not be executed.
2025-11-02 01:10:54.782 -06:00 [ERR] Connection id "0HNGPRRAAQO9D", Request id "0HNGPRRAAQO9D:00000023": An unhandled exception was thrown by the application.
System.InvalidOperationException: StatusCode cannot be set because the response has already started.
   at Microsoft.AspNetCore.Server.Kestrel.Core.Internal.Http.HttpProtocol.ThrowResponseAlreadyStartedException(String value)
   at Microsoft.AspNetCore.Server.Kestrel.Core.Internal.Http.HttpProtocol.set_StatusCode(Int32 value)
   at Microsoft.AspNetCore.Http.DefaultHttpResponse.Redirect(String location, Boolean permanent)
   at MovieShopMVC.Middlewares.MovieShopExceptionMiddleware.Invoke(HttpContext httpContext) in C:\Users\YJ\Desktop\MovieShop\MovieShopMVC\Middlewares\MovieShopExceptionMiddleware.cs:line 42
   at Microsoft.AspNetCore.Diagnostics.DeveloperExceptionPageMiddlewareImpl.Invoke(HttpContext context)
   at Microsoft.AspNetCore.Diagnostics.DeveloperExceptionPageMiddlewareImpl.Invoke(HttpContext context)
   at Microsoft.WebTools.BrowserLink.Net.BrowserLinkMiddleware.InvokeAsync(HttpContext context)
   at Microsoft.AspNetCore.Watch.BrowserRefresh.BrowserRefreshMiddleware.InvokeAsync(HttpContext context)
   at Microsoft.AspNetCore.Server.Kestrel.Core.Internal.Http.HttpProtocol.ProcessRequests[TContext](IHttpApplication`1 application)
2025-11-02 01:10:54.785 -06:00 [INF] Request finished HTTP/2 GET https://localhost:7145/Movies/Details/88 - 200 null text/html; charset=utf-8 51.8469ms
2025-11-02 01:10:54.801 -06:00 [INF] Request starting HTTP/2 GET https://localhost:7145/_framework/aspnetcore-browser-refresh.js - null null
2025-11-02 01:10:54.803 -06:00 [INF] Request starting HTTP/2 GET https://localhost:7145/_vs/browserLink - null null
2025-11-02 01:10:54.804 -06:00 [INF] Request finished HTTP/2 GET https://localhost:7145/_framework/aspnetcore-browser-refresh.js - 200 16509 application/javascript; charset=utf-8 3.0366ms
2025-11-02 01:10:54.812 -06:00 [INF] Request finished HTTP/2 GET https://localhost:7145/_vs/browserLink - 200 null text/javascript; charset=UTF-8 9.391ms
2025-11-02 01:10:58.175 -06:00 [INF] Request starting HTTP/2 GET https://localhost:7145/ - null null
2025-11-02 01:10:58.180 -06:00 [INF] Executing endpoint 'MovieShopMVC.Controllers.HomeController.Index (MovieShopMVC)'
2025-11-02 01:10:58.180 -06:00 [INF] Route matched with {action = "Index", controller = "Home"}. Executing controller action with signature System.Threading.Tasks.Task`1[Microsoft.AspNetCore.Mvc.IActionResult] Index() on controller MovieShopMVC.Controllers.HomeController (MovieShopMVC).
2025-11-02 01:10:58.220 -06:00 [INF] Executed DbCommand (37ms) [Parameters=[@__p_0='?' (DbType = Int32)], CommandType='"Text"', CommandTimeout='30']
SELECT TOP(@__p_0) [m].[Id], [m].[BackdropUrl], [m].[Budget], [m].[CreatedBy], [m].[CreatedDate], [m].[ImdbUrl], [m].[OriginalLanguage], [m].[Overview], [m].[PosterUrl], [m].[Price], [m].[ReleaseDate], [m].[Revenue], [m].[Runtime], [m].[Tagline], [m].[Title], [m].[TmdbUrl], [m].[UpdatedBy], [m].[UpdatedDate]
FROM [Movie] AS [m]
ORDER BY [m].[Revenue] DESC
2025-11-02 01:10:58.226 -06:00 [INF] Executing ViewResult, running view Index.
2025-11-02 01:10:58.229 -06:00 [INF] Executed ViewResult - view Index executed in 3.1958ms.
2025-11-02 01:10:58.230 -06:00 [INF] Executed action MovieShopMVC.Controllers.HomeController.Index (MovieShopMVC) in 48.7277ms
2025-11-02 01:10:58.231 -06:00 [INF] Executed endpoint 'MovieShopMVC.Controllers.HomeController.Index (MovieShopMVC)'
2025-11-02 01:10:58.232 -06:00 [INF] HTTP GET / responded 200 in 52.4469 ms
2025-11-02 01:10:58.259 -06:00 [ERR] An unhandled exception has occurred while executing the request.
System.InvalidOperationException: StatusCode cannot be set because the response has already started.
   at Microsoft.AspNetCore.Server.Kestrel.Core.Internal.Http.HttpProtocol.ThrowResponseAlreadyStartedException(String value)
   at Microsoft.AspNetCore.Server.Kestrel.Core.Internal.Http.HttpProtocol.set_StatusCode(Int32 value)
   at Microsoft.AspNetCore.Http.DefaultHttpResponse.Redirect(String location, Boolean permanent)
   at MovieShopMVC.Middlewares.MovieShopExceptionMiddleware.Invoke(HttpContext httpContext) in C:\Users\YJ\Desktop\MovieShop\MovieShopMVC\Middlewares\MovieShopExceptionMiddleware.cs:line 42
   at Microsoft.AspNetCore.Diagnostics.DeveloperExceptionPageMiddlewareImpl.Invoke(HttpContext context)
2025-11-02 01:10:58.262 -06:00 [WRN] The response has already started, the error page middleware will not be executed.
2025-11-02 01:10:58.264 -06:00 [ERR] Connection id "0HNGPRRAAQO9D", Request id "0HNGPRRAAQO9D:00000029": An unhandled exception was thrown by the application.
System.InvalidOperationException: StatusCode cannot be set because the response has already started.
   at Microsoft.AspNetCore.Server.Kestrel.Core.Internal.Http.HttpProtocol.ThrowResponseAlreadyStartedException(String value)
   at Microsoft.AspNetCore.Server.Kestrel.Core.Internal.Http.HttpProtocol.set_StatusCode(Int32 value)
   at Microsoft.AspNetCore.Http.DefaultHttpResponse.Redirect(String location, Boolean permanent)
   at MovieShopMVC.Middlewares.MovieShopExceptionMiddleware.Invoke(HttpContext httpContext) in C:\Users\YJ\Desktop\MovieShop\MovieShopMVC\Middlewares\MovieShopExceptionMiddleware.cs:line 42
   at Microsoft.AspNetCore.Diagnostics.DeveloperExceptionPageMiddlewareImpl.Invoke(HttpContext context)
   at Microsoft.AspNetCore.Diagnostics.DeveloperExceptionPageMiddlewareImpl.Invoke(HttpContext context)
   at Microsoft.WebTools.BrowserLink.Net.BrowserLinkMiddleware.InvokeAsync(HttpContext context)
   at Microsoft.AspNetCore.Watch.BrowserRefresh.BrowserRefreshMiddleware.InvokeAsync(HttpContext context)
   at Microsoft.AspNetCore.Server.Kestrel.Core.Internal.Http.HttpProtocol.ProcessRequests[TContext](IHttpApplication`1 application)
2025-11-02 01:10:58.268 -06:00 [INF] Request finished HTTP/2 GET https://localhost:7145/ - 200 null text/html; charset=utf-8 93.0127ms
2025-11-02 01:11:00.233 -06:00 [INF] Request starting HTTP/2 GET https://localhost:7145/Movies/Details/29 - null null
2025-11-02 01:11:00.237 -06:00 [INF] Executing endpoint 'MovieShopMVC.Controllers.MoviesController.Details (MovieShopMVC)'
2025-11-02 01:11:00.238 -06:00 [INF] Route matched with {action = "Details", controller = "Movies"}. Executing controller action with signature System.Threading.Tasks.Task`1[Microsoft.AspNetCore.Mvc.IActionResult] Details(Int32) on controller MovieShopMVC.Controllers.MoviesController (MovieShopMVC).
2025-11-02 01:11:00.242 -06:00 [INF] Executed DbCommand (1ms) [Parameters=[@__id_0='?' (DbType = Int32)], CommandType='"Text"', CommandTimeout='30']
SELECT [m2].[Id], [m2].[BackdropUrl], [m2].[Budget], [m2].[CreatedBy], [m2].[CreatedDate], [m2].[ImdbUrl], [m2].[OriginalLanguage], [m2].[Overview], [m2].[PosterUrl], [m2].[Price], [m2].[ReleaseDate], [m2].[Revenue], [m2].[Runtime], [m2].[Tagline], [m2].[Title], [m2].[TmdbUrl], [m2].[UpdatedBy], [m2].[UpdatedDate], [s].[MovieId], [s].[GenreId], [s].[Id], [s].[Name], [s0].[MovieId], [s0].[CastId], [s0].[Character], [s0].[Id], [s0].[Gender], [s0].[Name], [s0].[ProfilePath], [s0].[TmdbUrl], [t].[Id], [t].[MovieId], [t].[Name], [t].[TrailerUrl]
FROM (
    SELECT TOP(1) [m].[Id], [m].[BackdropUrl], [m].[Budget], [m].[CreatedBy], [m].[CreatedDate], [m].[ImdbUrl], [m].[OriginalLanguage], [m].[Overview], [m].[PosterUrl], [m].[Price], [m].[ReleaseDate], [m].[Revenue], [m].[Runtime], [m].[Tagline], [m].[Title], [m].[TmdbUrl], [m].[UpdatedBy], [m].[UpdatedDate]
    FROM [Movie] AS [m]
    WHERE [m].[Id] = @__id_0
) AS [m2]
LEFT JOIN (
    SELECT [m0].[MovieId], [m0].[GenreId], [g].[Id], [g].[Name]
    FROM [MovieGenre] AS [m0]
    INNER JOIN [Genre] AS [g] ON [m0].[GenreId] = [g].[Id]
) AS [s] ON [m2].[Id] = [s].[MovieId]
LEFT JOIN (
    SELECT [m1].[MovieId], [m1].[CastId], [m1].[Character], [c].[Id], [c].[Gender], [c].[Name], [c].[ProfilePath], [c].[TmdbUrl]
    FROM [MovieCast] AS [m1]
    INNER JOIN [Cast] AS [c] ON [m1].[CastId] = [c].[Id]
) AS [s0] ON [m2].[Id] = [s0].[MovieId]
LEFT JOIN [Trailer] AS [t] ON [m2].[Id] = [t].[MovieId]
ORDER BY [m2].[Id], [s].[MovieId], [s].[GenreId], [s].[Id], [s0].[MovieId], [s0].[CastId], [s0].[Character], [s0].[Id]
2025-11-02 01:11:00.247 -06:00 [INF] Executed DbCommand (1ms) [Parameters=[@__id_0='?' (DbType = Int32)], CommandType='"Text"', CommandTimeout='30']
SELECT AVG([r].[Rating])
FROM [Review] AS [r]
WHERE [r].[MovieId] = @__id_0
2025-11-02 01:11:00.249 -06:00 [INF] Executing ViewResult, running view Details.
2025-11-02 01:11:00.252 -06:00 [INF] Executed ViewResult - view Details executed in 2.4325ms.
2025-11-02 01:11:00.253 -06:00 [INF] Executed action MovieShopMVC.Controllers.MoviesController.Details (MovieShopMVC) in 13.625ms
2025-11-02 01:11:00.254 -06:00 [INF] Executed endpoint 'MovieShopMVC.Controllers.MoviesController.Details (MovieShopMVC)'
2025-11-02 01:11:00.255 -06:00 [INF] HTTP GET /Movies/Details/29 responded 200 in 17.6712 ms
2025-11-02 01:11:00.276 -06:00 [ERR] An unhandled exception has occurred while executing the request.
System.InvalidOperationException: StatusCode cannot be set because the response has already started.
   at Microsoft.AspNetCore.Server.Kestrel.Core.Internal.Http.HttpProtocol.ThrowResponseAlreadyStartedException(String value)
   at Microsoft.AspNetCore.Server.Kestrel.Core.Internal.Http.HttpProtocol.set_StatusCode(Int32 value)
   at Microsoft.AspNetCore.Http.DefaultHttpResponse.Redirect(String location, Boolean permanent)
   at MovieShopMVC.Middlewares.MovieShopExceptionMiddleware.Invoke(HttpContext httpContext) in C:\Users\YJ\Desktop\MovieShop\MovieShopMVC\Middlewares\MovieShopExceptionMiddleware.cs:line 42
   at Microsoft.AspNetCore.Diagnostics.DeveloperExceptionPageMiddlewareImpl.Invoke(HttpContext context)
2025-11-02 01:11:00.278 -06:00 [WRN] The response has already started, the error page middleware will not be executed.
2025-11-02 01:11:00.279 -06:00 [ERR] Connection id "0HNGPRRAAQO9D", Request id "0HNGPRRAAQO9D:0000002B": An unhandled exception was thrown by the application.
System.InvalidOperationException: StatusCode cannot be set because the response has already started.
   at Microsoft.AspNetCore.Server.Kestrel.Core.Internal.Http.HttpProtocol.ThrowResponseAlreadyStartedException(String value)
   at Microsoft.AspNetCore.Server.Kestrel.Core.Internal.Http.HttpProtocol.set_StatusCode(Int32 value)
   at Microsoft.AspNetCore.Http.DefaultHttpResponse.Redirect(String location, Boolean permanent)
   at MovieShopMVC.Middlewares.MovieShopExceptionMiddleware.Invoke(HttpContext httpContext) in C:\Users\YJ\Desktop\MovieShop\MovieShopMVC\Middlewares\MovieShopExceptionMiddleware.cs:line 42
   at Microsoft.AspNetCore.Diagnostics.DeveloperExceptionPageMiddlewareImpl.Invoke(HttpContext context)
   at Microsoft.AspNetCore.Diagnostics.DeveloperExceptionPageMiddlewareImpl.Invoke(HttpContext context)
   at Microsoft.WebTools.BrowserLink.Net.BrowserLinkMiddleware.InvokeAsync(HttpContext context)
   at Microsoft.AspNetCore.Watch.BrowserRefresh.BrowserRefreshMiddleware.InvokeAsync(HttpContext context)
   at Microsoft.AspNetCore.Server.Kestrel.Core.Internal.Http.HttpProtocol.ProcessRequests[TContext](IHttpApplication`1 application)
2025-11-02 01:11:00.283 -06:00 [INF] Request finished HTTP/2 GET https://localhost:7145/Movies/Details/29 - 200 null text/html; charset=utf-8 50.7706ms
2025-11-02 01:11:00.284 -06:00 [INF] Request starting HTTP/2 GET https://localhost:7145/_framework/aspnetcore-browser-refresh.js - null null
2025-11-02 01:11:00.289 -06:00 [INF] Request finished HTTP/2 GET https://localhost:7145/_framework/aspnetcore-browser-refresh.js - 200 16509 application/javascript; charset=utf-8 4.8628ms
2025-11-02 01:11:00.290 -06:00 [INF] Request starting HTTP/2 GET https://localhost:7145/_vs/browserLink - null null
2025-11-02 01:11:00.302 -06:00 [INF] Request finished HTTP/2 GET https://localhost:7145/_vs/browserLink - 200 null text/javascript; charset=UTF-8 12.8032ms
2025-11-02 01:11:01.733 -06:00 [INF] Request starting HTTP/2 GET https://localhost:7145/ - null null
2025-11-02 01:11:01.737 -06:00 [INF] Executing endpoint 'MovieShopMVC.Controllers.HomeController.Index (MovieShopMVC)'
2025-11-02 01:11:01.738 -06:00 [INF] Route matched with {action = "Index", controller = "Home"}. Executing controller action with signature System.Threading.Tasks.Task`1[Microsoft.AspNetCore.Mvc.IActionResult] Index() on controller MovieShopMVC.Controllers.HomeController (MovieShopMVC).
2025-11-02 01:11:01.768 -06:00 [INF] Executed DbCommand (28ms) [Parameters=[@__p_0='?' (DbType = Int32)], CommandType='"Text"', CommandTimeout='30']
SELECT TOP(@__p_0) [m].[Id], [m].[BackdropUrl], [m].[Budget], [m].[CreatedBy], [m].[CreatedDate], [m].[ImdbUrl], [m].[OriginalLanguage], [m].[Overview], [m].[PosterUrl], [m].[Price], [m].[ReleaseDate], [m].[Revenue], [m].[Runtime], [m].[Tagline], [m].[Title], [m].[TmdbUrl], [m].[UpdatedBy], [m].[UpdatedDate]
FROM [Movie] AS [m]
ORDER BY [m].[Revenue] DESC
2025-11-02 01:11:01.773 -06:00 [INF] Executing ViewResult, running view Index.
2025-11-02 01:11:01.776 -06:00 [INF] Executed ViewResult - view Index executed in 3.856ms.
2025-11-02 01:11:01.778 -06:00 [INF] Executed action MovieShopMVC.Controllers.HomeController.Index (MovieShopMVC) in 38.5026ms
2025-11-02 01:11:01.779 -06:00 [INF] Executed endpoint 'MovieShopMVC.Controllers.HomeController.Index (MovieShopMVC)'
2025-11-02 01:11:01.779 -06:00 [INF] HTTP GET / responded 200 in 42.3022 ms
2025-11-02 01:11:01.798 -06:00 [ERR] An unhandled exception has occurred while executing the request.
System.InvalidOperationException: StatusCode cannot be set because the response has already started.
   at Microsoft.AspNetCore.Server.Kestrel.Core.Internal.Http.HttpProtocol.ThrowResponseAlreadyStartedException(String value)
   at Microsoft.AspNetCore.Server.Kestrel.Core.Internal.Http.HttpProtocol.set_StatusCode(Int32 value)
   at Microsoft.AspNetCore.Http.DefaultHttpResponse.Redirect(String location, Boolean permanent)
   at MovieShopMVC.Middlewares.MovieShopExceptionMiddleware.Invoke(HttpContext httpContext) in C:\Users\YJ\Desktop\MovieShop\MovieShopMVC\Middlewares\MovieShopExceptionMiddleware.cs:line 42
   at Microsoft.AspNetCore.Diagnostics.DeveloperExceptionPageMiddlewareImpl.Invoke(HttpContext context)
2025-11-02 01:11:01.799 -06:00 [WRN] The response has already started, the error page middleware will not be executed.
2025-11-02 01:11:01.801 -06:00 [ERR] Connection id "0HNGPRRAAQO9D", Request id "0HNGPRRAAQO9D:00000031": An unhandled exception was thrown by the application.
System.InvalidOperationException: StatusCode cannot be set because the response has already started.
   at Microsoft.AspNetCore.Server.Kestrel.Core.Internal.Http.HttpProtocol.ThrowResponseAlreadyStartedException(String value)
   at Microsoft.AspNetCore.Server.Kestrel.Core.Internal.Http.HttpProtocol.set_StatusCode(Int32 value)
   at Microsoft.AspNetCore.Http.DefaultHttpResponse.Redirect(String location, Boolean permanent)
   at MovieShopMVC.Middlewares.MovieShopExceptionMiddleware.Invoke(HttpContext httpContext) in C:\Users\YJ\Desktop\MovieShop\MovieShopMVC\Middlewares\MovieShopExceptionMiddleware.cs:line 42
   at Microsoft.AspNetCore.Diagnostics.DeveloperExceptionPageMiddlewareImpl.Invoke(HttpContext context)
   at Microsoft.AspNetCore.Diagnostics.DeveloperExceptionPageMiddlewareImpl.Invoke(HttpContext context)
   at Microsoft.WebTools.BrowserLink.Net.BrowserLinkMiddleware.InvokeAsync(HttpContext context)
   at Microsoft.AspNetCore.Watch.BrowserRefresh.BrowserRefreshMiddleware.InvokeAsync(HttpContext context)
   at Microsoft.AspNetCore.Server.Kestrel.Core.Internal.Http.HttpProtocol.ProcessRequests[TContext](IHttpApplication`1 application)
2025-11-02 01:11:01.803 -06:00 [INF] Request finished HTTP/2 GET https://localhost:7145/ - 200 null text/html; charset=utf-8 70.8212ms
2025-11-02 01:11:03.847 -06:00 [INF] Request starting HTTP/2 GET https://localhost:7145/Movies/Details/5 - null null
2025-11-02 01:11:03.852 -06:00 [INF] Executing endpoint 'MovieShopMVC.Controllers.MoviesController.Details (MovieShopMVC)'
2025-11-02 01:11:03.853 -06:00 [INF] Route matched with {action = "Details", controller = "Movies"}. Executing controller action with signature System.Threading.Tasks.Task`1[Microsoft.AspNetCore.Mvc.IActionResult] Details(Int32) on controller MovieShopMVC.Controllers.MoviesController (MovieShopMVC).
2025-11-02 01:11:03.857 -06:00 [INF] Executed DbCommand (1ms) [Parameters=[@__id_0='?' (DbType = Int32)], CommandType='"Text"', CommandTimeout='30']
SELECT [m2].[Id], [m2].[BackdropUrl], [m2].[Budget], [m2].[CreatedBy], [m2].[CreatedDate], [m2].[ImdbUrl], [m2].[OriginalLanguage], [m2].[Overview], [m2].[PosterUrl], [m2].[Price], [m2].[ReleaseDate], [m2].[Revenue], [m2].[Runtime], [m2].[Tagline], [m2].[Title], [m2].[TmdbUrl], [m2].[UpdatedBy], [m2].[UpdatedDate], [s].[MovieId], [s].[GenreId], [s].[Id], [s].[Name], [s0].[MovieId], [s0].[CastId], [s0].[Character], [s0].[Id], [s0].[Gender], [s0].[Name], [s0].[ProfilePath], [s0].[TmdbUrl], [t].[Id], [t].[MovieId], [t].[Name], [t].[TrailerUrl]
FROM (
    SELECT TOP(1) [m].[Id], [m].[BackdropUrl], [m].[Budget], [m].[CreatedBy], [m].[CreatedDate], [m].[ImdbUrl], [m].[OriginalLanguage], [m].[Overview], [m].[PosterUrl], [m].[Price], [m].[ReleaseDate], [m].[Revenue], [m].[Runtime], [m].[Tagline], [m].[Title], [m].[TmdbUrl], [m].[UpdatedBy], [m].[UpdatedDate]
    FROM [Movie] AS [m]
    WHERE [m].[Id] = @__id_0
) AS [m2]
LEFT JOIN (
    SELECT [m0].[MovieId], [m0].[GenreId], [g].[Id], [g].[Name]
    FROM [MovieGenre] AS [m0]
    INNER JOIN [Genre] AS [g] ON [m0].[GenreId] = [g].[Id]
) AS [s] ON [m2].[Id] = [s].[MovieId]
LEFT JOIN (
    SELECT [m1].[MovieId], [m1].[CastId], [m1].[Character], [c].[Id], [c].[Gender], [c].[Name], [c].[ProfilePath], [c].[TmdbUrl]
    FROM [MovieCast] AS [m1]
    INNER JOIN [Cast] AS [c] ON [m1].[CastId] = [c].[Id]
) AS [s0] ON [m2].[Id] = [s0].[MovieId]
LEFT JOIN [Trailer] AS [t] ON [m2].[Id] = [t].[MovieId]
ORDER BY [m2].[Id], [s].[MovieId], [s].[GenreId], [s].[Id], [s0].[MovieId], [s0].[CastId], [s0].[Character], [s0].[Id]
2025-11-02 01:11:03.863 -06:00 [INF] Executed DbCommand (1ms) [Parameters=[@__id_0='?' (DbType = Int32)], CommandType='"Text"', CommandTimeout='30']
SELECT AVG([r].[Rating])
FROM [Review] AS [r]
WHERE [r].[MovieId] = @__id_0
2025-11-02 01:11:03.865 -06:00 [INF] Executing ViewResult, running view Details.
2025-11-02 01:11:03.867 -06:00 [INF] Executed ViewResult - view Details executed in 2.0748ms.
2025-11-02 01:11:03.868 -06:00 [INF] Executed action MovieShopMVC.Controllers.MoviesController.Details (MovieShopMVC) in 14.0408ms
2025-11-02 01:11:03.869 -06:00 [INF] Executed endpoint 'MovieShopMVC.Controllers.MoviesController.Details (MovieShopMVC)'
2025-11-02 01:11:03.870 -06:00 [INF] HTTP GET /Movies/Details/5 responded 200 in 17.6171 ms
2025-11-02 01:11:03.885 -06:00 [ERR] An unhandled exception has occurred while executing the request.
System.InvalidOperationException: StatusCode cannot be set because the response has already started.
   at Microsoft.AspNetCore.Server.Kestrel.Core.Internal.Http.HttpProtocol.ThrowResponseAlreadyStartedException(String value)
   at Microsoft.AspNetCore.Server.Kestrel.Core.Internal.Http.HttpProtocol.set_StatusCode(Int32 value)
   at Microsoft.AspNetCore.Http.DefaultHttpResponse.Redirect(String location, Boolean permanent)
   at MovieShopMVC.Middlewares.MovieShopExceptionMiddleware.Invoke(HttpContext httpContext) in C:\Users\YJ\Desktop\MovieShop\MovieShopMVC\Middlewares\MovieShopExceptionMiddleware.cs:line 42
   at Microsoft.AspNetCore.Diagnostics.DeveloperExceptionPageMiddlewareImpl.Invoke(HttpContext context)
2025-11-02 01:11:03.887 -06:00 [WRN] The response has already started, the error page middleware will not be executed.
2025-11-02 01:11:03.888 -06:00 [ERR] Connection id "0HNGPRRAAQO9D", Request id "0HNGPRRAAQO9D:00000033": An unhandled exception was thrown by the application.
System.InvalidOperationException: StatusCode cannot be set because the response has already started.
   at Microsoft.AspNetCore.Server.Kestrel.Core.Internal.Http.HttpProtocol.ThrowResponseAlreadyStartedException(String value)
   at Microsoft.AspNetCore.Server.Kestrel.Core.Internal.Http.HttpProtocol.set_StatusCode(Int32 value)
   at Microsoft.AspNetCore.Http.DefaultHttpResponse.Redirect(String location, Boolean permanent)
   at MovieShopMVC.Middlewares.MovieShopExceptionMiddleware.Invoke(HttpContext httpContext) in C:\Users\YJ\Desktop\MovieShop\MovieShopMVC\Middlewares\MovieShopExceptionMiddleware.cs:line 42
   at Microsoft.AspNetCore.Diagnostics.DeveloperExceptionPageMiddlewareImpl.Invoke(HttpContext context)
   at Microsoft.AspNetCore.Diagnostics.DeveloperExceptionPageMiddlewareImpl.Invoke(HttpContext context)
   at Microsoft.WebTools.BrowserLink.Net.BrowserLinkMiddleware.InvokeAsync(HttpContext context)
   at Microsoft.AspNetCore.Watch.BrowserRefresh.BrowserRefreshMiddleware.InvokeAsync(HttpContext context)
   at Microsoft.AspNetCore.Server.Kestrel.Core.Internal.Http.HttpProtocol.ProcessRequests[TContext](IHttpApplication`1 application)
2025-11-02 01:11:03.891 -06:00 [INF] Request finished HTTP/2 GET https://localhost:7145/Movies/Details/5 - 200 null text/html; charset=utf-8 44.3439ms
2025-11-02 01:11:03.903 -06:00 [INF] Request starting HTTP/2 GET https://localhost:7145/_framework/aspnetcore-browser-refresh.js - null null
2025-11-02 01:11:03.903 -06:00 [INF] Request starting HTTP/2 GET https://localhost:7145/_vs/browserLink - null null
2025-11-02 01:11:03.906 -06:00 [INF] Request finished HTTP/2 GET https://localhost:7145/_framework/aspnetcore-browser-refresh.js - 200 16509 application/javascript; charset=utf-8 2.988ms
2025-11-02 01:11:03.916 -06:00 [INF] Request finished HTTP/2 GET https://localhost:7145/_vs/browserLink - 200 null text/javascript; charset=UTF-8 13.8146ms
2025-11-02 01:11:05.828 -06:00 [INF] Request starting HTTP/2 GET https://localhost:7145/ - null null
2025-11-02 01:11:05.834 -06:00 [INF] Executing endpoint 'MovieShopMVC.Controllers.HomeController.Index (MovieShopMVC)'
2025-11-02 01:11:05.834 -06:00 [INF] Route matched with {action = "Index", controller = "Home"}. Executing controller action with signature System.Threading.Tasks.Task`1[Microsoft.AspNetCore.Mvc.IActionResult] Index() on controller MovieShopMVC.Controllers.HomeController (MovieShopMVC).
2025-11-02 01:11:05.871 -06:00 [INF] Executed DbCommand (34ms) [Parameters=[@__p_0='?' (DbType = Int32)], CommandType='"Text"', CommandTimeout='30']
SELECT TOP(@__p_0) [m].[Id], [m].[BackdropUrl], [m].[Budget], [m].[CreatedBy], [m].[CreatedDate], [m].[ImdbUrl], [m].[OriginalLanguage], [m].[Overview], [m].[PosterUrl], [m].[Price], [m].[ReleaseDate], [m].[Revenue], [m].[Runtime], [m].[Tagline], [m].[Title], [m].[TmdbUrl], [m].[UpdatedBy], [m].[UpdatedDate]
FROM [Movie] AS [m]
ORDER BY [m].[Revenue] DESC
2025-11-02 01:11:05.878 -06:00 [INF] Executing ViewResult, running view Index.
2025-11-02 01:11:05.881 -06:00 [INF] Executed ViewResult - view Index executed in 3.0062ms.
2025-11-02 01:11:05.882 -06:00 [INF] Executed action MovieShopMVC.Controllers.HomeController.Index (MovieShopMVC) in 46.7807ms
2025-11-02 01:11:05.883 -06:00 [INF] Executed endpoint 'MovieShopMVC.Controllers.HomeController.Index (MovieShopMVC)'
2025-11-02 01:11:05.884 -06:00 [INF] HTTP GET / responded 200 in 50.4592 ms
2025-11-02 01:11:05.904 -06:00 [ERR] An unhandled exception has occurred while executing the request.
System.InvalidOperationException: StatusCode cannot be set because the response has already started.
   at Microsoft.AspNetCore.Server.Kestrel.Core.Internal.Http.HttpProtocol.ThrowResponseAlreadyStartedException(String value)
   at Microsoft.AspNetCore.Server.Kestrel.Core.Internal.Http.HttpProtocol.set_StatusCode(Int32 value)
   at Microsoft.AspNetCore.Http.DefaultHttpResponse.Redirect(String location, Boolean permanent)
   at MovieShopMVC.Middlewares.MovieShopExceptionMiddleware.Invoke(HttpContext httpContext) in C:\Users\YJ\Desktop\MovieShop\MovieShopMVC\Middlewares\MovieShopExceptionMiddleware.cs:line 42
   at Microsoft.AspNetCore.Diagnostics.DeveloperExceptionPageMiddlewareImpl.Invoke(HttpContext context)
2025-11-02 01:11:05.906 -06:00 [WRN] The response has already started, the error page middleware will not be executed.
2025-11-02 01:11:05.907 -06:00 [ERR] Connection id "0HNGPRRAAQO9D", Request id "0HNGPRRAAQO9D:00000039": An unhandled exception was thrown by the application.
System.InvalidOperationException: StatusCode cannot be set because the response has already started.
   at Microsoft.AspNetCore.Server.Kestrel.Core.Internal.Http.HttpProtocol.ThrowResponseAlreadyStartedException(String value)
   at Microsoft.AspNetCore.Server.Kestrel.Core.Internal.Http.HttpProtocol.set_StatusCode(Int32 value)
   at Microsoft.AspNetCore.Http.DefaultHttpResponse.Redirect(String location, Boolean permanent)
   at MovieShopMVC.Middlewares.MovieShopExceptionMiddleware.Invoke(HttpContext httpContext) in C:\Users\YJ\Desktop\MovieShop\MovieShopMVC\Middlewares\MovieShopExceptionMiddleware.cs:line 42
   at Microsoft.AspNetCore.Diagnostics.DeveloperExceptionPageMiddlewareImpl.Invoke(HttpContext context)
   at Microsoft.AspNetCore.Diagnostics.DeveloperExceptionPageMiddlewareImpl.Invoke(HttpContext context)
   at Microsoft.WebTools.BrowserLink.Net.BrowserLinkMiddleware.InvokeAsync(HttpContext context)
   at Microsoft.AspNetCore.Watch.BrowserRefresh.BrowserRefreshMiddleware.InvokeAsync(HttpContext context)
   at Microsoft.AspNetCore.Server.Kestrel.Core.Internal.Http.HttpProtocol.ProcessRequests[TContext](IHttpApplication`1 application)
2025-11-02 01:11:05.910 -06:00 [INF] Request finished HTTP/2 GET https://localhost:7145/ - 200 null text/html; charset=utf-8 82.373ms
2025-11-02 01:11:07.119 -06:00 [INF] Request starting HTTP/2 GET https://localhost:7145/Movies/Details/23 - null null
2025-11-02 01:11:07.122 -06:00 [INF] Executing endpoint 'MovieShopMVC.Controllers.MoviesController.Details (MovieShopMVC)'
2025-11-02 01:11:07.123 -06:00 [INF] Route matched with {action = "Details", controller = "Movies"}. Executing controller action with signature System.Threading.Tasks.Task`1[Microsoft.AspNetCore.Mvc.IActionResult] Details(Int32) on controller MovieShopMVC.Controllers.MoviesController (MovieShopMVC).
2025-11-02 01:11:07.126 -06:00 [INF] Executed DbCommand (1ms) [Parameters=[@__id_0='?' (DbType = Int32)], CommandType='"Text"', CommandTimeout='30']
SELECT [m2].[Id], [m2].[BackdropUrl], [m2].[Budget], [m2].[CreatedBy], [m2].[CreatedDate], [m2].[ImdbUrl], [m2].[OriginalLanguage], [m2].[Overview], [m2].[PosterUrl], [m2].[Price], [m2].[ReleaseDate], [m2].[Revenue], [m2].[Runtime], [m2].[Tagline], [m2].[Title], [m2].[TmdbUrl], [m2].[UpdatedBy], [m2].[UpdatedDate], [s].[MovieId], [s].[GenreId], [s].[Id], [s].[Name], [s0].[MovieId], [s0].[CastId], [s0].[Character], [s0].[Id], [s0].[Gender], [s0].[Name], [s0].[ProfilePath], [s0].[TmdbUrl], [t].[Id], [t].[MovieId], [t].[Name], [t].[TrailerUrl]
FROM (
    SELECT TOP(1) [m].[Id], [m].[BackdropUrl], [m].[Budget], [m].[CreatedBy], [m].[CreatedDate], [m].[ImdbUrl], [m].[OriginalLanguage], [m].[Overview], [m].[PosterUrl], [m].[Price], [m].[ReleaseDate], [m].[Revenue], [m].[Runtime], [m].[Tagline], [m].[Title], [m].[TmdbUrl], [m].[UpdatedBy], [m].[UpdatedDate]
    FROM [Movie] AS [m]
    WHERE [m].[Id] = @__id_0
) AS [m2]
LEFT JOIN (
    SELECT [m0].[MovieId], [m0].[GenreId], [g].[Id], [g].[Name]
    FROM [MovieGenre] AS [m0]
    INNER JOIN [Genre] AS [g] ON [m0].[GenreId] = [g].[Id]
) AS [s] ON [m2].[Id] = [s].[MovieId]
LEFT JOIN (
    SELECT [m1].[MovieId], [m1].[CastId], [m1].[Character], [c].[Id], [c].[Gender], [c].[Name], [c].[ProfilePath], [c].[TmdbUrl]
    FROM [MovieCast] AS [m1]
    INNER JOIN [Cast] AS [c] ON [m1].[CastId] = [c].[Id]
) AS [s0] ON [m2].[Id] = [s0].[MovieId]
LEFT JOIN [Trailer] AS [t] ON [m2].[Id] = [t].[MovieId]
ORDER BY [m2].[Id], [s].[MovieId], [s].[GenreId], [s].[Id], [s0].[MovieId], [s0].[CastId], [s0].[Character], [s0].[Id]
2025-11-02 01:11:07.134 -06:00 [INF] Executed DbCommand (2ms) [Parameters=[@__id_0='?' (DbType = Int32)], CommandType='"Text"', CommandTimeout='30']
SELECT AVG([r].[Rating])
FROM [Review] AS [r]
WHERE [r].[MovieId] = @__id_0
2025-11-02 01:11:07.135 -06:00 [INF] Executing ViewResult, running view Details.
2025-11-02 01:11:07.137 -06:00 [INF] Executed ViewResult - view Details executed in 2.0344ms.
2025-11-02 01:11:07.138 -06:00 [INF] Executed action MovieShopMVC.Controllers.MoviesController.Details (MovieShopMVC) in 14.1245ms
2025-11-02 01:11:07.139 -06:00 [INF] Executed endpoint 'MovieShopMVC.Controllers.MoviesController.Details (MovieShopMVC)'
2025-11-02 01:11:07.140 -06:00 [INF] HTTP GET /Movies/Details/23 responded 200 in 17.7893 ms
2025-11-02 01:11:07.165 -06:00 [ERR] An unhandled exception has occurred while executing the request.
System.InvalidOperationException: StatusCode cannot be set because the response has already started.
   at Microsoft.AspNetCore.Server.Kestrel.Core.Internal.Http.HttpProtocol.ThrowResponseAlreadyStartedException(String value)
   at Microsoft.AspNetCore.Server.Kestrel.Core.Internal.Http.HttpProtocol.set_StatusCode(Int32 value)
   at Microsoft.AspNetCore.Http.DefaultHttpResponse.Redirect(String location, Boolean permanent)
   at MovieShopMVC.Middlewares.MovieShopExceptionMiddleware.Invoke(HttpContext httpContext) in C:\Users\YJ\Desktop\MovieShop\MovieShopMVC\Middlewares\MovieShopExceptionMiddleware.cs:line 42
   at Microsoft.AspNetCore.Diagnostics.DeveloperExceptionPageMiddlewareImpl.Invoke(HttpContext context)
2025-11-02 01:11:07.167 -06:00 [WRN] The response has already started, the error page middleware will not be executed.
2025-11-02 01:11:07.169 -06:00 [INF] Request starting HTTP/2 GET https://localhost:7145/_framework/aspnetcore-browser-refresh.js - null null
2025-11-02 01:11:07.169 -06:00 [ERR] Connection id "0HNGPRRAAQO9D", Request id "0HNGPRRAAQO9D:0000003B": An unhandled exception was thrown by the application.
System.InvalidOperationException: StatusCode cannot be set because the response has already started.
   at Microsoft.AspNetCore.Server.Kestrel.Core.Internal.Http.HttpProtocol.ThrowResponseAlreadyStartedException(String value)
   at Microsoft.AspNetCore.Server.Kestrel.Core.Internal.Http.HttpProtocol.set_StatusCode(Int32 value)
   at Microsoft.AspNetCore.Http.DefaultHttpResponse.Redirect(String location, Boolean permanent)
   at MovieShopMVC.Middlewares.MovieShopExceptionMiddleware.Invoke(HttpContext httpContext) in C:\Users\YJ\Desktop\MovieShop\MovieShopMVC\Middlewares\MovieShopExceptionMiddleware.cs:line 42
   at Microsoft.AspNetCore.Diagnostics.DeveloperExceptionPageMiddlewareImpl.Invoke(HttpContext context)
   at Microsoft.AspNetCore.Diagnostics.DeveloperExceptionPageMiddlewareImpl.Invoke(HttpContext context)
   at Microsoft.WebTools.BrowserLink.Net.BrowserLinkMiddleware.InvokeAsync(HttpContext context)
   at Microsoft.AspNetCore.Watch.BrowserRefresh.BrowserRefreshMiddleware.InvokeAsync(HttpContext context)
   at Microsoft.AspNetCore.Server.Kestrel.Core.Internal.Http.HttpProtocol.ProcessRequests[TContext](IHttpApplication`1 application)
2025-11-02 01:11:07.172 -06:00 [INF] Request finished HTTP/2 GET https://localhost:7145/_framework/aspnetcore-browser-refresh.js - 200 16509 application/javascript; charset=utf-8 3.2445ms
2025-11-02 01:11:07.171 -06:00 [INF] Request starting HTTP/2 GET https://localhost:7145/_vs/browserLink - null null
2025-11-02 01:11:07.211 -06:00 [INF] Request finished HTTP/2 GET https://localhost:7145/Movies/Details/23 - 200 null text/html; charset=utf-8 92.2858ms
2025-11-02 01:11:07.226 -06:00 [INF] Request finished HTTP/2 GET https://localhost:7145/_vs/browserLink - 200 null text/javascript; charset=UTF-8 55.1683ms
2025-11-02 01:11:08.421 -06:00 [INF] Request starting HTTP/2 GET https://localhost:7145/ - null null
2025-11-02 01:11:08.424 -06:00 [INF] Executing endpoint 'MovieShopMVC.Controllers.HomeController.Index (MovieShopMVC)'
2025-11-02 01:11:08.425 -06:00 [INF] Route matched with {action = "Index", controller = "Home"}. Executing controller action with signature System.Threading.Tasks.Task`1[Microsoft.AspNetCore.Mvc.IActionResult] Index() on controller MovieShopMVC.Controllers.HomeController (MovieShopMVC).
2025-11-02 01:11:08.462 -06:00 [INF] Executed DbCommand (35ms) [Parameters=[@__p_0='?' (DbType = Int32)], CommandType='"Text"', CommandTimeout='30']
SELECT TOP(@__p_0) [m].[Id], [m].[BackdropUrl], [m].[Budget], [m].[CreatedBy], [m].[CreatedDate], [m].[ImdbUrl], [m].[OriginalLanguage], [m].[Overview], [m].[PosterUrl], [m].[Price], [m].[ReleaseDate], [m].[Revenue], [m].[Runtime], [m].[Tagline], [m].[Title], [m].[TmdbUrl], [m].[UpdatedBy], [m].[UpdatedDate]
FROM [Movie] AS [m]
ORDER BY [m].[Revenue] DESC
2025-11-02 01:11:08.467 -06:00 [INF] Executing ViewResult, running view Index.
2025-11-02 01:11:08.470 -06:00 [INF] Executed ViewResult - view Index executed in 3.4257ms.
2025-11-02 01:11:08.471 -06:00 [INF] Executed action MovieShopMVC.Controllers.HomeController.Index (MovieShopMVC) in 45.4206ms
2025-11-02 01:11:08.472 -06:00 [INF] Executed endpoint 'MovieShopMVC.Controllers.HomeController.Index (MovieShopMVC)'
2025-11-02 01:11:08.473 -06:00 [INF] HTTP GET / responded 200 in 48.9734 ms
2025-11-02 01:11:08.497 -06:00 [ERR] An unhandled exception has occurred while executing the request.
System.InvalidOperationException: StatusCode cannot be set because the response has already started.
   at Microsoft.AspNetCore.Server.Kestrel.Core.Internal.Http.HttpProtocol.ThrowResponseAlreadyStartedException(String value)
   at Microsoft.AspNetCore.Server.Kestrel.Core.Internal.Http.HttpProtocol.set_StatusCode(Int32 value)
   at Microsoft.AspNetCore.Http.DefaultHttpResponse.Redirect(String location, Boolean permanent)
   at MovieShopMVC.Middlewares.MovieShopExceptionMiddleware.Invoke(HttpContext httpContext) in C:\Users\YJ\Desktop\MovieShop\MovieShopMVC\Middlewares\MovieShopExceptionMiddleware.cs:line 42
   at Microsoft.AspNetCore.Diagnostics.DeveloperExceptionPageMiddlewareImpl.Invoke(HttpContext context)
2025-11-02 01:11:08.499 -06:00 [WRN] The response has already started, the error page middleware will not be executed.
2025-11-02 01:11:08.499 -06:00 [INF] Request starting HTTP/2 GET https://localhost:7145/_framework/aspnetcore-browser-refresh.js - null null
2025-11-02 01:11:08.501 -06:00 [ERR] Connection id "0HNGPRRAAQO9D", Request id "0HNGPRRAAQO9D:00000041": An unhandled exception was thrown by the application.
System.InvalidOperationException: StatusCode cannot be set because the response has already started.
   at Microsoft.AspNetCore.Server.Kestrel.Core.Internal.Http.HttpProtocol.ThrowResponseAlreadyStartedException(String value)
   at Microsoft.AspNetCore.Server.Kestrel.Core.Internal.Http.HttpProtocol.set_StatusCode(Int32 value)
   at Microsoft.AspNetCore.Http.DefaultHttpResponse.Redirect(String location, Boolean permanent)
   at MovieShopMVC.Middlewares.MovieShopExceptionMiddleware.Invoke(HttpContext httpContext) in C:\Users\YJ\Desktop\MovieShop\MovieShopMVC\Middlewares\MovieShopExceptionMiddleware.cs:line 42
   at Microsoft.AspNetCore.Diagnostics.DeveloperExceptionPageMiddlewareImpl.Invoke(HttpContext context)
   at Microsoft.AspNetCore.Diagnostics.DeveloperExceptionPageMiddlewareImpl.Invoke(HttpContext context)
   at Microsoft.WebTools.BrowserLink.Net.BrowserLinkMiddleware.InvokeAsync(HttpContext context)
   at Microsoft.AspNetCore.Watch.BrowserRefresh.BrowserRefreshMiddleware.InvokeAsync(HttpContext context)
   at Microsoft.AspNetCore.Server.Kestrel.Core.Internal.Http.HttpProtocol.ProcessRequests[TContext](IHttpApplication`1 application)
2025-11-02 01:11:08.503 -06:00 [INF] Request finished HTTP/2 GET https://localhost:7145/_framework/aspnetcore-browser-refresh.js - 200 16509 application/javascript; charset=utf-8 3.6313ms
2025-11-02 01:11:08.507 -06:00 [INF] Request finished HTTP/2 GET https://localhost:7145/ - 200 null text/html; charset=utf-8 86.435ms
2025-11-02 01:11:09.148 -06:00 [INF] Request starting HTTP/2 GET https://localhost:7145/Movies/Details/30 - null null
2025-11-02 01:11:09.152 -06:00 [INF] Executing endpoint 'MovieShopMVC.Controllers.MoviesController.Details (MovieShopMVC)'
2025-11-02 01:11:09.153 -06:00 [INF] Route matched with {action = "Details", controller = "Movies"}. Executing controller action with signature System.Threading.Tasks.Task`1[Microsoft.AspNetCore.Mvc.IActionResult] Details(Int32) on controller MovieShopMVC.Controllers.MoviesController (MovieShopMVC).
2025-11-02 01:11:09.157 -06:00 [INF] Executed DbCommand (1ms) [Parameters=[@__id_0='?' (DbType = Int32)], CommandType='"Text"', CommandTimeout='30']
SELECT [m2].[Id], [m2].[BackdropUrl], [m2].[Budget], [m2].[CreatedBy], [m2].[CreatedDate], [m2].[ImdbUrl], [m2].[OriginalLanguage], [m2].[Overview], [m2].[PosterUrl], [m2].[Price], [m2].[ReleaseDate], [m2].[Revenue], [m2].[Runtime], [m2].[Tagline], [m2].[Title], [m2].[TmdbUrl], [m2].[UpdatedBy], [m2].[UpdatedDate], [s].[MovieId], [s].[GenreId], [s].[Id], [s].[Name], [s0].[MovieId], [s0].[CastId], [s0].[Character], [s0].[Id], [s0].[Gender], [s0].[Name], [s0].[ProfilePath], [s0].[TmdbUrl], [t].[Id], [t].[MovieId], [t].[Name], [t].[TrailerUrl]
FROM (
    SELECT TOP(1) [m].[Id], [m].[BackdropUrl], [m].[Budget], [m].[CreatedBy], [m].[CreatedDate], [m].[ImdbUrl], [m].[OriginalLanguage], [m].[Overview], [m].[PosterUrl], [m].[Price], [m].[ReleaseDate], [m].[Revenue], [m].[Runtime], [m].[Tagline], [m].[Title], [m].[TmdbUrl], [m].[UpdatedBy], [m].[UpdatedDate]
    FROM [Movie] AS [m]
    WHERE [m].[Id] = @__id_0
) AS [m2]
LEFT JOIN (
    SELECT [m0].[MovieId], [m0].[GenreId], [g].[Id], [g].[Name]
    FROM [MovieGenre] AS [m0]
    INNER JOIN [Genre] AS [g] ON [m0].[GenreId] = [g].[Id]
) AS [s] ON [m2].[Id] = [s].[MovieId]
LEFT JOIN (
    SELECT [m1].[MovieId], [m1].[CastId], [m1].[Character], [c].[Id], [c].[Gender], [c].[Name], [c].[ProfilePath], [c].[TmdbUrl]
    FROM [MovieCast] AS [m1]
    INNER JOIN [Cast] AS [c] ON [m1].[CastId] = [c].[Id]
) AS [s0] ON [m2].[Id] = [s0].[MovieId]
LEFT JOIN [Trailer] AS [t] ON [m2].[Id] = [t].[MovieId]
ORDER BY [m2].[Id], [s].[MovieId], [s].[GenreId], [s].[Id], [s0].[MovieId], [s0].[CastId], [s0].[Character], [s0].[Id]
2025-11-02 01:11:09.165 -06:00 [INF] Executed DbCommand (1ms) [Parameters=[@__id_0='?' (DbType = Int32)], CommandType='"Text"', CommandTimeout='30']
SELECT AVG([r].[Rating])
FROM [Review] AS [r]
WHERE [r].[MovieId] = @__id_0
2025-11-02 01:11:09.167 -06:00 [INF] Executing ViewResult, running view Details.
2025-11-02 01:11:09.170 -06:00 [INF] Executed ViewResult - view Details executed in 2.5056ms.
2025-11-02 01:11:09.171 -06:00 [INF] Executed action MovieShopMVC.Controllers.MoviesController.Details (MovieShopMVC) in 16.2764ms
2025-11-02 01:11:09.172 -06:00 [INF] Executed endpoint 'MovieShopMVC.Controllers.MoviesController.Details (MovieShopMVC)'
2025-11-02 01:11:09.173 -06:00 [INF] HTTP GET /Movies/Details/30 responded 200 in 20.9702 ms
2025-11-02 01:11:09.201 -06:00 [ERR] An unhandled exception has occurred while executing the request.
System.InvalidOperationException: StatusCode cannot be set because the response has already started.
   at Microsoft.AspNetCore.Server.Kestrel.Core.Internal.Http.HttpProtocol.ThrowResponseAlreadyStartedException(String value)
   at Microsoft.AspNetCore.Server.Kestrel.Core.Internal.Http.HttpProtocol.set_StatusCode(Int32 value)
   at Microsoft.AspNetCore.Http.DefaultHttpResponse.Redirect(String location, Boolean permanent)
   at MovieShopMVC.Middlewares.MovieShopExceptionMiddleware.Invoke(HttpContext httpContext) in C:\Users\YJ\Desktop\MovieShop\MovieShopMVC\Middlewares\MovieShopExceptionMiddleware.cs:line 42
   at Microsoft.AspNetCore.Diagnostics.DeveloperExceptionPageMiddlewareImpl.Invoke(HttpContext context)
2025-11-02 01:11:09.204 -06:00 [WRN] The response has already started, the error page middleware will not be executed.
2025-11-02 01:11:09.205 -06:00 [ERR] Connection id "0HNGPRRAAQO9D", Request id "0HNGPRRAAQO9D:00000045": An unhandled exception was thrown by the application.
System.InvalidOperationException: StatusCode cannot be set because the response has already started.
   at Microsoft.AspNetCore.Server.Kestrel.Core.Internal.Http.HttpProtocol.ThrowResponseAlreadyStartedException(String value)
   at Microsoft.AspNetCore.Server.Kestrel.Core.Internal.Http.HttpProtocol.set_StatusCode(Int32 value)
   at Microsoft.AspNetCore.Http.DefaultHttpResponse.Redirect(String location, Boolean permanent)
   at MovieShopMVC.Middlewares.MovieShopExceptionMiddleware.Invoke(HttpContext httpContext) in C:\Users\YJ\Desktop\MovieShop\MovieShopMVC\Middlewares\MovieShopExceptionMiddleware.cs:line 42
   at Microsoft.AspNetCore.Diagnostics.DeveloperExceptionPageMiddlewareImpl.Invoke(HttpContext context)
   at Microsoft.AspNetCore.Diagnostics.DeveloperExceptionPageMiddlewareImpl.Invoke(HttpContext context)
   at Microsoft.WebTools.BrowserLink.Net.BrowserLinkMiddleware.InvokeAsync(HttpContext context)
   at Microsoft.AspNetCore.Watch.BrowserRefresh.BrowserRefreshMiddleware.InvokeAsync(HttpContext context)
   at Microsoft.AspNetCore.Server.Kestrel.Core.Internal.Http.HttpProtocol.ProcessRequests[TContext](IHttpApplication`1 application)
2025-11-02 01:11:09.208 -06:00 [INF] Request starting HTTP/2 GET https://localhost:7145/_framework/aspnetcore-browser-refresh.js - null null
2025-11-02 01:11:09.208 -06:00 [INF] Request starting HTTP/2 GET https://localhost:7145/_vs/browserLink - null null
2025-11-02 01:11:09.209 -06:00 [INF] Request finished HTTP/2 GET https://localhost:7145/Movies/Details/30 - 200 null text/html; charset=utf-8 61.5802ms
2025-11-02 01:11:09.211 -06:00 [INF] Request finished HTTP/2 GET https://localhost:7145/_framework/aspnetcore-browser-refresh.js - 200 16509 application/javascript; charset=utf-8 3.8905ms
2025-11-02 01:11:09.221 -06:00 [INF] Request finished HTTP/2 GET https://localhost:7145/_vs/browserLink - 200 null text/javascript; charset=UTF-8 12.7236ms
2025-11-02 01:11:10.912 -06:00 [INF] Request starting HTTP/2 GET https://localhost:7145/ - null null
2025-11-02 01:11:10.919 -06:00 [INF] Executing endpoint 'MovieShopMVC.Controllers.HomeController.Index (MovieShopMVC)'
2025-11-02 01:11:10.920 -06:00 [INF] Route matched with {action = "Index", controller = "Home"}. Executing controller action with signature System.Threading.Tasks.Task`1[Microsoft.AspNetCore.Mvc.IActionResult] Index() on controller MovieShopMVC.Controllers.HomeController (MovieShopMVC).
2025-11-02 01:11:10.959 -06:00 [INF] Executed DbCommand (37ms) [Parameters=[@__p_0='?' (DbType = Int32)], CommandType='"Text"', CommandTimeout='30']
SELECT TOP(@__p_0) [m].[Id], [m].[BackdropUrl], [m].[Budget], [m].[CreatedBy], [m].[CreatedDate], [m].[ImdbUrl], [m].[OriginalLanguage], [m].[Overview], [m].[PosterUrl], [m].[Price], [m].[ReleaseDate], [m].[Revenue], [m].[Runtime], [m].[Tagline], [m].[Title], [m].[TmdbUrl], [m].[UpdatedBy], [m].[UpdatedDate]
FROM [Movie] AS [m]
ORDER BY [m].[Revenue] DESC
2025-11-02 01:11:10.965 -06:00 [INF] Executing ViewResult, running view Index.
2025-11-02 01:11:10.968 -06:00 [INF] Executed ViewResult - view Index executed in 3.0028ms.
2025-11-02 01:11:10.969 -06:00 [INF] Executed action MovieShopMVC.Controllers.HomeController.Index (MovieShopMVC) in 48.5176ms
2025-11-02 01:11:10.970 -06:00 [INF] Executed endpoint 'MovieShopMVC.Controllers.HomeController.Index (MovieShopMVC)'
2025-11-02 01:11:10.971 -06:00 [INF] HTTP GET / responded 200 in 52.1838 ms
2025-11-02 01:11:10.991 -06:00 [ERR] An unhandled exception has occurred while executing the request.
System.InvalidOperationException: StatusCode cannot be set because the response has already started.
   at Microsoft.AspNetCore.Server.Kestrel.Core.Internal.Http.HttpProtocol.ThrowResponseAlreadyStartedException(String value)
   at Microsoft.AspNetCore.Server.Kestrel.Core.Internal.Http.HttpProtocol.set_StatusCode(Int32 value)
   at Microsoft.AspNetCore.Http.DefaultHttpResponse.Redirect(String location, Boolean permanent)
   at MovieShopMVC.Middlewares.MovieShopExceptionMiddleware.Invoke(HttpContext httpContext) in C:\Users\YJ\Desktop\MovieShop\MovieShopMVC\Middlewares\MovieShopExceptionMiddleware.cs:line 42
   at Microsoft.AspNetCore.Diagnostics.DeveloperExceptionPageMiddlewareImpl.Invoke(HttpContext context)
2025-11-02 01:11:10.992 -06:00 [WRN] The response has already started, the error page middleware will not be executed.
2025-11-02 01:11:10.993 -06:00 [ERR] Connection id "0HNGPRRAAQO9D", Request id "0HNGPRRAAQO9D:0000004B": An unhandled exception was thrown by the application.
System.InvalidOperationException: StatusCode cannot be set because the response has already started.
   at Microsoft.AspNetCore.Server.Kestrel.Core.Internal.Http.HttpProtocol.ThrowResponseAlreadyStartedException(String value)
   at Microsoft.AspNetCore.Server.Kestrel.Core.Internal.Http.HttpProtocol.set_StatusCode(Int32 value)
   at Microsoft.AspNetCore.Http.DefaultHttpResponse.Redirect(String location, Boolean permanent)
   at MovieShopMVC.Middlewares.MovieShopExceptionMiddleware.Invoke(HttpContext httpContext) in C:\Users\YJ\Desktop\MovieShop\MovieShopMVC\Middlewares\MovieShopExceptionMiddleware.cs:line 42
   at Microsoft.AspNetCore.Diagnostics.DeveloperExceptionPageMiddlewareImpl.Invoke(HttpContext context)
   at Microsoft.AspNetCore.Diagnostics.DeveloperExceptionPageMiddlewareImpl.Invoke(HttpContext context)
   at Microsoft.WebTools.BrowserLink.Net.BrowserLinkMiddleware.InvokeAsync(HttpContext context)
   at Microsoft.AspNetCore.Watch.BrowserRefresh.BrowserRefreshMiddleware.InvokeAsync(HttpContext context)
   at Microsoft.AspNetCore.Server.Kestrel.Core.Internal.Http.HttpProtocol.ProcessRequests[TContext](IHttpApplication`1 application)
2025-11-02 01:11:10.997 -06:00 [INF] Request finished HTTP/2 GET https://localhost:7145/ - 200 null text/html; charset=utf-8 84.7542ms
2025-11-02 01:11:12.797 -06:00 [INF] Request starting HTTP/2 GET https://localhost:7145/Movies/Details/20 - null null
2025-11-02 01:11:12.802 -06:00 [INF] Executing endpoint 'MovieShopMVC.Controllers.MoviesController.Details (MovieShopMVC)'
2025-11-02 01:11:12.803 -06:00 [INF] Route matched with {action = "Details", controller = "Movies"}. Executing controller action with signature System.Threading.Tasks.Task`1[Microsoft.AspNetCore.Mvc.IActionResult] Details(Int32) on controller MovieShopMVC.Controllers.MoviesController (MovieShopMVC).
2025-11-02 01:11:12.807 -06:00 [INF] Executed DbCommand (1ms) [Parameters=[@__id_0='?' (DbType = Int32)], CommandType='"Text"', CommandTimeout='30']
SELECT [m2].[Id], [m2].[BackdropUrl], [m2].[Budget], [m2].[CreatedBy], [m2].[CreatedDate], [m2].[ImdbUrl], [m2].[OriginalLanguage], [m2].[Overview], [m2].[PosterUrl], [m2].[Price], [m2].[ReleaseDate], [m2].[Revenue], [m2].[Runtime], [m2].[Tagline], [m2].[Title], [m2].[TmdbUrl], [m2].[UpdatedBy], [m2].[UpdatedDate], [s].[MovieId], [s].[GenreId], [s].[Id], [s].[Name], [s0].[MovieId], [s0].[CastId], [s0].[Character], [s0].[Id], [s0].[Gender], [s0].[Name], [s0].[ProfilePath], [s0].[TmdbUrl], [t].[Id], [t].[MovieId], [t].[Name], [t].[TrailerUrl]
FROM (
    SELECT TOP(1) [m].[Id], [m].[BackdropUrl], [m].[Budget], [m].[CreatedBy], [m].[CreatedDate], [m].[ImdbUrl], [m].[OriginalLanguage], [m].[Overview], [m].[PosterUrl], [m].[Price], [m].[ReleaseDate], [m].[Revenue], [m].[Runtime], [m].[Tagline], [m].[Title], [m].[TmdbUrl], [m].[UpdatedBy], [m].[UpdatedDate]
    FROM [Movie] AS [m]
    WHERE [m].[Id] = @__id_0
) AS [m2]
LEFT JOIN (
    SELECT [m0].[MovieId], [m0].[GenreId], [g].[Id], [g].[Name]
    FROM [MovieGenre] AS [m0]
    INNER JOIN [Genre] AS [g] ON [m0].[GenreId] = [g].[Id]
) AS [s] ON [m2].[Id] = [s].[MovieId]
LEFT JOIN (
    SELECT [m1].[MovieId], [m1].[CastId], [m1].[Character], [c].[Id], [c].[Gender], [c].[Name], [c].[ProfilePath], [c].[TmdbUrl]
    FROM [MovieCast] AS [m1]
    INNER JOIN [Cast] AS [c] ON [m1].[CastId] = [c].[Id]
) AS [s0] ON [m2].[Id] = [s0].[MovieId]
LEFT JOIN [Trailer] AS [t] ON [m2].[Id] = [t].[MovieId]
ORDER BY [m2].[Id], [s].[MovieId], [s].[GenreId], [s].[Id], [s0].[MovieId], [s0].[CastId], [s0].[Character], [s0].[Id]
2025-11-02 01:11:12.811 -06:00 [INF] Executed DbCommand (1ms) [Parameters=[@__id_0='?' (DbType = Int32)], CommandType='"Text"', CommandTimeout='30']
SELECT AVG([r].[Rating])
FROM [Review] AS [r]
WHERE [r].[MovieId] = @__id_0
2025-11-02 01:11:12.813 -06:00 [INF] Executing ViewResult, running view Details.
2025-11-02 01:11:12.814 -06:00 [INF] Executed ViewResult - view Details executed in 1.6102ms.
2025-11-02 01:11:12.815 -06:00 [INF] Executed action MovieShopMVC.Controllers.MoviesController.Details (MovieShopMVC) in 11.059ms
2025-11-02 01:11:12.816 -06:00 [INF] Executed endpoint 'MovieShopMVC.Controllers.MoviesController.Details (MovieShopMVC)'
2025-11-02 01:11:12.817 -06:00 [INF] HTTP GET /Movies/Details/20 responded 200 in 15.0195 ms
2025-11-02 01:11:12.832 -06:00 [ERR] An unhandled exception has occurred while executing the request.
System.InvalidOperationException: StatusCode cannot be set because the response has already started.
   at Microsoft.AspNetCore.Server.Kestrel.Core.Internal.Http.HttpProtocol.ThrowResponseAlreadyStartedException(String value)
   at Microsoft.AspNetCore.Server.Kestrel.Core.Internal.Http.HttpProtocol.set_StatusCode(Int32 value)
   at Microsoft.AspNetCore.Http.DefaultHttpResponse.Redirect(String location, Boolean permanent)
   at MovieShopMVC.Middlewares.MovieShopExceptionMiddleware.Invoke(HttpContext httpContext) in C:\Users\YJ\Desktop\MovieShop\MovieShopMVC\Middlewares\MovieShopExceptionMiddleware.cs:line 42
   at Microsoft.AspNetCore.Diagnostics.DeveloperExceptionPageMiddlewareImpl.Invoke(HttpContext context)
2025-11-02 01:11:12.834 -06:00 [WRN] The response has already started, the error page middleware will not be executed.
2025-11-02 01:11:12.835 -06:00 [ERR] Connection id "0HNGPRRAAQO9D", Request id "0HNGPRRAAQO9D:0000004D": An unhandled exception was thrown by the application.
System.InvalidOperationException: StatusCode cannot be set because the response has already started.
   at Microsoft.AspNetCore.Server.Kestrel.Core.Internal.Http.HttpProtocol.ThrowResponseAlreadyStartedException(String value)
   at Microsoft.AspNetCore.Server.Kestrel.Core.Internal.Http.HttpProtocol.set_StatusCode(Int32 value)
   at Microsoft.AspNetCore.Http.DefaultHttpResponse.Redirect(String location, Boolean permanent)
   at MovieShopMVC.Middlewares.MovieShopExceptionMiddleware.Invoke(HttpContext httpContext) in C:\Users\YJ\Desktop\MovieShop\MovieShopMVC\Middlewares\MovieShopExceptionMiddleware.cs:line 42
   at Microsoft.AspNetCore.Diagnostics.DeveloperExceptionPageMiddlewareImpl.Invoke(HttpContext context)
   at Microsoft.AspNetCore.Diagnostics.DeveloperExceptionPageMiddlewareImpl.Invoke(HttpContext context)
   at Microsoft.WebTools.BrowserLink.Net.BrowserLinkMiddleware.InvokeAsync(HttpContext context)
   at Microsoft.AspNetCore.Watch.BrowserRefresh.BrowserRefreshMiddleware.InvokeAsync(HttpContext context)
   at Microsoft.AspNetCore.Server.Kestrel.Core.Internal.Http.HttpProtocol.ProcessRequests[TContext](IHttpApplication`1 application)
2025-11-02 01:11:12.837 -06:00 [INF] Request finished HTTP/2 GET https://localhost:7145/Movies/Details/20 - 200 null text/html; charset=utf-8 39.5988ms
2025-11-02 01:11:12.849 -06:00 [INF] Request starting HTTP/2 GET https://localhost:7145/_framework/aspnetcore-browser-refresh.js - null null
2025-11-02 01:11:12.851 -06:00 [INF] Request finished HTTP/2 GET https://localhost:7145/_framework/aspnetcore-browser-refresh.js - 200 16509 application/javascript; charset=utf-8 2.902ms
2025-11-02 01:11:12.854 -06:00 [INF] Request starting HTTP/2 GET https://localhost:7145/_vs/browserLink - null null
2025-11-02 01:11:12.864 -06:00 [INF] Request finished HTTP/2 GET https://localhost:7145/_vs/browserLink - 200 null text/javascript; charset=UTF-8 9.3954ms
2025-11-02 01:11:15.134 -06:00 [INF] Request starting HTTP/2 GET https://localhost:7145/ - null null
2025-11-02 01:11:15.138 -06:00 [INF] Executing endpoint 'MovieShopMVC.Controllers.HomeController.Index (MovieShopMVC)'
2025-11-02 01:11:15.139 -06:00 [INF] Route matched with {action = "Index", controller = "Home"}. Executing controller action with signature System.Threading.Tasks.Task`1[Microsoft.AspNetCore.Mvc.IActionResult] Index() on controller MovieShopMVC.Controllers.HomeController (MovieShopMVC).
2025-11-02 01:11:15.177 -06:00 [INF] Executed DbCommand (37ms) [Parameters=[@__p_0='?' (DbType = Int32)], CommandType='"Text"', CommandTimeout='30']
SELECT TOP(@__p_0) [m].[Id], [m].[BackdropUrl], [m].[Budget], [m].[CreatedBy], [m].[CreatedDate], [m].[ImdbUrl], [m].[OriginalLanguage], [m].[Overview], [m].[PosterUrl], [m].[Price], [m].[ReleaseDate], [m].[Revenue], [m].[Runtime], [m].[Tagline], [m].[Title], [m].[TmdbUrl], [m].[UpdatedBy], [m].[UpdatedDate]
FROM [Movie] AS [m]
ORDER BY [m].[Revenue] DESC
2025-11-02 01:11:15.184 -06:00 [INF] Executing ViewResult, running view Index.
2025-11-02 01:11:15.188 -06:00 [INF] Executed ViewResult - view Index executed in 3.329ms.
2025-11-02 01:11:15.189 -06:00 [INF] Executed action MovieShopMVC.Controllers.HomeController.Index (MovieShopMVC) in 49.1125ms
2025-11-02 01:11:15.190 -06:00 [INF] Executed endpoint 'MovieShopMVC.Controllers.HomeController.Index (MovieShopMVC)'
2025-11-02 01:11:15.191 -06:00 [INF] HTTP GET / responded 200 in 52.7874 ms
2025-11-02 01:11:15.208 -06:00 [ERR] An unhandled exception has occurred while executing the request.
System.InvalidOperationException: StatusCode cannot be set because the response has already started.
   at Microsoft.AspNetCore.Server.Kestrel.Core.Internal.Http.HttpProtocol.ThrowResponseAlreadyStartedException(String value)
   at Microsoft.AspNetCore.Server.Kestrel.Core.Internal.Http.HttpProtocol.set_StatusCode(Int32 value)
   at Microsoft.AspNetCore.Http.DefaultHttpResponse.Redirect(String location, Boolean permanent)
   at MovieShopMVC.Middlewares.MovieShopExceptionMiddleware.Invoke(HttpContext httpContext) in C:\Users\YJ\Desktop\MovieShop\MovieShopMVC\Middlewares\MovieShopExceptionMiddleware.cs:line 42
   at Microsoft.AspNetCore.Diagnostics.DeveloperExceptionPageMiddlewareImpl.Invoke(HttpContext context)
2025-11-02 01:11:15.210 -06:00 [WRN] The response has already started, the error page middleware will not be executed.
2025-11-02 01:11:15.211 -06:00 [ERR] Connection id "0HNGPRRAAQO9D", Request id "0HNGPRRAAQO9D:00000053": An unhandled exception was thrown by the application.
System.InvalidOperationException: StatusCode cannot be set because the response has already started.
   at Microsoft.AspNetCore.Server.Kestrel.Core.Internal.Http.HttpProtocol.ThrowResponseAlreadyStartedException(String value)
   at Microsoft.AspNetCore.Server.Kestrel.Core.Internal.Http.HttpProtocol.set_StatusCode(Int32 value)
   at Microsoft.AspNetCore.Http.DefaultHttpResponse.Redirect(String location, Boolean permanent)
   at MovieShopMVC.Middlewares.MovieShopExceptionMiddleware.Invoke(HttpContext httpContext) in C:\Users\YJ\Desktop\MovieShop\MovieShopMVC\Middlewares\MovieShopExceptionMiddleware.cs:line 42
   at Microsoft.AspNetCore.Diagnostics.DeveloperExceptionPageMiddlewareImpl.Invoke(HttpContext context)
   at Microsoft.AspNetCore.Diagnostics.DeveloperExceptionPageMiddlewareImpl.Invoke(HttpContext context)
   at Microsoft.WebTools.BrowserLink.Net.BrowserLinkMiddleware.InvokeAsync(HttpContext context)
   at Microsoft.AspNetCore.Watch.BrowserRefresh.BrowserRefreshMiddleware.InvokeAsync(HttpContext context)
   at Microsoft.AspNetCore.Server.Kestrel.Core.Internal.Http.HttpProtocol.ProcessRequests[TContext](IHttpApplication`1 application)
2025-11-02 01:11:15.214 -06:00 [INF] Request finished HTTP/2 GET https://localhost:7145/ - 200 null text/html; charset=utf-8 79.9037ms
2025-11-02 01:11:28.791 -06:00 [INF] User profile is available. Using 'C:\Users\YJ\AppData\Local\ASP.NET\DataProtection-Keys' as key repository and Windows DPAPI to encrypt keys at rest.
2025-11-02 01:11:28.931 -06:00 [INF] Now listening on: https://localhost:7145
2025-11-02 01:11:28.932 -06:00 [INF] Now listening on: http://localhost:5073
2025-11-02 01:11:28.969 -06:00 [INF] Application started. Press Ctrl+C to shut down.
2025-11-02 01:11:28.970 -06:00 [INF] Hosting environment: Development
2025-11-02 01:11:28.970 -06:00 [INF] Content root path: C:\Users\YJ\Desktop\MovieShop\MovieShopMVC
2025-11-02 01:11:29.502 -06:00 [INF] Request starting HTTP/2 GET https://localhost:7145/ - null null
2025-11-02 01:11:29.583 -06:00 [INF] Executing endpoint 'MovieShopMVC.Controllers.HomeController.Index (MovieShopMVC)'
2025-11-02 01:11:29.606 -06:00 [INF] Route matched with {action = "Index", controller = "Home"}. Executing controller action with signature System.Threading.Tasks.Task`1[Microsoft.AspNetCore.Mvc.IActionResult] Index() on controller MovieShopMVC.Controllers.HomeController (MovieShopMVC).
2025-11-02 01:11:30.473 -06:00 [INF] Executed DbCommand (73ms) [Parameters=[@__p_0='?' (DbType = Int32)], CommandType='"Text"', CommandTimeout='30']
SELECT TOP(@__p_0) [m].[Id], [m].[BackdropUrl], [m].[Budget], [m].[CreatedBy], [m].[CreatedDate], [m].[ImdbUrl], [m].[OriginalLanguage], [m].[Overview], [m].[PosterUrl], [m].[Price], [m].[ReleaseDate], [m].[Revenue], [m].[Runtime], [m].[Tagline], [m].[Title], [m].[TmdbUrl], [m].[UpdatedBy], [m].[UpdatedDate]
FROM [Movie] AS [m]
ORDER BY [m].[Revenue] DESC
2025-11-02 01:11:30.555 -06:00 [INF] Executing ViewResult, running view Index.
2025-11-02 01:11:30.620 -06:00 [INF] Executed ViewResult - view Index executed in 64.7457ms.
2025-11-02 01:11:30.622 -06:00 [INF] Executed action MovieShopMVC.Controllers.HomeController.Index (MovieShopMVC) in 1014.1226ms
2025-11-02 01:11:30.624 -06:00 [INF] Executed endpoint 'MovieShopMVC.Controllers.HomeController.Index (MovieShopMVC)'
2025-11-02 01:11:30.626 -06:00 [INF] HTTP GET / responded 200 in 1058.8726 ms
2025-11-02 01:11:30.673 -06:00 [INF] Request starting HTTP/2 GET https://localhost:7145/_vs/browserLink - null null
2025-11-02 01:11:30.673 -06:00 [INF] Request starting HTTP/2 GET https://localhost:7145/_framework/aspnetcore-browser-refresh.js - null null
2025-11-02 01:11:30.675 -06:00 [ERR] An unhandled exception has occurred while executing the request.
System.InvalidOperationException: StatusCode cannot be set because the response has already started.
   at Microsoft.AspNetCore.Server.Kestrel.Core.Internal.Http.HttpProtocol.ThrowResponseAlreadyStartedException(String value)
   at Microsoft.AspNetCore.Server.Kestrel.Core.Internal.Http.HttpProtocol.set_StatusCode(Int32 value)
   at Microsoft.AspNetCore.Http.DefaultHttpResponse.Redirect(String location, Boolean permanent)
   at MovieShopMVC.Middlewares.MovieShopExceptionMiddleware.Invoke(HttpContext httpContext) in C:\Users\YJ\Desktop\MovieShop\MovieShopMVC\Middlewares\MovieShopExceptionMiddleware.cs:line 42
   at Microsoft.AspNetCore.Diagnostics.DeveloperExceptionPageMiddlewareImpl.Invoke(HttpContext context)
2025-11-02 01:11:30.691 -06:00 [INF] Request finished HTTP/2 GET https://localhost:7145/_framework/aspnetcore-browser-refresh.js - 200 16509 application/javascript; charset=utf-8 14.5224ms
2025-11-02 01:11:30.702 -06:00 [WRN] The response has already started, the error page middleware will not be executed.
2025-11-02 01:11:30.707 -06:00 [ERR] Connection id "0HNGPRS5M5EF4", Request id "0HNGPRS5M5EF4:00000001": An unhandled exception was thrown by the application.
System.InvalidOperationException: StatusCode cannot be set because the response has already started.
   at Microsoft.AspNetCore.Server.Kestrel.Core.Internal.Http.HttpProtocol.ThrowResponseAlreadyStartedException(String value)
   at Microsoft.AspNetCore.Server.Kestrel.Core.Internal.Http.HttpProtocol.set_StatusCode(Int32 value)
   at Microsoft.AspNetCore.Http.DefaultHttpResponse.Redirect(String location, Boolean permanent)
   at MovieShopMVC.Middlewares.MovieShopExceptionMiddleware.Invoke(HttpContext httpContext) in C:\Users\YJ\Desktop\MovieShop\MovieShopMVC\Middlewares\MovieShopExceptionMiddleware.cs:line 42
   at Microsoft.AspNetCore.Diagnostics.DeveloperExceptionPageMiddlewareImpl.Invoke(HttpContext context)
   at Microsoft.AspNetCore.Diagnostics.DeveloperExceptionPageMiddlewareImpl.Invoke(HttpContext context)
   at Microsoft.WebTools.BrowserLink.Net.BrowserLinkMiddleware.InvokeAsync(HttpContext context)
   at Microsoft.AspNetCore.Watch.BrowserRefresh.BrowserRefreshMiddleware.InvokeAsync(HttpContext context)
   at Microsoft.AspNetCore.Server.Kestrel.Core.Internal.Http.HttpProtocol.ProcessRequests[TContext](IHttpApplication`1 application)
2025-11-02 01:11:30.712 -06:00 [INF] Request finished HTTP/2 GET https://localhost:7145/_vs/browserLink - 200 null text/javascript; charset=UTF-8 38.4819ms
2025-11-02 01:11:30.720 -06:00 [INF] Request finished HTTP/2 GET https://localhost:7145/ - 200 null text/html; charset=utf-8 1223.5212ms
