2025-11-03 10:33:08.679 -06:00 [ERR] An unhandled exception has occurred while executing the request.
System.InvalidOperationException: StatusCode cannot be set because the response has already started.
   at Microsoft.AspNetCore.Server.Kestrel.Core.Internal.Http.HttpProtocol.ThrowResponseAlreadyStartedException(String value)
   at Microsoft.AspNetCore.Server.Kestrel.Core.Internal.Http.HttpProtocol.set_StatusCode(Int32 value)
   at Microsoft.AspNetCore.Http.DefaultHttpResponse.Redirect(String location, Boolean permanent)
   at MovieShopMVC.Middlewares.MovieShopExceptionMiddleware.Invoke(HttpContext httpContext) in C:\Users\YJ\Desktop\MovieShop\MovieShopMVC\Middlewares\MovieShopExceptionMiddleware.cs:line 42
   at Microsoft.AspNetCore.Diagnostics.DeveloperExceptionPageMiddlewareImpl.Invoke(HttpContext context)
2025-11-03 10:33:08.717 -06:00 [ERR] Connection id "0HNGQUQLH1MSO", Request id "0HNGQUQLH1MSO:00000001": An unhandled exception was thrown by the application.
System.InvalidOperationException: StatusCode cannot be set because the response has already started.
   at Microsoft.AspNetCore.Server.Kestrel.Core.Internal.Http.HttpProtocol.ThrowResponseAlreadyStartedException(String value)
   at Microsoft.AspNetCore.Server.Kestrel.Core.Internal.Http.HttpProtocol.set_StatusCode(Int32 value)
   at Microsoft.AspNetCore.Http.DefaultHttpResponse.Redirect(String location, Boolean permanent)
   at MovieShopMVC.Middlewares.MovieShopExceptionMiddleware.Invoke(HttpContext httpContext) in C:\Users\YJ\Desktop\MovieShop\MovieShopMVC\Middlewares\MovieShopExceptionMiddleware.cs:line 42
   at Microsoft.AspNetCore.Diagnostics.DeveloperExceptionPageMiddlewareImpl.Invoke(HttpContext context)
   at Microsoft.AspNetCore.Diagnostics.DeveloperExceptionPageMiddlewareImpl.Invoke(HttpContext context)
   at Microsoft.WebTools.BrowserLink.Net.BrowserLinkMiddleware.InvokeAsync(HttpContext context)
   at Microsoft.AspNetCore.Watch.BrowserRefresh.BrowserRefreshMiddleware.InvokeAsync(HttpContext context)
   at Microsoft.AspNetCore.Server.Kestrel.Core.Internal.Http.HttpProtocol.ProcessRequests[TContext](IHttpApplication`1 application)
2025-11-03 10:33:08.768 -06:00 [ERR] An unhandled exception has occurred while executing the request.
System.InvalidOperationException: StatusCode cannot be set because the response has already started.
   at Microsoft.AspNetCore.Server.Kestrel.Core.Internal.Http.HttpProtocol.ThrowResponseAlreadyStartedException(String value)
   at Microsoft.AspNetCore.Server.Kestrel.Core.Internal.Http.HttpProtocol.set_StatusCode(Int32 value)
   at Microsoft.AspNetCore.Http.DefaultHttpResponse.Redirect(String location, Boolean permanent)
   at MovieShopMVC.Middlewares.MovieShopExceptionMiddleware.Invoke(HttpContext httpContext) in C:\Users\YJ\Desktop\MovieShop\MovieShopMVC\Middlewares\MovieShopExceptionMiddleware.cs:line 42
   at Microsoft.AspNetCore.Diagnostics.DeveloperExceptionPageMiddlewareImpl.Invoke(HttpContext context)
2025-11-03 10:33:08.771 -06:00 [ERR] Connection id "0HNGQUQLH1MSO", Request id "0HNGQUQLH1MSO:00000009": An unhandled exception was thrown by the application.
System.InvalidOperationException: StatusCode cannot be set because the response has already started.
   at Microsoft.AspNetCore.Server.Kestrel.Core.Internal.Http.HttpProtocol.ThrowResponseAlreadyStartedException(String value)
   at Microsoft.AspNetCore.Server.Kestrel.Core.Internal.Http.HttpProtocol.set_StatusCode(Int32 value)
   at Microsoft.AspNetCore.Http.DefaultHttpResponse.Redirect(String location, Boolean permanent)
   at MovieShopMVC.Middlewares.MovieShopExceptionMiddleware.Invoke(HttpContext httpContext) in C:\Users\YJ\Desktop\MovieShop\MovieShopMVC\Middlewares\MovieShopExceptionMiddleware.cs:line 42
   at Microsoft.AspNetCore.Diagnostics.DeveloperExceptionPageMiddlewareImpl.Invoke(HttpContext context)
   at Microsoft.AspNetCore.Diagnostics.DeveloperExceptionPageMiddlewareImpl.Invoke(HttpContext context)
   at Microsoft.WebTools.BrowserLink.Net.BrowserLinkMiddleware.InvokeAsync(HttpContext context)
   at Microsoft.AspNetCore.Watch.BrowserRefresh.BrowserRefreshMiddleware.InvokeAsync(HttpContext context)
   at Microsoft.AspNetCore.Server.Kestrel.Core.Internal.Http.HttpProtocol.ProcessRequests[TContext](IHttpApplication`1 application)
2025-11-03 10:33:10.399 -06:00 [ERR] An unhandled exception has occurred while executing the request.
System.InvalidOperationException: StatusCode cannot be set because the response has already started.
   at Microsoft.AspNetCore.Server.Kestrel.Core.Internal.Http.HttpProtocol.ThrowResponseAlreadyStartedException(String value)
   at Microsoft.AspNetCore.Server.Kestrel.Core.Internal.Http.HttpProtocol.set_StatusCode(Int32 value)
   at Microsoft.AspNetCore.Http.DefaultHttpResponse.Redirect(String location, Boolean permanent)
   at MovieShopMVC.Middlewares.MovieShopExceptionMiddleware.Invoke(HttpContext httpContext) in C:\Users\YJ\Desktop\MovieShop\MovieShopMVC\Middlewares\MovieShopExceptionMiddleware.cs:line 42
   at Microsoft.AspNetCore.Diagnostics.DeveloperExceptionPageMiddlewareImpl.Invoke(HttpContext context)
2025-11-03 10:33:10.406 -06:00 [ERR] Connection id "0HNGQUQLH1MSO", Request id "0HNGQUQLH1MSO:0000000B": An unhandled exception was thrown by the application.
System.InvalidOperationException: StatusCode cannot be set because the response has already started.
   at Microsoft.AspNetCore.Server.Kestrel.Core.Internal.Http.HttpProtocol.ThrowResponseAlreadyStartedException(String value)
   at Microsoft.AspNetCore.Server.Kestrel.Core.Internal.Http.HttpProtocol.set_StatusCode(Int32 value)
   at Microsoft.AspNetCore.Http.DefaultHttpResponse.Redirect(String location, Boolean permanent)
   at MovieShopMVC.Middlewares.MovieShopExceptionMiddleware.Invoke(HttpContext httpContext) in C:\Users\YJ\Desktop\MovieShop\MovieShopMVC\Middlewares\MovieShopExceptionMiddleware.cs:line 42
   at Microsoft.AspNetCore.Diagnostics.DeveloperExceptionPageMiddlewareImpl.Invoke(HttpContext context)
   at Microsoft.AspNetCore.Diagnostics.DeveloperExceptionPageMiddlewareImpl.Invoke(HttpContext context)
   at Microsoft.WebTools.BrowserLink.Net.BrowserLinkMiddleware.InvokeAsync(HttpContext context)
   at Microsoft.AspNetCore.Watch.BrowserRefresh.BrowserRefreshMiddleware.InvokeAsync(HttpContext context)
   at Microsoft.AspNetCore.Server.Kestrel.Core.Internal.Http.HttpProtocol.ProcessRequests[TContext](IHttpApplication`1 application)
2025-11-03 10:33:10.436 -06:00 [ERR] An unhandled exception has occurred while executing the request.
System.InvalidOperationException: StatusCode cannot be set because the response has already started.
   at Microsoft.AspNetCore.Server.Kestrel.Core.Internal.Http.HttpProtocol.ThrowResponseAlreadyStartedException(String value)
   at Microsoft.AspNetCore.Server.Kestrel.Core.Internal.Http.HttpProtocol.set_StatusCode(Int32 value)
   at Microsoft.AspNetCore.Http.DefaultHttpResponse.Redirect(String location, Boolean permanent)
   at MovieShopMVC.Middlewares.MovieShopExceptionMiddleware.Invoke(HttpContext httpContext) in C:\Users\YJ\Desktop\MovieShop\MovieShopMVC\Middlewares\MovieShopExceptionMiddleware.cs:line 42
   at Microsoft.AspNetCore.Diagnostics.DeveloperExceptionPageMiddlewareImpl.Invoke(HttpContext context)
2025-11-03 10:33:10.439 -06:00 [ERR] Connection id "0HNGQUQLH1MSO", Request id "0HNGQUQLH1MSO:0000000D": An unhandled exception was thrown by the application.
System.InvalidOperationException: StatusCode cannot be set because the response has already started.
   at Microsoft.AspNetCore.Server.Kestrel.Core.Internal.Http.HttpProtocol.ThrowResponseAlreadyStartedException(String value)
   at Microsoft.AspNetCore.Server.Kestrel.Core.Internal.Http.HttpProtocol.set_StatusCode(Int32 value)
   at Microsoft.AspNetCore.Http.DefaultHttpResponse.Redirect(String location, Boolean permanent)
   at MovieShopMVC.Middlewares.MovieShopExceptionMiddleware.Invoke(HttpContext httpContext) in C:\Users\YJ\Desktop\MovieShop\MovieShopMVC\Middlewares\MovieShopExceptionMiddleware.cs:line 42
   at Microsoft.AspNetCore.Diagnostics.DeveloperExceptionPageMiddlewareImpl.Invoke(HttpContext context)
   at Microsoft.AspNetCore.Diagnostics.DeveloperExceptionPageMiddlewareImpl.Invoke(HttpContext context)
   at Microsoft.WebTools.BrowserLink.Net.BrowserLinkMiddleware.InvokeAsync(HttpContext context)
   at Microsoft.AspNetCore.Watch.BrowserRefresh.BrowserRefreshMiddleware.InvokeAsync(HttpContext context)
   at Microsoft.AspNetCore.Server.Kestrel.Core.Internal.Http.HttpProtocol.ProcessRequests[TContext](IHttpApplication`1 application)
2025-11-03 10:53:48.570 -06:00 [ERR] An unhandled exception has occurred while executing the request.
System.InvalidOperationException: StatusCode cannot be set because the response has already started.
   at Microsoft.AspNetCore.Server.Kestrel.Core.Internal.Http.HttpProtocol.ThrowResponseAlreadyStartedException(String value)
   at Microsoft.AspNetCore.Server.Kestrel.Core.Internal.Http.HttpProtocol.set_StatusCode(Int32 value)
   at Microsoft.AspNetCore.Http.DefaultHttpResponse.Redirect(String location, Boolean permanent)
   at MovieShopMVC.Middlewares.MovieShopExceptionMiddleware.Invoke(HttpContext httpContext) in C:\Users\YJ\Desktop\MovieShop\MovieShopMVC\Middlewares\MovieShopExceptionMiddleware.cs:line 42
   at Microsoft.AspNetCore.Diagnostics.DeveloperExceptionPageMiddlewareImpl.Invoke(HttpContext context)
2025-11-03 10:53:48.601 -06:00 [ERR] Connection id "0HNGQV676BGSK", Request id "0HNGQV676BGSK:00000001": An unhandled exception was thrown by the application.
System.InvalidOperationException: StatusCode cannot be set because the response has already started.
   at Microsoft.AspNetCore.Server.Kestrel.Core.Internal.Http.HttpProtocol.ThrowResponseAlreadyStartedException(String value)
   at Microsoft.AspNetCore.Server.Kestrel.Core.Internal.Http.HttpProtocol.set_StatusCode(Int32 value)
   at Microsoft.AspNetCore.Http.DefaultHttpResponse.Redirect(String location, Boolean permanent)
   at MovieShopMVC.Middlewares.MovieShopExceptionMiddleware.Invoke(HttpContext httpContext) in C:\Users\YJ\Desktop\MovieShop\MovieShopMVC\Middlewares\MovieShopExceptionMiddleware.cs:line 42
   at Microsoft.AspNetCore.Diagnostics.DeveloperExceptionPageMiddlewareImpl.Invoke(HttpContext context)
   at Microsoft.AspNetCore.Diagnostics.DeveloperExceptionPageMiddlewareImpl.Invoke(HttpContext context)
   at Microsoft.WebTools.BrowserLink.Net.BrowserLinkMiddleware.InvokeAsync(HttpContext context)
   at Microsoft.AspNetCore.Watch.BrowserRefresh.BrowserRefreshMiddleware.InvokeAsync(HttpContext context)
   at Microsoft.AspNetCore.Server.Kestrel.Core.Internal.Http.HttpProtocol.ProcessRequests[TContext](IHttpApplication`1 application)
2025-11-03 14:23:03.872 -06:00 [ERR] An unhandled exception has occurred while executing the request.
System.InvalidOperationException: StatusCode cannot be set because the response has already started.
   at Microsoft.AspNetCore.Server.Kestrel.Core.Internal.Http.HttpProtocol.ThrowResponseAlreadyStartedException(String value)
   at Microsoft.AspNetCore.Server.Kestrel.Core.Internal.Http.HttpProtocol.set_StatusCode(Int32 value)
   at Microsoft.AspNetCore.Http.DefaultHttpResponse.Redirect(String location, Boolean permanent)
   at MovieShopMVC.Middlewares.MovieShopExceptionMiddleware.Invoke(HttpContext httpContext) in C:\Users\YJ\Desktop\MovieShop\MovieShopMVC\Middlewares\MovieShopExceptionMiddleware.cs:line 42
   at Microsoft.AspNetCore.Diagnostics.DeveloperExceptionPageMiddlewareImpl.Invoke(HttpContext context)
2025-11-03 14:23:03.904 -06:00 [ERR] Connection id "0HNGR2R4U45PN", Request id "0HNGR2R4U45PN:00000001": An unhandled exception was thrown by the application.
System.InvalidOperationException: StatusCode cannot be set because the response has already started.
   at Microsoft.AspNetCore.Server.Kestrel.Core.Internal.Http.HttpProtocol.ThrowResponseAlreadyStartedException(String value)
   at Microsoft.AspNetCore.Server.Kestrel.Core.Internal.Http.HttpProtocol.set_StatusCode(Int32 value)
   at Microsoft.AspNetCore.Http.DefaultHttpResponse.Redirect(String location, Boolean permanent)
   at MovieShopMVC.Middlewares.MovieShopExceptionMiddleware.Invoke(HttpContext httpContext) in C:\Users\YJ\Desktop\MovieShop\MovieShopMVC\Middlewares\MovieShopExceptionMiddleware.cs:line 42
   at Microsoft.AspNetCore.Diagnostics.DeveloperExceptionPageMiddlewareImpl.Invoke(HttpContext context)
   at Microsoft.AspNetCore.Diagnostics.DeveloperExceptionPageMiddlewareImpl.Invoke(HttpContext context)
   at Microsoft.WebTools.BrowserLink.Net.BrowserLinkMiddleware.InvokeAsync(HttpContext context)
   at Microsoft.AspNetCore.Watch.BrowserRefresh.BrowserRefreshMiddleware.InvokeAsync(HttpContext context)
   at Microsoft.AspNetCore.Server.Kestrel.Core.Internal.Http.HttpProtocol.ProcessRequests[TContext](IHttpApplication`1 application)
2025-11-03 14:23:26.153 -06:00 [ERR] An unhandled exception has occurred while executing the request.
System.InvalidOperationException: StatusCode cannot be set because the response has already started.
   at Microsoft.AspNetCore.Server.Kestrel.Core.Internal.Http.HttpProtocol.ThrowResponseAlreadyStartedException(String value)
   at Microsoft.AspNetCore.Server.Kestrel.Core.Internal.Http.HttpProtocol.set_StatusCode(Int32 value)
   at Microsoft.AspNetCore.Http.DefaultHttpResponse.Redirect(String location, Boolean permanent)
   at MovieShopMVC.Middlewares.MovieShopExceptionMiddleware.Invoke(HttpContext httpContext) in C:\Users\YJ\Desktop\MovieShop\MovieShopMVC\Middlewares\MovieShopExceptionMiddleware.cs:line 42
   at Microsoft.AspNetCore.Diagnostics.DeveloperExceptionPageMiddlewareImpl.Invoke(HttpContext context)
2025-11-03 14:23:26.176 -06:00 [ERR] Connection id "0HNGR2RBJ9K6E", Request id "0HNGR2RBJ9K6E:00000001": An unhandled exception was thrown by the application.
System.InvalidOperationException: StatusCode cannot be set because the response has already started.
   at Microsoft.AspNetCore.Server.Kestrel.Core.Internal.Http.HttpProtocol.ThrowResponseAlreadyStartedException(String value)
   at Microsoft.AspNetCore.Server.Kestrel.Core.Internal.Http.HttpProtocol.set_StatusCode(Int32 value)
   at Microsoft.AspNetCore.Http.DefaultHttpResponse.Redirect(String location, Boolean permanent)
   at MovieShopMVC.Middlewares.MovieShopExceptionMiddleware.Invoke(HttpContext httpContext) in C:\Users\YJ\Desktop\MovieShop\MovieShopMVC\Middlewares\MovieShopExceptionMiddleware.cs:line 42
   at Microsoft.AspNetCore.Diagnostics.DeveloperExceptionPageMiddlewareImpl.Invoke(HttpContext context)
   at Microsoft.AspNetCore.Diagnostics.DeveloperExceptionPageMiddlewareImpl.Invoke(HttpContext context)
   at Microsoft.WebTools.BrowserLink.Net.BrowserLinkMiddleware.InvokeAsync(HttpContext context)
   at Microsoft.AspNetCore.Watch.BrowserRefresh.BrowserRefreshMiddleware.InvokeAsync(HttpContext context)
   at Microsoft.AspNetCore.Server.Kestrel.Core.Internal.Http.HttpProtocol.ProcessRequests[TContext](IHttpApplication`1 application)
2025-11-03 16:32:50.821 -06:00 [ERR] An unhandled exception has occurred while executing the request.
System.InvalidOperationException: StatusCode cannot be set because the response has already started.
   at Microsoft.AspNetCore.Server.Kestrel.Core.Internal.Http.HttpProtocol.ThrowResponseAlreadyStartedException(String value)
   at Microsoft.AspNetCore.Server.Kestrel.Core.Internal.Http.HttpProtocol.set_StatusCode(Int32 value)
   at Microsoft.AspNetCore.Http.DefaultHttpResponse.Redirect(String location, Boolean permanent)
   at MovieShopMVC.Middlewares.MovieShopExceptionMiddleware.Invoke(HttpContext httpContext) in C:\Users\YJ\Desktop\MovieShop\MovieShopMVC\Middlewares\MovieShopExceptionMiddleware.cs:line 42
   at Microsoft.AspNetCore.Diagnostics.DeveloperExceptionPageMiddlewareImpl.Invoke(HttpContext context)
2025-11-03 16:32:50.848 -06:00 [ERR] Connection id "0HNGR53LLNREJ", Request id "0HNGR53LLNREJ:00000001": An unhandled exception was thrown by the application.
System.InvalidOperationException: StatusCode cannot be set because the response has already started.
   at Microsoft.AspNetCore.Server.Kestrel.Core.Internal.Http.HttpProtocol.ThrowResponseAlreadyStartedException(String value)
   at Microsoft.AspNetCore.Server.Kestrel.Core.Internal.Http.HttpProtocol.set_StatusCode(Int32 value)
   at Microsoft.AspNetCore.Http.DefaultHttpResponse.Redirect(String location, Boolean permanent)
   at MovieShopMVC.Middlewares.MovieShopExceptionMiddleware.Invoke(HttpContext httpContext) in C:\Users\YJ\Desktop\MovieShop\MovieShopMVC\Middlewares\MovieShopExceptionMiddleware.cs:line 42
   at Microsoft.AspNetCore.Diagnostics.DeveloperExceptionPageMiddlewareImpl.Invoke(HttpContext context)
   at Microsoft.AspNetCore.Diagnostics.DeveloperExceptionPageMiddlewareImpl.Invoke(HttpContext context)
   at Microsoft.WebTools.BrowserLink.Net.BrowserLinkMiddleware.InvokeAsync(HttpContext context)
   at Microsoft.AspNetCore.Watch.BrowserRefresh.BrowserRefreshMiddleware.InvokeAsync(HttpContext context)
   at Microsoft.AspNetCore.Server.Kestrel.Core.Internal.Http.HttpProtocol.ProcessRequests[TContext](IHttpApplication`1 application)
2025-11-03 16:32:53.030 -06:00 [ERR] An unhandled exception has occurred while executing the request.
System.InvalidOperationException: StatusCode cannot be set because the response has already started.
   at Microsoft.AspNetCore.Server.Kestrel.Core.Internal.Http.HttpProtocol.ThrowResponseAlreadyStartedException(String value)
   at Microsoft.AspNetCore.Server.Kestrel.Core.Internal.Http.HttpProtocol.set_StatusCode(Int32 value)
   at Microsoft.AspNetCore.Http.DefaultHttpResponse.Redirect(String location, Boolean permanent)
   at MovieShopMVC.Middlewares.MovieShopExceptionMiddleware.Invoke(HttpContext httpContext) in C:\Users\YJ\Desktop\MovieShop\MovieShopMVC\Middlewares\MovieShopExceptionMiddleware.cs:line 42
   at Microsoft.AspNetCore.Diagnostics.DeveloperExceptionPageMiddlewareImpl.Invoke(HttpContext context)
2025-11-03 16:32:53.034 -06:00 [ERR] Connection id "0HNGR53LLNREJ", Request id "0HNGR53LLNREJ:00000007": An unhandled exception was thrown by the application.
System.InvalidOperationException: StatusCode cannot be set because the response has already started.
   at Microsoft.AspNetCore.Server.Kestrel.Core.Internal.Http.HttpProtocol.ThrowResponseAlreadyStartedException(String value)
   at Microsoft.AspNetCore.Server.Kestrel.Core.Internal.Http.HttpProtocol.set_StatusCode(Int32 value)
   at Microsoft.AspNetCore.Http.DefaultHttpResponse.Redirect(String location, Boolean permanent)
   at MovieShopMVC.Middlewares.MovieShopExceptionMiddleware.Invoke(HttpContext httpContext) in C:\Users\YJ\Desktop\MovieShop\MovieShopMVC\Middlewares\MovieShopExceptionMiddleware.cs:line 42
   at Microsoft.AspNetCore.Diagnostics.DeveloperExceptionPageMiddlewareImpl.Invoke(HttpContext context)
   at Microsoft.AspNetCore.Diagnostics.DeveloperExceptionPageMiddlewareImpl.Invoke(HttpContext context)
   at Microsoft.WebTools.BrowserLink.Net.BrowserLinkMiddleware.InvokeAsync(HttpContext context)
   at Microsoft.AspNetCore.Watch.BrowserRefresh.BrowserRefreshMiddleware.InvokeAsync(HttpContext context)
   at Microsoft.AspNetCore.Server.Kestrel.Core.Internal.Http.HttpProtocol.ProcessRequests[TContext](IHttpApplication`1 application)
2025-11-03 16:32:54.453 -06:00 [ERR] An unhandled exception has occurred while executing the request.
System.InvalidOperationException: StatusCode cannot be set because the response has already started.
   at Microsoft.AspNetCore.Server.Kestrel.Core.Internal.Http.HttpProtocol.ThrowResponseAlreadyStartedException(String value)
   at Microsoft.AspNetCore.Server.Kestrel.Core.Internal.Http.HttpProtocol.set_StatusCode(Int32 value)
   at Microsoft.AspNetCore.Http.DefaultHttpResponse.Redirect(String location, Boolean permanent)
   at MovieShopMVC.Middlewares.MovieShopExceptionMiddleware.Invoke(HttpContext httpContext) in C:\Users\YJ\Desktop\MovieShop\MovieShopMVC\Middlewares\MovieShopExceptionMiddleware.cs:line 42
   at Microsoft.AspNetCore.Diagnostics.DeveloperExceptionPageMiddlewareImpl.Invoke(HttpContext context)
2025-11-03 16:32:54.457 -06:00 [ERR] Connection id "0HNGR53LLNREJ", Request id "0HNGR53LLNREJ:0000000D": An unhandled exception was thrown by the application.
System.InvalidOperationException: StatusCode cannot be set because the response has already started.
   at Microsoft.AspNetCore.Server.Kestrel.Core.Internal.Http.HttpProtocol.ThrowResponseAlreadyStartedException(String value)
   at Microsoft.AspNetCore.Server.Kestrel.Core.Internal.Http.HttpProtocol.set_StatusCode(Int32 value)
   at Microsoft.AspNetCore.Http.DefaultHttpResponse.Redirect(String location, Boolean permanent)
   at MovieShopMVC.Middlewares.MovieShopExceptionMiddleware.Invoke(HttpContext httpContext) in C:\Users\YJ\Desktop\MovieShop\MovieShopMVC\Middlewares\MovieShopExceptionMiddleware.cs:line 42
   at Microsoft.AspNetCore.Diagnostics.DeveloperExceptionPageMiddlewareImpl.Invoke(HttpContext context)
   at Microsoft.AspNetCore.Diagnostics.DeveloperExceptionPageMiddlewareImpl.Invoke(HttpContext context)
   at Microsoft.WebTools.BrowserLink.Net.BrowserLinkMiddleware.InvokeAsync(HttpContext context)
   at Microsoft.AspNetCore.Watch.BrowserRefresh.BrowserRefreshMiddleware.InvokeAsync(HttpContext context)
   at Microsoft.AspNetCore.Server.Kestrel.Core.Internal.Http.HttpProtocol.ProcessRequests[TContext](IHttpApplication`1 application)
2025-11-03 16:32:56.053 -06:00 [ERR] An unhandled exception has occurred while executing the request.
System.InvalidOperationException: StatusCode cannot be set because the response has already started.
   at Microsoft.AspNetCore.Server.Kestrel.Core.Internal.Http.HttpProtocol.ThrowResponseAlreadyStartedException(String value)
   at Microsoft.AspNetCore.Server.Kestrel.Core.Internal.Http.HttpProtocol.set_StatusCode(Int32 value)
   at Microsoft.AspNetCore.Http.DefaultHttpResponse.Redirect(String location, Boolean permanent)
   at MovieShopMVC.Middlewares.MovieShopExceptionMiddleware.Invoke(HttpContext httpContext) in C:\Users\YJ\Desktop\MovieShop\MovieShopMVC\Middlewares\MovieShopExceptionMiddleware.cs:line 42
   at Microsoft.AspNetCore.Diagnostics.DeveloperExceptionPageMiddlewareImpl.Invoke(HttpContext context)
2025-11-03 16:32:56.056 -06:00 [ERR] Connection id "0HNGR53LLNREJ", Request id "0HNGR53LLNREJ:0000000F": An unhandled exception was thrown by the application.
System.InvalidOperationException: StatusCode cannot be set because the response has already started.
   at Microsoft.AspNetCore.Server.Kestrel.Core.Internal.Http.HttpProtocol.ThrowResponseAlreadyStartedException(String value)
   at Microsoft.AspNetCore.Server.Kestrel.Core.Internal.Http.HttpProtocol.set_StatusCode(Int32 value)
   at Microsoft.AspNetCore.Http.DefaultHttpResponse.Redirect(String location, Boolean permanent)
   at MovieShopMVC.Middlewares.MovieShopExceptionMiddleware.Invoke(HttpContext httpContext) in C:\Users\YJ\Desktop\MovieShop\MovieShopMVC\Middlewares\MovieShopExceptionMiddleware.cs:line 42
   at Microsoft.AspNetCore.Diagnostics.DeveloperExceptionPageMiddlewareImpl.Invoke(HttpContext context)
   at Microsoft.AspNetCore.Diagnostics.DeveloperExceptionPageMiddlewareImpl.Invoke(HttpContext context)
   at Microsoft.WebTools.BrowserLink.Net.BrowserLinkMiddleware.InvokeAsync(HttpContext context)
   at Microsoft.AspNetCore.Watch.BrowserRefresh.BrowserRefreshMiddleware.InvokeAsync(HttpContext context)
   at Microsoft.AspNetCore.Server.Kestrel.Core.Internal.Http.HttpProtocol.ProcessRequests[TContext](IHttpApplication`1 application)
2025-11-03 16:33:06.639 -06:00 [ERR] An unhandled exception has occurred while executing the request.
System.InvalidOperationException: StatusCode cannot be set because the response has already started.
   at Microsoft.AspNetCore.Server.Kestrel.Core.Internal.Http.HttpProtocol.ThrowResponseAlreadyStartedException(String value)
   at Microsoft.AspNetCore.Server.Kestrel.Core.Internal.Http.HttpProtocol.set_StatusCode(Int32 value)
   at Microsoft.AspNetCore.Http.DefaultHttpResponse.Redirect(String location, Boolean permanent)
   at MovieShopMVC.Middlewares.MovieShopExceptionMiddleware.Invoke(HttpContext httpContext) in C:\Users\YJ\Desktop\MovieShop\MovieShopMVC\Middlewares\MovieShopExceptionMiddleware.cs:line 42
   at Microsoft.AspNetCore.Diagnostics.DeveloperExceptionPageMiddlewareImpl.Invoke(HttpContext context)
2025-11-03 16:33:06.643 -06:00 [ERR] Connection id "0HNGR53LLNREJ", Request id "0HNGR53LLNREJ:00000017": An unhandled exception was thrown by the application.
System.InvalidOperationException: StatusCode cannot be set because the response has already started.
   at Microsoft.AspNetCore.Server.Kestrel.Core.Internal.Http.HttpProtocol.ThrowResponseAlreadyStartedException(String value)
   at Microsoft.AspNetCore.Server.Kestrel.Core.Internal.Http.HttpProtocol.set_StatusCode(Int32 value)
   at Microsoft.AspNetCore.Http.DefaultHttpResponse.Redirect(String location, Boolean permanent)
   at MovieShopMVC.Middlewares.MovieShopExceptionMiddleware.Invoke(HttpContext httpContext) in C:\Users\YJ\Desktop\MovieShop\MovieShopMVC\Middlewares\MovieShopExceptionMiddleware.cs:line 42
   at Microsoft.AspNetCore.Diagnostics.DeveloperExceptionPageMiddlewareImpl.Invoke(HttpContext context)
   at Microsoft.AspNetCore.Diagnostics.DeveloperExceptionPageMiddlewareImpl.Invoke(HttpContext context)
   at Microsoft.WebTools.BrowserLink.Net.BrowserLinkMiddleware.InvokeAsync(HttpContext context)
   at Microsoft.AspNetCore.Watch.BrowserRefresh.BrowserRefreshMiddleware.InvokeAsync(HttpContext context)
   at Microsoft.AspNetCore.Server.Kestrel.Core.Internal.Http.HttpProtocol.ProcessRequests[TContext](IHttpApplication`1 application)
2025-11-03 16:33:16.527 -06:00 [ERR] An unhandled exception has occurred while executing the request.
System.InvalidOperationException: StatusCode cannot be set because the response has already started.
   at Microsoft.AspNetCore.Server.Kestrel.Core.Internal.Http.HttpProtocol.ThrowResponseAlreadyStartedException(String value)
   at Microsoft.AspNetCore.Server.Kestrel.Core.Internal.Http.HttpProtocol.set_StatusCode(Int32 value)
   at Microsoft.AspNetCore.Http.DefaultHttpResponse.Redirect(String location, Boolean permanent)
   at MovieShopMVC.Middlewares.MovieShopExceptionMiddleware.Invoke(HttpContext httpContext) in C:\Users\YJ\Desktop\MovieShop\MovieShopMVC\Middlewares\MovieShopExceptionMiddleware.cs:line 42
   at Microsoft.AspNetCore.Diagnostics.DeveloperExceptionPageMiddlewareImpl.Invoke(HttpContext context)
2025-11-03 16:33:16.530 -06:00 [ERR] Connection id "0HNGR53LLNREJ", Request id "0HNGR53LLNREJ:0000001D": An unhandled exception was thrown by the application.
System.InvalidOperationException: StatusCode cannot be set because the response has already started.
   at Microsoft.AspNetCore.Server.Kestrel.Core.Internal.Http.HttpProtocol.ThrowResponseAlreadyStartedException(String value)
   at Microsoft.AspNetCore.Server.Kestrel.Core.Internal.Http.HttpProtocol.set_StatusCode(Int32 value)
   at Microsoft.AspNetCore.Http.DefaultHttpResponse.Redirect(String location, Boolean permanent)
   at MovieShopMVC.Middlewares.MovieShopExceptionMiddleware.Invoke(HttpContext httpContext) in C:\Users\YJ\Desktop\MovieShop\MovieShopMVC\Middlewares\MovieShopExceptionMiddleware.cs:line 42
   at Microsoft.AspNetCore.Diagnostics.DeveloperExceptionPageMiddlewareImpl.Invoke(HttpContext context)
   at Microsoft.AspNetCore.Diagnostics.DeveloperExceptionPageMiddlewareImpl.Invoke(HttpContext context)
   at Microsoft.WebTools.BrowserLink.Net.BrowserLinkMiddleware.InvokeAsync(HttpContext context)
   at Microsoft.AspNetCore.Watch.BrowserRefresh.BrowserRefreshMiddleware.InvokeAsync(HttpContext context)
   at Microsoft.AspNetCore.Server.Kestrel.Core.Internal.Http.HttpProtocol.ProcessRequests[TContext](IHttpApplication`1 application)
2025-11-03 16:33:19.614 -06:00 [ERR] An unhandled exception has occurred while executing the request.
System.InvalidOperationException: StatusCode cannot be set because the response has already started.
   at Microsoft.AspNetCore.Server.Kestrel.Core.Internal.Http.HttpProtocol.ThrowResponseAlreadyStartedException(String value)
   at Microsoft.AspNetCore.Server.Kestrel.Core.Internal.Http.HttpProtocol.set_StatusCode(Int32 value)
   at Microsoft.AspNetCore.Http.DefaultHttpResponse.Redirect(String location, Boolean permanent)
   at MovieShopMVC.Middlewares.MovieShopExceptionMiddleware.Invoke(HttpContext httpContext) in C:\Users\YJ\Desktop\MovieShop\MovieShopMVC\Middlewares\MovieShopExceptionMiddleware.cs:line 42
   at Microsoft.AspNetCore.Diagnostics.DeveloperExceptionPageMiddlewareImpl.Invoke(HttpContext context)
2025-11-03 16:33:19.617 -06:00 [ERR] Connection id "0HNGR53LLNREJ", Request id "0HNGR53LLNREJ:00000021": An unhandled exception was thrown by the application.
System.InvalidOperationException: StatusCode cannot be set because the response has already started.
   at Microsoft.AspNetCore.Server.Kestrel.Core.Internal.Http.HttpProtocol.ThrowResponseAlreadyStartedException(String value)
   at Microsoft.AspNetCore.Server.Kestrel.Core.Internal.Http.HttpProtocol.set_StatusCode(Int32 value)
   at Microsoft.AspNetCore.Http.DefaultHttpResponse.Redirect(String location, Boolean permanent)
   at MovieShopMVC.Middlewares.MovieShopExceptionMiddleware.Invoke(HttpContext httpContext) in C:\Users\YJ\Desktop\MovieShop\MovieShopMVC\Middlewares\MovieShopExceptionMiddleware.cs:line 42
   at Microsoft.AspNetCore.Diagnostics.DeveloperExceptionPageMiddlewareImpl.Invoke(HttpContext context)
   at Microsoft.AspNetCore.Diagnostics.DeveloperExceptionPageMiddlewareImpl.Invoke(HttpContext context)
   at Microsoft.WebTools.BrowserLink.Net.BrowserLinkMiddleware.InvokeAsync(HttpContext context)
   at Microsoft.AspNetCore.Watch.BrowserRefresh.BrowserRefreshMiddleware.InvokeAsync(HttpContext context)
   at Microsoft.AspNetCore.Server.Kestrel.Core.Internal.Http.HttpProtocol.ProcessRequests[TContext](IHttpApplication`1 application)
2025-11-03 16:33:20.565 -06:00 [ERR] An unhandled exception has occurred while executing the request.
System.InvalidOperationException: StatusCode cannot be set because the response has already started.
   at Microsoft.AspNetCore.Server.Kestrel.Core.Internal.Http.HttpProtocol.ThrowResponseAlreadyStartedException(String value)
   at Microsoft.AspNetCore.Server.Kestrel.Core.Internal.Http.HttpProtocol.set_StatusCode(Int32 value)
   at Microsoft.AspNetCore.Http.DefaultHttpResponse.Redirect(String location, Boolean permanent)
   at MovieShopMVC.Middlewares.MovieShopExceptionMiddleware.Invoke(HttpContext httpContext) in C:\Users\YJ\Desktop\MovieShop\MovieShopMVC\Middlewares\MovieShopExceptionMiddleware.cs:line 42
   at Microsoft.AspNetCore.Diagnostics.DeveloperExceptionPageMiddlewareImpl.Invoke(HttpContext context)
2025-11-03 16:33:20.568 -06:00 [ERR] Connection id "0HNGR53LLNREJ", Request id "0HNGR53LLNREJ:00000027": An unhandled exception was thrown by the application.
System.InvalidOperationException: StatusCode cannot be set because the response has already started.
   at Microsoft.AspNetCore.Server.Kestrel.Core.Internal.Http.HttpProtocol.ThrowResponseAlreadyStartedException(String value)
   at Microsoft.AspNetCore.Server.Kestrel.Core.Internal.Http.HttpProtocol.set_StatusCode(Int32 value)
   at Microsoft.AspNetCore.Http.DefaultHttpResponse.Redirect(String location, Boolean permanent)
   at MovieShopMVC.Middlewares.MovieShopExceptionMiddleware.Invoke(HttpContext httpContext) in C:\Users\YJ\Desktop\MovieShop\MovieShopMVC\Middlewares\MovieShopExceptionMiddleware.cs:line 42
   at Microsoft.AspNetCore.Diagnostics.DeveloperExceptionPageMiddlewareImpl.Invoke(HttpContext context)
   at Microsoft.AspNetCore.Diagnostics.DeveloperExceptionPageMiddlewareImpl.Invoke(HttpContext context)
   at Microsoft.WebTools.BrowserLink.Net.BrowserLinkMiddleware.InvokeAsync(HttpContext context)
   at Microsoft.AspNetCore.Watch.BrowserRefresh.BrowserRefreshMiddleware.InvokeAsync(HttpContext context)
   at Microsoft.AspNetCore.Server.Kestrel.Core.Internal.Http.HttpProtocol.ProcessRequests[TContext](IHttpApplication`1 application)
2025-11-03 16:33:22.471 -06:00 [ERR] An unhandled exception has occurred while executing the request.
System.InvalidOperationException: StatusCode cannot be set because the response has already started.
   at Microsoft.AspNetCore.Server.Kestrel.Core.Internal.Http.HttpProtocol.ThrowResponseAlreadyStartedException(String value)
   at Microsoft.AspNetCore.Server.Kestrel.Core.Internal.Http.HttpProtocol.set_StatusCode(Int32 value)
   at Microsoft.AspNetCore.Http.DefaultHttpResponse.Redirect(String location, Boolean permanent)
   at MovieShopMVC.Middlewares.MovieShopExceptionMiddleware.Invoke(HttpContext httpContext) in C:\Users\YJ\Desktop\MovieShop\MovieShopMVC\Middlewares\MovieShopExceptionMiddleware.cs:line 42
   at Microsoft.AspNetCore.Diagnostics.DeveloperExceptionPageMiddlewareImpl.Invoke(HttpContext context)
2025-11-03 16:33:22.474 -06:00 [ERR] Connection id "0HNGR53LLNREJ", Request id "0HNGR53LLNREJ:00000029": An unhandled exception was thrown by the application.
System.InvalidOperationException: StatusCode cannot be set because the response has already started.
   at Microsoft.AspNetCore.Server.Kestrel.Core.Internal.Http.HttpProtocol.ThrowResponseAlreadyStartedException(String value)
   at Microsoft.AspNetCore.Server.Kestrel.Core.Internal.Http.HttpProtocol.set_StatusCode(Int32 value)
   at Microsoft.AspNetCore.Http.DefaultHttpResponse.Redirect(String location, Boolean permanent)
   at MovieShopMVC.Middlewares.MovieShopExceptionMiddleware.Invoke(HttpContext httpContext) in C:\Users\YJ\Desktop\MovieShop\MovieShopMVC\Middlewares\MovieShopExceptionMiddleware.cs:line 42
   at Microsoft.AspNetCore.Diagnostics.DeveloperExceptionPageMiddlewareImpl.Invoke(HttpContext context)
   at Microsoft.AspNetCore.Diagnostics.DeveloperExceptionPageMiddlewareImpl.Invoke(HttpContext context)
   at Microsoft.WebTools.BrowserLink.Net.BrowserLinkMiddleware.InvokeAsync(HttpContext context)
   at Microsoft.AspNetCore.Watch.BrowserRefresh.BrowserRefreshMiddleware.InvokeAsync(HttpContext context)
   at Microsoft.AspNetCore.Server.Kestrel.Core.Internal.Http.HttpProtocol.ProcessRequests[TContext](IHttpApplication`1 application)
2025-11-03 16:33:33.314 -06:00 [ERR] An unhandled exception has occurred while executing the request.
System.InvalidOperationException: StatusCode cannot be set because the response has already started.
   at Microsoft.AspNetCore.Server.Kestrel.Core.Internal.Http.HttpProtocol.ThrowResponseAlreadyStartedException(String value)
   at Microsoft.AspNetCore.Server.Kestrel.Core.Internal.Http.HttpProtocol.set_StatusCode(Int32 value)
   at Microsoft.AspNetCore.Http.DefaultHttpResponse.Redirect(String location, Boolean permanent)
   at MovieShopMVC.Middlewares.MovieShopExceptionMiddleware.Invoke(HttpContext httpContext) in C:\Users\YJ\Desktop\MovieShop\MovieShopMVC\Middlewares\MovieShopExceptionMiddleware.cs:line 42
   at Microsoft.AspNetCore.Diagnostics.DeveloperExceptionPageMiddlewareImpl.Invoke(HttpContext context)
2025-11-03 16:33:33.317 -06:00 [ERR] Connection id "0HNGR53LLNREJ", Request id "0HNGR53LLNREJ:00000031": An unhandled exception was thrown by the application.
System.InvalidOperationException: StatusCode cannot be set because the response has already started.
   at Microsoft.AspNetCore.Server.Kestrel.Core.Internal.Http.HttpProtocol.ThrowResponseAlreadyStartedException(String value)
   at Microsoft.AspNetCore.Server.Kestrel.Core.Internal.Http.HttpProtocol.set_StatusCode(Int32 value)
   at Microsoft.AspNetCore.Http.DefaultHttpResponse.Redirect(String location, Boolean permanent)
   at MovieShopMVC.Middlewares.MovieShopExceptionMiddleware.Invoke(HttpContext httpContext) in C:\Users\YJ\Desktop\MovieShop\MovieShopMVC\Middlewares\MovieShopExceptionMiddleware.cs:line 42
   at Microsoft.AspNetCore.Diagnostics.DeveloperExceptionPageMiddlewareImpl.Invoke(HttpContext context)
   at Microsoft.AspNetCore.Diagnostics.DeveloperExceptionPageMiddlewareImpl.Invoke(HttpContext context)
   at Microsoft.WebTools.BrowserLink.Net.BrowserLinkMiddleware.InvokeAsync(HttpContext context)
   at Microsoft.AspNetCore.Watch.BrowserRefresh.BrowserRefreshMiddleware.InvokeAsync(HttpContext context)
   at Microsoft.AspNetCore.Server.Kestrel.Core.Internal.Http.HttpProtocol.ProcessRequests[TContext](IHttpApplication`1 application)
2025-11-03 16:33:35.431 -06:00 [ERR] The view 'Favorites' was not found. Searched locations: ["/Views/User/Favorites.cshtml","/Views/Shared/Favorites.cshtml"]
2025-11-03 16:33:35.445 -06:00 [ERR] HTTP GET /User/Favorites responded 500 in 25.8899 ms
System.InvalidOperationException: The view 'Favorites' was not found. The following locations were searched:
/Views/User/Favorites.cshtml
/Views/Shared/Favorites.cshtml
   at Microsoft.AspNetCore.Mvc.ViewEngines.ViewEngineResult.EnsureSuccessful(IEnumerable`1 originalLocations)
   at Microsoft.AspNetCore.Mvc.ViewFeatures.ViewResultExecutor.ExecuteAsync(ActionContext context, ViewResult result)
   at Microsoft.AspNetCore.Mvc.ViewResult.ExecuteResultAsync(ActionContext context)
   at Microsoft.AspNetCore.Mvc.Infrastructure.ResourceInvoker.<InvokeNextResultFilterAsync>g__Awaited|30_0[TFilter,TFilterAsync](ResourceInvoker invoker, Task lastTask, State next, Scope scope, Object state, Boolean isCompleted)
   at Microsoft.AspNetCore.Mvc.Infrastructure.ResourceInvoker.Rethrow(ResultExecutedContextSealed context)
   at Microsoft.AspNetCore.Mvc.Infrastructure.ResourceInvoker.ResultNext[TFilter,TFilterAsync](State& next, Scope& scope, Object& state, Boolean& isCompleted)
   at Microsoft.AspNetCore.Mvc.Infrastructure.ResourceInvoker.InvokeResultFilters()
--- End of stack trace from previous location ---
   at Microsoft.AspNetCore.Mvc.Infrastructure.ResourceInvoker.<InvokeNextResourceFilter>g__Awaited|25_0(ResourceInvoker invoker, Task lastTask, State next, Scope scope, Object state, Boolean isCompleted)
   at Microsoft.AspNetCore.Mvc.Infrastructure.ResourceInvoker.Rethrow(ResourceExecutedContextSealed context)
   at Microsoft.AspNetCore.Mvc.Infrastructure.ResourceInvoker.Next(State& next, Scope& scope, Object& state, Boolean& isCompleted)
   at Microsoft.AspNetCore.Mvc.Infrastructure.ResourceInvoker.InvokeFilterPipelineAsync()
--- End of stack trace from previous location ---
   at Microsoft.AspNetCore.Mvc.Infrastructure.ResourceInvoker.<InvokeAsync>g__Logged|17_1(ResourceInvoker invoker)
   at Microsoft.AspNetCore.Mvc.Infrastructure.ResourceInvoker.<InvokeAsync>g__Logged|17_1(ResourceInvoker invoker)
   at Microsoft.AspNetCore.Routing.EndpointMiddleware.<Invoke>g__AwaitRequestTask|7_0(Endpoint endpoint, Task requestTask, ILogger logger)
   at Microsoft.AspNetCore.Authorization.AuthorizationMiddleware.Invoke(HttpContext context)
   at Microsoft.AspNetCore.Authentication.AuthenticationMiddleware.Invoke(HttpContext context)
   at Serilog.AspNetCore.RequestLoggingMiddleware.Invoke(HttpContext httpContext)
2025-11-03 16:33:35.509 -06:00 [ERR] An unhandled exception has occurred while executing the request.
System.InvalidOperationException: StatusCode cannot be set because the response has already started.
   at Microsoft.AspNetCore.Server.Kestrel.Core.Internal.Http.HttpProtocol.ThrowResponseAlreadyStartedException(String value)
   at Microsoft.AspNetCore.Server.Kestrel.Core.Internal.Http.HttpProtocol.set_StatusCode(Int32 value)
   at Microsoft.AspNetCore.Http.DefaultHttpResponse.Redirect(String location, Boolean permanent)
   at MovieShopMVC.Middlewares.MovieShopExceptionMiddleware.Invoke(HttpContext httpContext) in C:\Users\YJ\Desktop\MovieShop\MovieShopMVC\Middlewares\MovieShopExceptionMiddleware.cs:line 42
   at Microsoft.AspNetCore.Diagnostics.DeveloperExceptionPageMiddlewareImpl.Invoke(HttpContext context)
2025-11-03 16:33:35.511 -06:00 [ERR] Connection id "0HNGR53LLNREJ", Request id "0HNGR53LLNREJ:00000039": An unhandled exception was thrown by the application.
System.InvalidOperationException: StatusCode cannot be set because the response has already started.
   at Microsoft.AspNetCore.Server.Kestrel.Core.Internal.Http.HttpProtocol.ThrowResponseAlreadyStartedException(String value)
   at Microsoft.AspNetCore.Server.Kestrel.Core.Internal.Http.HttpProtocol.set_StatusCode(Int32 value)
   at Microsoft.AspNetCore.Http.DefaultHttpResponse.Redirect(String location, Boolean permanent)
   at MovieShopMVC.Middlewares.MovieShopExceptionMiddleware.Invoke(HttpContext httpContext) in C:\Users\YJ\Desktop\MovieShop\MovieShopMVC\Middlewares\MovieShopExceptionMiddleware.cs:line 42
   at Microsoft.AspNetCore.Diagnostics.DeveloperExceptionPageMiddlewareImpl.Invoke(HttpContext context)
   at Microsoft.AspNetCore.Diagnostics.DeveloperExceptionPageMiddlewareImpl.Invoke(HttpContext context)
   at Microsoft.WebTools.BrowserLink.Net.BrowserLinkMiddleware.InvokeAsync(HttpContext context)
   at Microsoft.AspNetCore.Watch.BrowserRefresh.BrowserRefreshMiddleware.InvokeAsync(HttpContext context)
   at Microsoft.AspNetCore.Server.Kestrel.Core.Internal.Http.HttpProtocol.ProcessRequests[TContext](IHttpApplication`1 application)
2025-11-03 16:33:36.550 -06:00 [ERR] An unhandled exception has occurred while executing the request.
System.InvalidOperationException: StatusCode cannot be set because the response has already started.
   at Microsoft.AspNetCore.Server.Kestrel.Core.Internal.Http.HttpProtocol.ThrowResponseAlreadyStartedException(String value)
   at Microsoft.AspNetCore.Server.Kestrel.Core.Internal.Http.HttpProtocol.set_StatusCode(Int32 value)
   at Microsoft.AspNetCore.Http.DefaultHttpResponse.Redirect(String location, Boolean permanent)
   at MovieShopMVC.Middlewares.MovieShopExceptionMiddleware.Invoke(HttpContext httpContext) in C:\Users\YJ\Desktop\MovieShop\MovieShopMVC\Middlewares\MovieShopExceptionMiddleware.cs:line 42
   at Microsoft.AspNetCore.Diagnostics.DeveloperExceptionPageMiddlewareImpl.Invoke(HttpContext context)
2025-11-03 16:33:36.553 -06:00 [ERR] Connection id "0HNGR53LLNREJ", Request id "0HNGR53LLNREJ:00000041": An unhandled exception was thrown by the application.
System.InvalidOperationException: StatusCode cannot be set because the response has already started.
   at Microsoft.AspNetCore.Server.Kestrel.Core.Internal.Http.HttpProtocol.ThrowResponseAlreadyStartedException(String value)
   at Microsoft.AspNetCore.Server.Kestrel.Core.Internal.Http.HttpProtocol.set_StatusCode(Int32 value)
   at Microsoft.AspNetCore.Http.DefaultHttpResponse.Redirect(String location, Boolean permanent)
   at MovieShopMVC.Middlewares.MovieShopExceptionMiddleware.Invoke(HttpContext httpContext) in C:\Users\YJ\Desktop\MovieShop\MovieShopMVC\Middlewares\MovieShopExceptionMiddleware.cs:line 42
   at Microsoft.AspNetCore.Diagnostics.DeveloperExceptionPageMiddlewareImpl.Invoke(HttpContext context)
   at Microsoft.AspNetCore.Diagnostics.DeveloperExceptionPageMiddlewareImpl.Invoke(HttpContext context)
   at Microsoft.WebTools.BrowserLink.Net.BrowserLinkMiddleware.InvokeAsync(HttpContext context)
   at Microsoft.AspNetCore.Watch.BrowserRefresh.BrowserRefreshMiddleware.InvokeAsync(HttpContext context)
   at Microsoft.AspNetCore.Server.Kestrel.Core.Internal.Http.HttpProtocol.ProcessRequests[TContext](IHttpApplication`1 application)
2025-11-03 16:33:40.357 -06:00 [ERR] An unhandled exception has occurred while executing the request.
System.InvalidOperationException: StatusCode cannot be set because the response has already started.
   at Microsoft.AspNetCore.Server.Kestrel.Core.Internal.Http.HttpProtocol.ThrowResponseAlreadyStartedException(String value)
   at Microsoft.AspNetCore.Server.Kestrel.Core.Internal.Http.HttpProtocol.set_StatusCode(Int32 value)
   at Microsoft.AspNetCore.Http.DefaultHttpResponse.Redirect(String location, Boolean permanent)
   at MovieShopMVC.Middlewares.MovieShopExceptionMiddleware.Invoke(HttpContext httpContext) in C:\Users\YJ\Desktop\MovieShop\MovieShopMVC\Middlewares\MovieShopExceptionMiddleware.cs:line 42
   at Microsoft.AspNetCore.Diagnostics.DeveloperExceptionPageMiddlewareImpl.Invoke(HttpContext context)
2025-11-03 16:33:40.360 -06:00 [ERR] Connection id "0HNGR53LLNREJ", Request id "0HNGR53LLNREJ:00000047": An unhandled exception was thrown by the application.
System.InvalidOperationException: StatusCode cannot be set because the response has already started.
   at Microsoft.AspNetCore.Server.Kestrel.Core.Internal.Http.HttpProtocol.ThrowResponseAlreadyStartedException(String value)
   at Microsoft.AspNetCore.Server.Kestrel.Core.Internal.Http.HttpProtocol.set_StatusCode(Int32 value)
   at Microsoft.AspNetCore.Http.DefaultHttpResponse.Redirect(String location, Boolean permanent)
   at MovieShopMVC.Middlewares.MovieShopExceptionMiddleware.Invoke(HttpContext httpContext) in C:\Users\YJ\Desktop\MovieShop\MovieShopMVC\Middlewares\MovieShopExceptionMiddleware.cs:line 42
   at Microsoft.AspNetCore.Diagnostics.DeveloperExceptionPageMiddlewareImpl.Invoke(HttpContext context)
   at Microsoft.AspNetCore.Diagnostics.DeveloperExceptionPageMiddlewareImpl.Invoke(HttpContext context)
   at Microsoft.WebTools.BrowserLink.Net.BrowserLinkMiddleware.InvokeAsync(HttpContext context)
   at Microsoft.AspNetCore.Watch.BrowserRefresh.BrowserRefreshMiddleware.InvokeAsync(HttpContext context)
   at Microsoft.AspNetCore.Server.Kestrel.Core.Internal.Http.HttpProtocol.ProcessRequests[TContext](IHttpApplication`1 application)
2025-11-03 16:33:41.552 -06:00 [ERR] An unhandled exception has occurred while executing the request.
System.InvalidOperationException: StatusCode cannot be set because the response has already started.
   at Microsoft.AspNetCore.Server.Kestrel.Core.Internal.Http.HttpProtocol.ThrowResponseAlreadyStartedException(String value)
   at Microsoft.AspNetCore.Server.Kestrel.Core.Internal.Http.HttpProtocol.Microsoft.AspNetCore.Http.Features.IHttpResponseFeature.set_StatusCode(Int32 value)
   at Microsoft.AspNetCore.Http.DefaultHttpResponse.Redirect(String location, Boolean permanent)
   at MovieShopMVC.Middlewares.MovieShopExceptionMiddleware.Invoke(HttpContext httpContext) in C:\Users\YJ\Desktop\MovieShop\MovieShopMVC\Middlewares\MovieShopExceptionMiddleware.cs:line 42
   at Microsoft.AspNetCore.Diagnostics.DeveloperExceptionPageMiddlewareImpl.Invoke(HttpContext context)
2025-11-03 16:33:41.557 -06:00 [ERR] Connection id "0HNGR53LLNREJ", Request id "0HNGR53LLNREJ:0000004D": An unhandled exception was thrown by the application.
System.InvalidOperationException: StatusCode cannot be set because the response has already started.
   at Microsoft.AspNetCore.Server.Kestrel.Core.Internal.Http.HttpProtocol.ThrowResponseAlreadyStartedException(String value)
   at Microsoft.AspNetCore.Server.Kestrel.Core.Internal.Http.HttpProtocol.Microsoft.AspNetCore.Http.Features.IHttpResponseFeature.set_StatusCode(Int32 value)
   at Microsoft.AspNetCore.Http.DefaultHttpResponse.Redirect(String location, Boolean permanent)
   at MovieShopMVC.Middlewares.MovieShopExceptionMiddleware.Invoke(HttpContext httpContext) in C:\Users\YJ\Desktop\MovieShop\MovieShopMVC\Middlewares\MovieShopExceptionMiddleware.cs:line 42
   at Microsoft.AspNetCore.Diagnostics.DeveloperExceptionPageMiddlewareImpl.Invoke(HttpContext context)
   at Microsoft.AspNetCore.Diagnostics.DeveloperExceptionPageMiddlewareImpl.Invoke(HttpContext context)
   at Microsoft.WebTools.BrowserLink.Net.BrowserLinkMiddleware.InvokeAsync(HttpContext context)
   at Microsoft.AspNetCore.Watch.BrowserRefresh.BrowserRefreshMiddleware.InvokeAsync(HttpContext context)
   at Microsoft.AspNetCore.Server.Kestrel.Core.Internal.Http.HttpProtocol.ProcessRequests[TContext](IHttpApplication`1 application)
2025-11-03 16:33:42.990 -06:00 [ERR] An unhandled exception has occurred while executing the request.
System.InvalidOperationException: StatusCode cannot be set because the response has already started.
   at Microsoft.AspNetCore.Server.Kestrel.Core.Internal.Http.HttpProtocol.ThrowResponseAlreadyStartedException(String value)
   at Microsoft.AspNetCore.Server.Kestrel.Core.Internal.Http.HttpProtocol.Microsoft.AspNetCore.Http.Features.IHttpResponseFeature.set_StatusCode(Int32 value)
   at Microsoft.AspNetCore.Http.DefaultHttpResponse.Redirect(String location, Boolean permanent)
   at MovieShopMVC.Middlewares.MovieShopExceptionMiddleware.Invoke(HttpContext httpContext) in C:\Users\YJ\Desktop\MovieShop\MovieShopMVC\Middlewares\MovieShopExceptionMiddleware.cs:line 42
   at Microsoft.AspNetCore.Diagnostics.DeveloperExceptionPageMiddlewareImpl.Invoke(HttpContext context)
2025-11-03 16:33:43.005 -06:00 [ERR] Connection id "0HNGR53LLNREJ", Request id "0HNGR53LLNREJ:00000053": An unhandled exception was thrown by the application.
System.InvalidOperationException: StatusCode cannot be set because the response has already started.
   at Microsoft.AspNetCore.Server.Kestrel.Core.Internal.Http.HttpProtocol.ThrowResponseAlreadyStartedException(String value)
   at Microsoft.AspNetCore.Server.Kestrel.Core.Internal.Http.HttpProtocol.Microsoft.AspNetCore.Http.Features.IHttpResponseFeature.set_StatusCode(Int32 value)
   at Microsoft.AspNetCore.Http.DefaultHttpResponse.Redirect(String location, Boolean permanent)
   at MovieShopMVC.Middlewares.MovieShopExceptionMiddleware.Invoke(HttpContext httpContext) in C:\Users\YJ\Desktop\MovieShop\MovieShopMVC\Middlewares\MovieShopExceptionMiddleware.cs:line 42
   at Microsoft.AspNetCore.Diagnostics.DeveloperExceptionPageMiddlewareImpl.Invoke(HttpContext context)
   at Microsoft.AspNetCore.Diagnostics.DeveloperExceptionPageMiddlewareImpl.Invoke(HttpContext context)
   at Microsoft.WebTools.BrowserLink.Net.BrowserLinkMiddleware.InvokeAsync(HttpContext context)
   at Microsoft.AspNetCore.Watch.BrowserRefresh.BrowserRefreshMiddleware.InvokeAsync(HttpContext context)
   at Microsoft.AspNetCore.Server.Kestrel.Core.Internal.Http.HttpProtocol.ProcessRequests[TContext](IHttpApplication`1 application)
2025-11-03 16:37:06.710 -06:00 [ERR] An unhandled exception has occurred while executing the request.
System.InvalidOperationException: StatusCode cannot be set because the response has already started.
   at Microsoft.AspNetCore.Server.Kestrel.Core.Internal.Http.HttpProtocol.ThrowResponseAlreadyStartedException(String value)
   at Microsoft.AspNetCore.Server.Kestrel.Core.Internal.Http.HttpProtocol.set_StatusCode(Int32 value)
   at Microsoft.AspNetCore.Http.DefaultHttpResponse.Redirect(String location, Boolean permanent)
   at MovieShopMVC.Middlewares.MovieShopExceptionMiddleware.Invoke(HttpContext httpContext) in C:\Users\YJ\Desktop\MovieShop\MovieShopMVC\Middlewares\MovieShopExceptionMiddleware.cs:line 42
   at Microsoft.AspNetCore.Diagnostics.DeveloperExceptionPageMiddlewareImpl.Invoke(HttpContext context)
2025-11-03 16:37:06.739 -06:00 [ERR] Connection id "0HNGR561U4LMJ", Request id "0HNGR561U4LMJ:00000001": An unhandled exception was thrown by the application.
System.InvalidOperationException: StatusCode cannot be set because the response has already started.
   at Microsoft.AspNetCore.Server.Kestrel.Core.Internal.Http.HttpProtocol.ThrowResponseAlreadyStartedException(String value)
   at Microsoft.AspNetCore.Server.Kestrel.Core.Internal.Http.HttpProtocol.set_StatusCode(Int32 value)
   at Microsoft.AspNetCore.Http.DefaultHttpResponse.Redirect(String location, Boolean permanent)
   at MovieShopMVC.Middlewares.MovieShopExceptionMiddleware.Invoke(HttpContext httpContext) in C:\Users\YJ\Desktop\MovieShop\MovieShopMVC\Middlewares\MovieShopExceptionMiddleware.cs:line 42
   at Microsoft.AspNetCore.Diagnostics.DeveloperExceptionPageMiddlewareImpl.Invoke(HttpContext context)
   at Microsoft.AspNetCore.Diagnostics.DeveloperExceptionPageMiddlewareImpl.Invoke(HttpContext context)
   at Microsoft.WebTools.BrowserLink.Net.BrowserLinkMiddleware.InvokeAsync(HttpContext context)
   at Microsoft.AspNetCore.Watch.BrowserRefresh.BrowserRefreshMiddleware.InvokeAsync(HttpContext context)
   at Microsoft.AspNetCore.Server.Kestrel.Core.Internal.Http.HttpProtocol.ProcessRequests[TContext](IHttpApplication`1 application)
2025-11-03 16:37:09.679 -06:00 [ERR] An unhandled exception has occurred while executing the request.
System.InvalidOperationException: StatusCode cannot be set because the response has already started.
   at Microsoft.AspNetCore.Server.Kestrel.Core.Internal.Http.HttpProtocol.ThrowResponseAlreadyStartedException(String value)
   at Microsoft.AspNetCore.Server.Kestrel.Core.Internal.Http.HttpProtocol.set_StatusCode(Int32 value)
   at Microsoft.AspNetCore.Http.DefaultHttpResponse.Redirect(String location, Boolean permanent)
   at MovieShopMVC.Middlewares.MovieShopExceptionMiddleware.Invoke(HttpContext httpContext) in C:\Users\YJ\Desktop\MovieShop\MovieShopMVC\Middlewares\MovieShopExceptionMiddleware.cs:line 42
   at Microsoft.AspNetCore.Diagnostics.DeveloperExceptionPageMiddlewareImpl.Invoke(HttpContext context)
2025-11-03 16:37:09.686 -06:00 [ERR] Connection id "0HNGR561U4LMJ", Request id "0HNGR561U4LMJ:00000009": An unhandled exception was thrown by the application.
System.InvalidOperationException: StatusCode cannot be set because the response has already started.
   at Microsoft.AspNetCore.Server.Kestrel.Core.Internal.Http.HttpProtocol.ThrowResponseAlreadyStartedException(String value)
   at Microsoft.AspNetCore.Server.Kestrel.Core.Internal.Http.HttpProtocol.set_StatusCode(Int32 value)
   at Microsoft.AspNetCore.Http.DefaultHttpResponse.Redirect(String location, Boolean permanent)
   at MovieShopMVC.Middlewares.MovieShopExceptionMiddleware.Invoke(HttpContext httpContext) in C:\Users\YJ\Desktop\MovieShop\MovieShopMVC\Middlewares\MovieShopExceptionMiddleware.cs:line 42
   at Microsoft.AspNetCore.Diagnostics.DeveloperExceptionPageMiddlewareImpl.Invoke(HttpContext context)
   at Microsoft.AspNetCore.Diagnostics.DeveloperExceptionPageMiddlewareImpl.Invoke(HttpContext context)
   at Microsoft.WebTools.BrowserLink.Net.BrowserLinkMiddleware.InvokeAsync(HttpContext context)
   at Microsoft.AspNetCore.Watch.BrowserRefresh.BrowserRefreshMiddleware.InvokeAsync(HttpContext context)
   at Microsoft.AspNetCore.Server.Kestrel.Core.Internal.Http.HttpProtocol.ProcessRequests[TContext](IHttpApplication`1 application)
2025-11-03 16:37:12.605 -06:00 [ERR] An unhandled exception has occurred while executing the request.
System.InvalidOperationException: StatusCode cannot be set because the response has already started.
   at Microsoft.AspNetCore.Server.Kestrel.Core.Internal.Http.HttpProtocol.ThrowResponseAlreadyStartedException(String value)
   at Microsoft.AspNetCore.Server.Kestrel.Core.Internal.Http.HttpProtocol.set_StatusCode(Int32 value)
   at Microsoft.AspNetCore.Http.DefaultHttpResponse.Redirect(String location, Boolean permanent)
   at MovieShopMVC.Middlewares.MovieShopExceptionMiddleware.Invoke(HttpContext httpContext) in C:\Users\YJ\Desktop\MovieShop\MovieShopMVC\Middlewares\MovieShopExceptionMiddleware.cs:line 42
   at Microsoft.AspNetCore.Diagnostics.DeveloperExceptionPageMiddlewareImpl.Invoke(HttpContext context)
2025-11-03 16:37:12.610 -06:00 [ERR] Connection id "0HNGR561U4LMJ", Request id "0HNGR561U4LMJ:0000000F": An unhandled exception was thrown by the application.
System.InvalidOperationException: StatusCode cannot be set because the response has already started.
   at Microsoft.AspNetCore.Server.Kestrel.Core.Internal.Http.HttpProtocol.ThrowResponseAlreadyStartedException(String value)
   at Microsoft.AspNetCore.Server.Kestrel.Core.Internal.Http.HttpProtocol.set_StatusCode(Int32 value)
   at Microsoft.AspNetCore.Http.DefaultHttpResponse.Redirect(String location, Boolean permanent)
   at MovieShopMVC.Middlewares.MovieShopExceptionMiddleware.Invoke(HttpContext httpContext) in C:\Users\YJ\Desktop\MovieShop\MovieShopMVC\Middlewares\MovieShopExceptionMiddleware.cs:line 42
   at Microsoft.AspNetCore.Diagnostics.DeveloperExceptionPageMiddlewareImpl.Invoke(HttpContext context)
   at Microsoft.AspNetCore.Diagnostics.DeveloperExceptionPageMiddlewareImpl.Invoke(HttpContext context)
   at Microsoft.WebTools.BrowserLink.Net.BrowserLinkMiddleware.InvokeAsync(HttpContext context)
   at Microsoft.AspNetCore.Watch.BrowserRefresh.BrowserRefreshMiddleware.InvokeAsync(HttpContext context)
   at Microsoft.AspNetCore.Server.Kestrel.Core.Internal.Http.HttpProtocol.ProcessRequests[TContext](IHttpApplication`1 application)
2025-11-03 16:37:14.481 -06:00 [ERR] An unhandled exception has occurred while executing the request.
System.InvalidOperationException: StatusCode cannot be set because the response has already started.
   at Microsoft.AspNetCore.Server.Kestrel.Core.Internal.Http.HttpProtocol.ThrowResponseAlreadyStartedException(String value)
   at Microsoft.AspNetCore.Server.Kestrel.Core.Internal.Http.HttpProtocol.set_StatusCode(Int32 value)
   at Microsoft.AspNetCore.Http.DefaultHttpResponse.Redirect(String location, Boolean permanent)
   at MovieShopMVC.Middlewares.MovieShopExceptionMiddleware.Invoke(HttpContext httpContext) in C:\Users\YJ\Desktop\MovieShop\MovieShopMVC\Middlewares\MovieShopExceptionMiddleware.cs:line 42
   at Microsoft.AspNetCore.Diagnostics.DeveloperExceptionPageMiddlewareImpl.Invoke(HttpContext context)
2025-11-03 16:37:14.484 -06:00 [ERR] Connection id "0HNGR561U4LMJ", Request id "0HNGR561U4LMJ:00000015": An unhandled exception was thrown by the application.
System.InvalidOperationException: StatusCode cannot be set because the response has already started.
   at Microsoft.AspNetCore.Server.Kestrel.Core.Internal.Http.HttpProtocol.ThrowResponseAlreadyStartedException(String value)
   at Microsoft.AspNetCore.Server.Kestrel.Core.Internal.Http.HttpProtocol.set_StatusCode(Int32 value)
   at Microsoft.AspNetCore.Http.DefaultHttpResponse.Redirect(String location, Boolean permanent)
   at MovieShopMVC.Middlewares.MovieShopExceptionMiddleware.Invoke(HttpContext httpContext) in C:\Users\YJ\Desktop\MovieShop\MovieShopMVC\Middlewares\MovieShopExceptionMiddleware.cs:line 42
   at Microsoft.AspNetCore.Diagnostics.DeveloperExceptionPageMiddlewareImpl.Invoke(HttpContext context)
   at Microsoft.AspNetCore.Diagnostics.DeveloperExceptionPageMiddlewareImpl.Invoke(HttpContext context)
   at Microsoft.WebTools.BrowserLink.Net.BrowserLinkMiddleware.InvokeAsync(HttpContext context)
   at Microsoft.AspNetCore.Watch.BrowserRefresh.BrowserRefreshMiddleware.InvokeAsync(HttpContext context)
   at Microsoft.AspNetCore.Server.Kestrel.Core.Internal.Http.HttpProtocol.ProcessRequests[TContext](IHttpApplication`1 application)
2025-11-03 16:37:17.979 -06:00 [ERR] An unhandled exception has occurred while executing the request.
System.InvalidOperationException: StatusCode cannot be set because the response has already started.
   at Microsoft.AspNetCore.Server.Kestrel.Core.Internal.Http.HttpProtocol.ThrowResponseAlreadyStartedException(String value)
   at Microsoft.AspNetCore.Server.Kestrel.Core.Internal.Http.HttpProtocol.set_StatusCode(Int32 value)
   at Microsoft.AspNetCore.Http.DefaultHttpResponse.Redirect(String location, Boolean permanent)
   at MovieShopMVC.Middlewares.MovieShopExceptionMiddleware.Invoke(HttpContext httpContext) in C:\Users\YJ\Desktop\MovieShop\MovieShopMVC\Middlewares\MovieShopExceptionMiddleware.cs:line 42
   at Microsoft.AspNetCore.Diagnostics.DeveloperExceptionPageMiddlewareImpl.Invoke(HttpContext context)
2025-11-03 16:37:17.982 -06:00 [ERR] Connection id "0HNGR561U4LMJ", Request id "0HNGR561U4LMJ:0000001D": An unhandled exception was thrown by the application.
System.InvalidOperationException: StatusCode cannot be set because the response has already started.
   at Microsoft.AspNetCore.Server.Kestrel.Core.Internal.Http.HttpProtocol.ThrowResponseAlreadyStartedException(String value)
   at Microsoft.AspNetCore.Server.Kestrel.Core.Internal.Http.HttpProtocol.set_StatusCode(Int32 value)
   at Microsoft.AspNetCore.Http.DefaultHttpResponse.Redirect(String location, Boolean permanent)
   at MovieShopMVC.Middlewares.MovieShopExceptionMiddleware.Invoke(HttpContext httpContext) in C:\Users\YJ\Desktop\MovieShop\MovieShopMVC\Middlewares\MovieShopExceptionMiddleware.cs:line 42
   at Microsoft.AspNetCore.Diagnostics.DeveloperExceptionPageMiddlewareImpl.Invoke(HttpContext context)
   at Microsoft.AspNetCore.Diagnostics.DeveloperExceptionPageMiddlewareImpl.Invoke(HttpContext context)
   at Microsoft.WebTools.BrowserLink.Net.BrowserLinkMiddleware.InvokeAsync(HttpContext context)
   at Microsoft.AspNetCore.Watch.BrowserRefresh.BrowserRefreshMiddleware.InvokeAsync(HttpContext context)
   at Microsoft.AspNetCore.Server.Kestrel.Core.Internal.Http.HttpProtocol.ProcessRequests[TContext](IHttpApplication`1 application)
2025-11-03 16:46:57.375 -06:00 [ERR] An unhandled exception has occurred while executing the request.
System.InvalidOperationException: StatusCode cannot be set because the response has already started.
   at Microsoft.AspNetCore.Server.Kestrel.Core.Internal.Http.HttpProtocol.ThrowResponseAlreadyStartedException(String value)
   at Microsoft.AspNetCore.Server.Kestrel.Core.Internal.Http.HttpProtocol.set_StatusCode(Int32 value)
   at Microsoft.AspNetCore.Http.DefaultHttpResponse.Redirect(String location, Boolean permanent)
   at MovieShopMVC.Middlewares.MovieShopExceptionMiddleware.Invoke(HttpContext httpContext) in C:\Users\YJ\Desktop\MovieShop\MovieShopMVC\Middlewares\MovieShopExceptionMiddleware.cs:line 42
   at Microsoft.AspNetCore.Diagnostics.DeveloperExceptionPageMiddlewareImpl.Invoke(HttpContext context)
2025-11-03 16:46:57.418 -06:00 [ERR] Connection id "0HNGR5BHUEDEF", Request id "0HNGR5BHUEDEF:00000001": An unhandled exception was thrown by the application.
System.InvalidOperationException: StatusCode cannot be set because the response has already started.
   at Microsoft.AspNetCore.Server.Kestrel.Core.Internal.Http.HttpProtocol.ThrowResponseAlreadyStartedException(String value)
   at Microsoft.AspNetCore.Server.Kestrel.Core.Internal.Http.HttpProtocol.set_StatusCode(Int32 value)
   at Microsoft.AspNetCore.Http.DefaultHttpResponse.Redirect(String location, Boolean permanent)
   at MovieShopMVC.Middlewares.MovieShopExceptionMiddleware.Invoke(HttpContext httpContext) in C:\Users\YJ\Desktop\MovieShop\MovieShopMVC\Middlewares\MovieShopExceptionMiddleware.cs:line 42
   at Microsoft.AspNetCore.Diagnostics.DeveloperExceptionPageMiddlewareImpl.Invoke(HttpContext context)
   at Microsoft.AspNetCore.Diagnostics.DeveloperExceptionPageMiddlewareImpl.Invoke(HttpContext context)
   at Microsoft.WebTools.BrowserLink.Net.BrowserLinkMiddleware.InvokeAsync(HttpContext context)
   at Microsoft.AspNetCore.Watch.BrowserRefresh.BrowserRefreshMiddleware.InvokeAsync(HttpContext context)
   at Microsoft.AspNetCore.Server.Kestrel.Core.Internal.Http.HttpProtocol.ProcessRequests[TContext](IHttpApplication`1 application)
2025-11-03 16:47:38.407 -06:00 [ERR] An unhandled exception has occurred while executing the request.
System.InvalidOperationException: StatusCode cannot be set because the response has already started.
   at Microsoft.AspNetCore.Server.Kestrel.Core.Internal.Http.HttpProtocol.ThrowResponseAlreadyStartedException(String value)
   at Microsoft.AspNetCore.Server.Kestrel.Core.Internal.Http.HttpProtocol.set_StatusCode(Int32 value)
   at Microsoft.AspNetCore.Http.DefaultHttpResponse.Redirect(String location, Boolean permanent)
   at MovieShopMVC.Middlewares.MovieShopExceptionMiddleware.Invoke(HttpContext httpContext) in C:\Users\YJ\Desktop\MovieShop\MovieShopMVC\Middlewares\MovieShopExceptionMiddleware.cs:line 42
   at Microsoft.AspNetCore.Diagnostics.DeveloperExceptionPageMiddlewareImpl.Invoke(HttpContext context)
2025-11-03 16:47:38.443 -06:00 [ERR] Connection id "0HNGR5BHUEDEF", Request id "0HNGR5BHUEDEF:00000009": An unhandled exception was thrown by the application.
System.InvalidOperationException: StatusCode cannot be set because the response has already started.
   at Microsoft.AspNetCore.Server.Kestrel.Core.Internal.Http.HttpProtocol.ThrowResponseAlreadyStartedException(String value)
   at Microsoft.AspNetCore.Server.Kestrel.Core.Internal.Http.HttpProtocol.set_StatusCode(Int32 value)
   at Microsoft.AspNetCore.Http.DefaultHttpResponse.Redirect(String location, Boolean permanent)
   at MovieShopMVC.Middlewares.MovieShopExceptionMiddleware.Invoke(HttpContext httpContext) in C:\Users\YJ\Desktop\MovieShop\MovieShopMVC\Middlewares\MovieShopExceptionMiddleware.cs:line 42
   at Microsoft.AspNetCore.Diagnostics.DeveloperExceptionPageMiddlewareImpl.Invoke(HttpContext context)
   at Microsoft.AspNetCore.Diagnostics.DeveloperExceptionPageMiddlewareImpl.Invoke(HttpContext context)
   at Microsoft.WebTools.BrowserLink.Net.BrowserLinkMiddleware.InvokeAsync(HttpContext context)
   at Microsoft.AspNetCore.Watch.BrowserRefresh.BrowserRefreshMiddleware.InvokeAsync(HttpContext context)
   at Microsoft.AspNetCore.Server.Kestrel.Core.Internal.Http.HttpProtocol.ProcessRequests[TContext](IHttpApplication`1 application)
2025-11-03 16:47:50.479 -06:00 [ERR] An unhandled exception has occurred while executing the request.
System.InvalidOperationException: StatusCode cannot be set because the response has already started.
   at Microsoft.AspNetCore.Server.Kestrel.Core.Internal.Http.HttpProtocol.ThrowResponseAlreadyStartedException(String value)
   at Microsoft.AspNetCore.Server.Kestrel.Core.Internal.Http.HttpProtocol.set_StatusCode(Int32 value)
   at Microsoft.AspNetCore.Http.DefaultHttpResponse.Redirect(String location, Boolean permanent)
   at MovieShopMVC.Middlewares.MovieShopExceptionMiddleware.Invoke(HttpContext httpContext) in C:\Users\YJ\Desktop\MovieShop\MovieShopMVC\Middlewares\MovieShopExceptionMiddleware.cs:line 42
   at Microsoft.AspNetCore.Diagnostics.DeveloperExceptionPageMiddlewareImpl.Invoke(HttpContext context)
2025-11-03 16:47:50.487 -06:00 [ERR] Connection id "0HNGR5BHUEDEF", Request id "0HNGR5BHUEDEF:0000000F": An unhandled exception was thrown by the application.
System.InvalidOperationException: StatusCode cannot be set because the response has already started.
   at Microsoft.AspNetCore.Server.Kestrel.Core.Internal.Http.HttpProtocol.ThrowResponseAlreadyStartedException(String value)
   at Microsoft.AspNetCore.Server.Kestrel.Core.Internal.Http.HttpProtocol.set_StatusCode(Int32 value)
   at Microsoft.AspNetCore.Http.DefaultHttpResponse.Redirect(String location, Boolean permanent)
   at MovieShopMVC.Middlewares.MovieShopExceptionMiddleware.Invoke(HttpContext httpContext) in C:\Users\YJ\Desktop\MovieShop\MovieShopMVC\Middlewares\MovieShopExceptionMiddleware.cs:line 42
   at Microsoft.AspNetCore.Diagnostics.DeveloperExceptionPageMiddlewareImpl.Invoke(HttpContext context)
   at Microsoft.AspNetCore.Diagnostics.DeveloperExceptionPageMiddlewareImpl.Invoke(HttpContext context)
   at Microsoft.WebTools.BrowserLink.Net.BrowserLinkMiddleware.InvokeAsync(HttpContext context)
   at Microsoft.AspNetCore.Watch.BrowserRefresh.BrowserRefreshMiddleware.InvokeAsync(HttpContext context)
   at Microsoft.AspNetCore.Server.Kestrel.Core.Internal.Http.HttpProtocol.ProcessRequests[TContext](IHttpApplication`1 application)
2025-11-03 16:47:53.442 -06:00 [ERR] An unhandled exception has occurred while executing the request.
System.InvalidOperationException: StatusCode cannot be set because the response has already started.
   at Microsoft.AspNetCore.Server.Kestrel.Core.Internal.Http.HttpProtocol.ThrowResponseAlreadyStartedException(String value)
   at Microsoft.AspNetCore.Server.Kestrel.Core.Internal.Http.HttpProtocol.set_StatusCode(Int32 value)
   at Microsoft.AspNetCore.Http.DefaultHttpResponse.Redirect(String location, Boolean permanent)
   at MovieShopMVC.Middlewares.MovieShopExceptionMiddleware.Invoke(HttpContext httpContext) in C:\Users\YJ\Desktop\MovieShop\MovieShopMVC\Middlewares\MovieShopExceptionMiddleware.cs:line 42
   at Microsoft.AspNetCore.Diagnostics.DeveloperExceptionPageMiddlewareImpl.Invoke(HttpContext context)
2025-11-03 16:47:53.459 -06:00 [ERR] Connection id "0HNGR5BHUEDEF", Request id "0HNGR5BHUEDEF:00000017": An unhandled exception was thrown by the application.
System.InvalidOperationException: StatusCode cannot be set because the response has already started.
   at Microsoft.AspNetCore.Server.Kestrel.Core.Internal.Http.HttpProtocol.ThrowResponseAlreadyStartedException(String value)
   at Microsoft.AspNetCore.Server.Kestrel.Core.Internal.Http.HttpProtocol.set_StatusCode(Int32 value)
   at Microsoft.AspNetCore.Http.DefaultHttpResponse.Redirect(String location, Boolean permanent)
   at MovieShopMVC.Middlewares.MovieShopExceptionMiddleware.Invoke(HttpContext httpContext) in C:\Users\YJ\Desktop\MovieShop\MovieShopMVC\Middlewares\MovieShopExceptionMiddleware.cs:line 42
   at Microsoft.AspNetCore.Diagnostics.DeveloperExceptionPageMiddlewareImpl.Invoke(HttpContext context)
   at Microsoft.AspNetCore.Diagnostics.DeveloperExceptionPageMiddlewareImpl.Invoke(HttpContext context)
   at Microsoft.WebTools.BrowserLink.Net.BrowserLinkMiddleware.InvokeAsync(HttpContext context)
   at Microsoft.AspNetCore.Watch.BrowserRefresh.BrowserRefreshMiddleware.InvokeAsync(HttpContext context)
   at Microsoft.AspNetCore.Server.Kestrel.Core.Internal.Http.HttpProtocol.ProcessRequests[TContext](IHttpApplication`1 application)
2025-11-03 16:49:05.108 -06:00 [ERR] An unhandled exception has occurred while executing the request.
System.InvalidOperationException: StatusCode cannot be set because the response has already started.
   at Microsoft.AspNetCore.Server.Kestrel.Core.Internal.Http.HttpProtocol.ThrowResponseAlreadyStartedException(String value)
   at Microsoft.AspNetCore.Server.Kestrel.Core.Internal.Http.HttpProtocol.set_StatusCode(Int32 value)
   at Microsoft.AspNetCore.Http.DefaultHttpResponse.Redirect(String location, Boolean permanent)
   at MovieShopMVC.Middlewares.MovieShopExceptionMiddleware.Invoke(HttpContext httpContext) in C:\Users\YJ\Desktop\MovieShop\MovieShopMVC\Middlewares\MovieShopExceptionMiddleware.cs:line 42
   at Microsoft.AspNetCore.Diagnostics.DeveloperExceptionPageMiddlewareImpl.Invoke(HttpContext context)
2025-11-03 16:49:05.146 -06:00 [ERR] Connection id "0HNGR5CO0G78S", Request id "0HNGR5CO0G78S:00000001": An unhandled exception was thrown by the application.
System.InvalidOperationException: StatusCode cannot be set because the response has already started.
   at Microsoft.AspNetCore.Server.Kestrel.Core.Internal.Http.HttpProtocol.ThrowResponseAlreadyStartedException(String value)
   at Microsoft.AspNetCore.Server.Kestrel.Core.Internal.Http.HttpProtocol.set_StatusCode(Int32 value)
   at Microsoft.AspNetCore.Http.DefaultHttpResponse.Redirect(String location, Boolean permanent)
   at MovieShopMVC.Middlewares.MovieShopExceptionMiddleware.Invoke(HttpContext httpContext) in C:\Users\YJ\Desktop\MovieShop\MovieShopMVC\Middlewares\MovieShopExceptionMiddleware.cs:line 42
   at Microsoft.AspNetCore.Diagnostics.DeveloperExceptionPageMiddlewareImpl.Invoke(HttpContext context)
   at Microsoft.AspNetCore.Diagnostics.DeveloperExceptionPageMiddlewareImpl.Invoke(HttpContext context)
   at Microsoft.WebTools.BrowserLink.Net.BrowserLinkMiddleware.InvokeAsync(HttpContext context)
   at Microsoft.AspNetCore.Watch.BrowserRefresh.BrowserRefreshMiddleware.InvokeAsync(HttpContext context)
   at Microsoft.AspNetCore.Server.Kestrel.Core.Internal.Http.HttpProtocol.ProcessRequests[TContext](IHttpApplication`1 application)
2025-11-03 16:49:08.205 -06:00 [ERR] An unhandled exception has occurred while executing the request.
System.InvalidOperationException: StatusCode cannot be set because the response has already started.
   at Microsoft.AspNetCore.Server.Kestrel.Core.Internal.Http.HttpProtocol.ThrowResponseAlreadyStartedException(String value)
   at Microsoft.AspNetCore.Server.Kestrel.Core.Internal.Http.HttpProtocol.set_StatusCode(Int32 value)
   at Microsoft.AspNetCore.Http.DefaultHttpResponse.Redirect(String location, Boolean permanent)
   at MovieShopMVC.Middlewares.MovieShopExceptionMiddleware.Invoke(HttpContext httpContext) in C:\Users\YJ\Desktop\MovieShop\MovieShopMVC\Middlewares\MovieShopExceptionMiddleware.cs:line 42
   at Microsoft.AspNetCore.Diagnostics.DeveloperExceptionPageMiddlewareImpl.Invoke(HttpContext context)
2025-11-03 16:49:08.214 -06:00 [ERR] Connection id "0HNGR5CO0G78S", Request id "0HNGR5CO0G78S:00000009": An unhandled exception was thrown by the application.
System.InvalidOperationException: StatusCode cannot be set because the response has already started.
   at Microsoft.AspNetCore.Server.Kestrel.Core.Internal.Http.HttpProtocol.ThrowResponseAlreadyStartedException(String value)
   at Microsoft.AspNetCore.Server.Kestrel.Core.Internal.Http.HttpProtocol.set_StatusCode(Int32 value)
   at Microsoft.AspNetCore.Http.DefaultHttpResponse.Redirect(String location, Boolean permanent)
   at MovieShopMVC.Middlewares.MovieShopExceptionMiddleware.Invoke(HttpContext httpContext) in C:\Users\YJ\Desktop\MovieShop\MovieShopMVC\Middlewares\MovieShopExceptionMiddleware.cs:line 42
   at Microsoft.AspNetCore.Diagnostics.DeveloperExceptionPageMiddlewareImpl.Invoke(HttpContext context)
   at Microsoft.AspNetCore.Diagnostics.DeveloperExceptionPageMiddlewareImpl.Invoke(HttpContext context)
   at Microsoft.WebTools.BrowserLink.Net.BrowserLinkMiddleware.InvokeAsync(HttpContext context)
   at Microsoft.AspNetCore.Watch.BrowserRefresh.BrowserRefreshMiddleware.InvokeAsync(HttpContext context)
   at Microsoft.AspNetCore.Server.Kestrel.Core.Internal.Http.HttpProtocol.ProcessRequests[TContext](IHttpApplication`1 application)
2025-11-03 16:49:12.196 -06:00 [ERR] An unhandled exception has occurred while executing the request.
System.InvalidOperationException: StatusCode cannot be set because the response has already started.
   at Microsoft.AspNetCore.Server.Kestrel.Core.Internal.Http.HttpProtocol.ThrowResponseAlreadyStartedException(String value)
   at Microsoft.AspNetCore.Server.Kestrel.Core.Internal.Http.HttpProtocol.set_StatusCode(Int32 value)
   at Microsoft.AspNetCore.Http.DefaultHttpResponse.Redirect(String location, Boolean permanent)
   at MovieShopMVC.Middlewares.MovieShopExceptionMiddleware.Invoke(HttpContext httpContext) in C:\Users\YJ\Desktop\MovieShop\MovieShopMVC\Middlewares\MovieShopExceptionMiddleware.cs:line 42
   at Microsoft.AspNetCore.Diagnostics.DeveloperExceptionPageMiddlewareImpl.Invoke(HttpContext context)
2025-11-03 16:49:12.205 -06:00 [ERR] Connection id "0HNGR5CO0G78S", Request id "0HNGR5CO0G78S:0000000F": An unhandled exception was thrown by the application.
System.InvalidOperationException: StatusCode cannot be set because the response has already started.
   at Microsoft.AspNetCore.Server.Kestrel.Core.Internal.Http.HttpProtocol.ThrowResponseAlreadyStartedException(String value)
   at Microsoft.AspNetCore.Server.Kestrel.Core.Internal.Http.HttpProtocol.set_StatusCode(Int32 value)
   at Microsoft.AspNetCore.Http.DefaultHttpResponse.Redirect(String location, Boolean permanent)
   at MovieShopMVC.Middlewares.MovieShopExceptionMiddleware.Invoke(HttpContext httpContext) in C:\Users\YJ\Desktop\MovieShop\MovieShopMVC\Middlewares\MovieShopExceptionMiddleware.cs:line 42
   at Microsoft.AspNetCore.Diagnostics.DeveloperExceptionPageMiddlewareImpl.Invoke(HttpContext context)
   at Microsoft.AspNetCore.Diagnostics.DeveloperExceptionPageMiddlewareImpl.Invoke(HttpContext context)
   at Microsoft.WebTools.BrowserLink.Net.BrowserLinkMiddleware.InvokeAsync(HttpContext context)
   at Microsoft.AspNetCore.Watch.BrowserRefresh.BrowserRefreshMiddleware.InvokeAsync(HttpContext context)
   at Microsoft.AspNetCore.Server.Kestrel.Core.Internal.Http.HttpProtocol.ProcessRequests[TContext](IHttpApplication`1 application)
2025-11-03 16:49:38.427 -06:00 [ERR] An unhandled exception has occurred while executing the request.
System.InvalidOperationException: StatusCode cannot be set because the response has already started.
   at Microsoft.AspNetCore.Server.Kestrel.Core.Internal.Http.HttpProtocol.ThrowResponseAlreadyStartedException(String value)
   at Microsoft.AspNetCore.Server.Kestrel.Core.Internal.Http.HttpProtocol.set_StatusCode(Int32 value)
   at Microsoft.AspNetCore.Http.DefaultHttpResponse.Redirect(String location, Boolean permanent)
   at MovieShopMVC.Middlewares.MovieShopExceptionMiddleware.Invoke(HttpContext httpContext) in C:\Users\YJ\Desktop\MovieShop\MovieShopMVC\Middlewares\MovieShopExceptionMiddleware.cs:line 42
   at Microsoft.AspNetCore.Diagnostics.DeveloperExceptionPageMiddlewareImpl.Invoke(HttpContext context)
2025-11-03 16:49:38.463 -06:00 [ERR] Connection id "0HNGR5D1UL85S", Request id "0HNGR5D1UL85S:00000001": An unhandled exception was thrown by the application.
System.InvalidOperationException: StatusCode cannot be set because the response has already started.
   at Microsoft.AspNetCore.Server.Kestrel.Core.Internal.Http.HttpProtocol.ThrowResponseAlreadyStartedException(String value)
   at Microsoft.AspNetCore.Server.Kestrel.Core.Internal.Http.HttpProtocol.set_StatusCode(Int32 value)
   at Microsoft.AspNetCore.Http.DefaultHttpResponse.Redirect(String location, Boolean permanent)
   at MovieShopMVC.Middlewares.MovieShopExceptionMiddleware.Invoke(HttpContext httpContext) in C:\Users\YJ\Desktop\MovieShop\MovieShopMVC\Middlewares\MovieShopExceptionMiddleware.cs:line 42
   at Microsoft.AspNetCore.Diagnostics.DeveloperExceptionPageMiddlewareImpl.Invoke(HttpContext context)
   at Microsoft.AspNetCore.Diagnostics.DeveloperExceptionPageMiddlewareImpl.Invoke(HttpContext context)
   at Microsoft.WebTools.BrowserLink.Net.BrowserLinkMiddleware.InvokeAsync(HttpContext context)
   at Microsoft.AspNetCore.Watch.BrowserRefresh.BrowserRefreshMiddleware.InvokeAsync(HttpContext context)
   at Microsoft.AspNetCore.Server.Kestrel.Core.Internal.Http.HttpProtocol.ProcessRequests[TContext](IHttpApplication`1 application)
2025-11-03 16:52:52.222 -06:00 [ERR] An unhandled exception has occurred while executing the request.
System.InvalidOperationException: StatusCode cannot be set because the response has already started.
   at Microsoft.AspNetCore.Server.Kestrel.Core.Internal.Http.HttpProtocol.ThrowResponseAlreadyStartedException(String value)
   at Microsoft.AspNetCore.Server.Kestrel.Core.Internal.Http.HttpProtocol.set_StatusCode(Int32 value)
   at Microsoft.AspNetCore.Http.DefaultHttpResponse.Redirect(String location, Boolean permanent)
   at MovieShopMVC.Middlewares.MovieShopExceptionMiddleware.Invoke(HttpContext httpContext) in C:\Users\YJ\Desktop\MovieShop\MovieShopMVC\Middlewares\MovieShopExceptionMiddleware.cs:line 42
   at Microsoft.AspNetCore.Diagnostics.DeveloperExceptionPageMiddlewareImpl.Invoke(HttpContext context)
2025-11-03 16:52:52.254 -06:00 [ERR] Connection id "0HNGR5ERN1N6N", Request id "0HNGR5ERN1N6N:00000001": An unhandled exception was thrown by the application.
System.InvalidOperationException: StatusCode cannot be set because the response has already started.
   at Microsoft.AspNetCore.Server.Kestrel.Core.Internal.Http.HttpProtocol.ThrowResponseAlreadyStartedException(String value)
   at Microsoft.AspNetCore.Server.Kestrel.Core.Internal.Http.HttpProtocol.set_StatusCode(Int32 value)
   at Microsoft.AspNetCore.Http.DefaultHttpResponse.Redirect(String location, Boolean permanent)
   at MovieShopMVC.Middlewares.MovieShopExceptionMiddleware.Invoke(HttpContext httpContext) in C:\Users\YJ\Desktop\MovieShop\MovieShopMVC\Middlewares\MovieShopExceptionMiddleware.cs:line 42
   at Microsoft.AspNetCore.Diagnostics.DeveloperExceptionPageMiddlewareImpl.Invoke(HttpContext context)
   at Microsoft.AspNetCore.Diagnostics.DeveloperExceptionPageMiddlewareImpl.Invoke(HttpContext context)
   at Microsoft.WebTools.BrowserLink.Net.BrowserLinkMiddleware.InvokeAsync(HttpContext context)
   at Microsoft.AspNetCore.Watch.BrowserRefresh.BrowserRefreshMiddleware.InvokeAsync(HttpContext context)
   at Microsoft.AspNetCore.Server.Kestrel.Core.Internal.Http.HttpProtocol.ProcessRequests[TContext](IHttpApplication`1 application)
2025-11-03 16:52:53.374 -06:00 [ERR] An unhandled exception has occurred while executing the request.
System.InvalidOperationException: StatusCode cannot be set because the response has already started.
   at Microsoft.AspNetCore.Server.Kestrel.Core.Internal.Http.HttpProtocol.ThrowResponseAlreadyStartedException(String value)
   at Microsoft.AspNetCore.Server.Kestrel.Core.Internal.Http.HttpProtocol.set_StatusCode(Int32 value)
   at Microsoft.AspNetCore.Http.DefaultHttpResponse.Redirect(String location, Boolean permanent)
   at MovieShopMVC.Middlewares.MovieShopExceptionMiddleware.Invoke(HttpContext httpContext) in C:\Users\YJ\Desktop\MovieShop\MovieShopMVC\Middlewares\MovieShopExceptionMiddleware.cs:line 42
   at Microsoft.AspNetCore.Diagnostics.DeveloperExceptionPageMiddlewareImpl.Invoke(HttpContext context)
2025-11-03 16:52:53.377 -06:00 [ERR] Connection id "0HNGR5ERN1N6N", Request id "0HNGR5ERN1N6N:00000007": An unhandled exception was thrown by the application.
System.InvalidOperationException: StatusCode cannot be set because the response has already started.
   at Microsoft.AspNetCore.Server.Kestrel.Core.Internal.Http.HttpProtocol.ThrowResponseAlreadyStartedException(String value)
   at Microsoft.AspNetCore.Server.Kestrel.Core.Internal.Http.HttpProtocol.set_StatusCode(Int32 value)
   at Microsoft.AspNetCore.Http.DefaultHttpResponse.Redirect(String location, Boolean permanent)
   at MovieShopMVC.Middlewares.MovieShopExceptionMiddleware.Invoke(HttpContext httpContext) in C:\Users\YJ\Desktop\MovieShop\MovieShopMVC\Middlewares\MovieShopExceptionMiddleware.cs:line 42
   at Microsoft.AspNetCore.Diagnostics.DeveloperExceptionPageMiddlewareImpl.Invoke(HttpContext context)
   at Microsoft.AspNetCore.Diagnostics.DeveloperExceptionPageMiddlewareImpl.Invoke(HttpContext context)
   at Microsoft.WebTools.BrowserLink.Net.BrowserLinkMiddleware.InvokeAsync(HttpContext context)
   at Microsoft.AspNetCore.Watch.BrowserRefresh.BrowserRefreshMiddleware.InvokeAsync(HttpContext context)
   at Microsoft.AspNetCore.Server.Kestrel.Core.Internal.Http.HttpProtocol.ProcessRequests[TContext](IHttpApplication`1 application)
2025-11-03 16:52:57.356 -06:00 [ERR] An unhandled exception has occurred while executing the request.
System.InvalidOperationException: StatusCode cannot be set because the response has already started.
   at Microsoft.AspNetCore.Server.Kestrel.Core.Internal.Http.HttpProtocol.ThrowResponseAlreadyStartedException(String value)
   at Microsoft.AspNetCore.Server.Kestrel.Core.Internal.Http.HttpProtocol.set_StatusCode(Int32 value)
   at Microsoft.AspNetCore.Http.DefaultHttpResponse.Redirect(String location, Boolean permanent)
   at MovieShopMVC.Middlewares.MovieShopExceptionMiddleware.Invoke(HttpContext httpContext) in C:\Users\YJ\Desktop\MovieShop\MovieShopMVC\Middlewares\MovieShopExceptionMiddleware.cs:line 42
   at Microsoft.AspNetCore.Diagnostics.DeveloperExceptionPageMiddlewareImpl.Invoke(HttpContext context)
2025-11-03 16:52:57.359 -06:00 [ERR] Connection id "0HNGR5ERN1N6N", Request id "0HNGR5ERN1N6N:0000000F": An unhandled exception was thrown by the application.
System.InvalidOperationException: StatusCode cannot be set because the response has already started.
   at Microsoft.AspNetCore.Server.Kestrel.Core.Internal.Http.HttpProtocol.ThrowResponseAlreadyStartedException(String value)
   at Microsoft.AspNetCore.Server.Kestrel.Core.Internal.Http.HttpProtocol.set_StatusCode(Int32 value)
   at Microsoft.AspNetCore.Http.DefaultHttpResponse.Redirect(String location, Boolean permanent)
   at MovieShopMVC.Middlewares.MovieShopExceptionMiddleware.Invoke(HttpContext httpContext) in C:\Users\YJ\Desktop\MovieShop\MovieShopMVC\Middlewares\MovieShopExceptionMiddleware.cs:line 42
   at Microsoft.AspNetCore.Diagnostics.DeveloperExceptionPageMiddlewareImpl.Invoke(HttpContext context)
   at Microsoft.AspNetCore.Diagnostics.DeveloperExceptionPageMiddlewareImpl.Invoke(HttpContext context)
   at Microsoft.WebTools.BrowserLink.Net.BrowserLinkMiddleware.InvokeAsync(HttpContext context)
   at Microsoft.AspNetCore.Watch.BrowserRefresh.BrowserRefreshMiddleware.InvokeAsync(HttpContext context)
   at Microsoft.AspNetCore.Server.Kestrel.Core.Internal.Http.HttpProtocol.ProcessRequests[TContext](IHttpApplication`1 application)
2025-11-03 16:52:58.367 -06:00 [ERR] An unhandled exception has occurred while executing the request.
System.InvalidOperationException: StatusCode cannot be set because the response has already started.
   at Microsoft.AspNetCore.Server.Kestrel.Core.Internal.Http.HttpProtocol.ThrowResponseAlreadyStartedException(String value)
   at Microsoft.AspNetCore.Server.Kestrel.Core.Internal.Http.HttpProtocol.set_StatusCode(Int32 value)
   at Microsoft.AspNetCore.Http.DefaultHttpResponse.Redirect(String location, Boolean permanent)
   at MovieShopMVC.Middlewares.MovieShopExceptionMiddleware.Invoke(HttpContext httpContext) in C:\Users\YJ\Desktop\MovieShop\MovieShopMVC\Middlewares\MovieShopExceptionMiddleware.cs:line 42
   at Microsoft.AspNetCore.Diagnostics.DeveloperExceptionPageMiddlewareImpl.Invoke(HttpContext context)
2025-11-03 16:52:58.370 -06:00 [ERR] Connection id "0HNGR5ERN1N6N", Request id "0HNGR5ERN1N6N:00000015": An unhandled exception was thrown by the application.
System.InvalidOperationException: StatusCode cannot be set because the response has already started.
   at Microsoft.AspNetCore.Server.Kestrel.Core.Internal.Http.HttpProtocol.ThrowResponseAlreadyStartedException(String value)
   at Microsoft.AspNetCore.Server.Kestrel.Core.Internal.Http.HttpProtocol.set_StatusCode(Int32 value)
   at Microsoft.AspNetCore.Http.DefaultHttpResponse.Redirect(String location, Boolean permanent)
   at MovieShopMVC.Middlewares.MovieShopExceptionMiddleware.Invoke(HttpContext httpContext) in C:\Users\YJ\Desktop\MovieShop\MovieShopMVC\Middlewares\MovieShopExceptionMiddleware.cs:line 42
   at Microsoft.AspNetCore.Diagnostics.DeveloperExceptionPageMiddlewareImpl.Invoke(HttpContext context)
   at Microsoft.AspNetCore.Diagnostics.DeveloperExceptionPageMiddlewareImpl.Invoke(HttpContext context)
   at Microsoft.WebTools.BrowserLink.Net.BrowserLinkMiddleware.InvokeAsync(HttpContext context)
   at Microsoft.AspNetCore.Watch.BrowserRefresh.BrowserRefreshMiddleware.InvokeAsync(HttpContext context)
   at Microsoft.AspNetCore.Server.Kestrel.Core.Internal.Http.HttpProtocol.ProcessRequests[TContext](IHttpApplication`1 application)
2025-11-03 16:53:15.096 -06:00 [ERR] An unhandled exception has occurred while executing the request.
System.InvalidOperationException: StatusCode cannot be set because the response has already started.
   at Microsoft.AspNetCore.Server.Kestrel.Core.Internal.Http.HttpProtocol.ThrowResponseAlreadyStartedException(String value)
   at Microsoft.AspNetCore.Server.Kestrel.Core.Internal.Http.HttpProtocol.set_StatusCode(Int32 value)
   at Microsoft.AspNetCore.Http.DefaultHttpResponse.Redirect(String location, Boolean permanent)
   at MovieShopMVC.Middlewares.MovieShopExceptionMiddleware.Invoke(HttpContext httpContext) in C:\Users\YJ\Desktop\MovieShop\MovieShopMVC\Middlewares\MovieShopExceptionMiddleware.cs:line 42
   at Microsoft.AspNetCore.Diagnostics.DeveloperExceptionPageMiddlewareImpl.Invoke(HttpContext context)
2025-11-03 16:53:15.101 -06:00 [ERR] Connection id "0HNGR5ERN1N6N", Request id "0HNGR5ERN1N6N:00000017": An unhandled exception was thrown by the application.
System.InvalidOperationException: StatusCode cannot be set because the response has already started.
   at Microsoft.AspNetCore.Server.Kestrel.Core.Internal.Http.HttpProtocol.ThrowResponseAlreadyStartedException(String value)
   at Microsoft.AspNetCore.Server.Kestrel.Core.Internal.Http.HttpProtocol.set_StatusCode(Int32 value)
   at Microsoft.AspNetCore.Http.DefaultHttpResponse.Redirect(String location, Boolean permanent)
   at MovieShopMVC.Middlewares.MovieShopExceptionMiddleware.Invoke(HttpContext httpContext) in C:\Users\YJ\Desktop\MovieShop\MovieShopMVC\Middlewares\MovieShopExceptionMiddleware.cs:line 42
   at Microsoft.AspNetCore.Diagnostics.DeveloperExceptionPageMiddlewareImpl.Invoke(HttpContext context)
   at Microsoft.AspNetCore.Diagnostics.DeveloperExceptionPageMiddlewareImpl.Invoke(HttpContext context)
   at Microsoft.WebTools.BrowserLink.Net.BrowserLinkMiddleware.InvokeAsync(HttpContext context)
   at Microsoft.AspNetCore.Watch.BrowserRefresh.BrowserRefreshMiddleware.InvokeAsync(HttpContext context)
   at Microsoft.AspNetCore.Server.Kestrel.Core.Internal.Http.HttpProtocol.ProcessRequests[TContext](IHttpApplication`1 application)
2025-11-03 16:53:17.434 -06:00 [ERR] An unhandled exception has occurred while executing the request.
System.InvalidOperationException: StatusCode cannot be set because the response has already started.
   at Microsoft.AspNetCore.Server.Kestrel.Core.Internal.Http.HttpProtocol.ThrowResponseAlreadyStartedException(String value)
   at Microsoft.AspNetCore.Server.Kestrel.Core.Internal.Http.HttpProtocol.set_StatusCode(Int32 value)
   at Microsoft.AspNetCore.Http.DefaultHttpResponse.Redirect(String location, Boolean permanent)
   at MovieShopMVC.Middlewares.MovieShopExceptionMiddleware.Invoke(HttpContext httpContext) in C:\Users\YJ\Desktop\MovieShop\MovieShopMVC\Middlewares\MovieShopExceptionMiddleware.cs:line 42
   at Microsoft.AspNetCore.Diagnostics.DeveloperExceptionPageMiddlewareImpl.Invoke(HttpContext context)
2025-11-03 16:53:17.437 -06:00 [ERR] Connection id "0HNGR5ERN1N6N", Request id "0HNGR5ERN1N6N:0000001F": An unhandled exception was thrown by the application.
System.InvalidOperationException: StatusCode cannot be set because the response has already started.
   at Microsoft.AspNetCore.Server.Kestrel.Core.Internal.Http.HttpProtocol.ThrowResponseAlreadyStartedException(String value)
   at Microsoft.AspNetCore.Server.Kestrel.Core.Internal.Http.HttpProtocol.set_StatusCode(Int32 value)
   at Microsoft.AspNetCore.Http.DefaultHttpResponse.Redirect(String location, Boolean permanent)
   at MovieShopMVC.Middlewares.MovieShopExceptionMiddleware.Invoke(HttpContext httpContext) in C:\Users\YJ\Desktop\MovieShop\MovieShopMVC\Middlewares\MovieShopExceptionMiddleware.cs:line 42
   at Microsoft.AspNetCore.Diagnostics.DeveloperExceptionPageMiddlewareImpl.Invoke(HttpContext context)
   at Microsoft.AspNetCore.Diagnostics.DeveloperExceptionPageMiddlewareImpl.Invoke(HttpContext context)
   at Microsoft.WebTools.BrowserLink.Net.BrowserLinkMiddleware.InvokeAsync(HttpContext context)
   at Microsoft.AspNetCore.Watch.BrowserRefresh.BrowserRefreshMiddleware.InvokeAsync(HttpContext context)
   at Microsoft.AspNetCore.Server.Kestrel.Core.Internal.Http.HttpProtocol.ProcessRequests[TContext](IHttpApplication`1 application)
2025-11-03 16:57:10.421 -06:00 [ERR] An unhandled exception has occurred while executing the request.
System.InvalidOperationException: StatusCode cannot be set because the response has already started.
   at Microsoft.AspNetCore.Server.Kestrel.Core.Internal.Http.HttpProtocol.ThrowResponseAlreadyStartedException(String value)
   at Microsoft.AspNetCore.Server.Kestrel.Core.Internal.Http.HttpProtocol.set_StatusCode(Int32 value)
   at Microsoft.AspNetCore.Http.DefaultHttpResponse.Redirect(String location, Boolean permanent)
   at MovieShopMVC.Middlewares.MovieShopExceptionMiddleware.Invoke(HttpContext httpContext) in C:\Users\YJ\Desktop\MovieShop\MovieShopMVC\Middlewares\MovieShopExceptionMiddleware.cs:line 42
   at Microsoft.AspNetCore.Diagnostics.DeveloperExceptionPageMiddlewareImpl.Invoke(HttpContext context)
2025-11-03 16:57:10.451 -06:00 [ERR] Connection id "0HNGR5H8L74EI", Request id "0HNGR5H8L74EI:00000001": An unhandled exception was thrown by the application.
System.InvalidOperationException: StatusCode cannot be set because the response has already started.
   at Microsoft.AspNetCore.Server.Kestrel.Core.Internal.Http.HttpProtocol.ThrowResponseAlreadyStartedException(String value)
   at Microsoft.AspNetCore.Server.Kestrel.Core.Internal.Http.HttpProtocol.set_StatusCode(Int32 value)
   at Microsoft.AspNetCore.Http.DefaultHttpResponse.Redirect(String location, Boolean permanent)
   at MovieShopMVC.Middlewares.MovieShopExceptionMiddleware.Invoke(HttpContext httpContext) in C:\Users\YJ\Desktop\MovieShop\MovieShopMVC\Middlewares\MovieShopExceptionMiddleware.cs:line 42
   at Microsoft.AspNetCore.Diagnostics.DeveloperExceptionPageMiddlewareImpl.Invoke(HttpContext context)
   at Microsoft.AspNetCore.Diagnostics.DeveloperExceptionPageMiddlewareImpl.Invoke(HttpContext context)
   at Microsoft.WebTools.BrowserLink.Net.BrowserLinkMiddleware.InvokeAsync(HttpContext context)
   at Microsoft.AspNetCore.Watch.BrowserRefresh.BrowserRefreshMiddleware.InvokeAsync(HttpContext context)
   at Microsoft.AspNetCore.Server.Kestrel.Core.Internal.Http.HttpProtocol.ProcessRequests[TContext](IHttpApplication`1 application)
2025-11-03 16:57:11.799 -06:00 [ERR] An unhandled exception has occurred while executing the request.
System.InvalidOperationException: StatusCode cannot be set because the response has already started.
   at Microsoft.AspNetCore.Server.Kestrel.Core.Internal.Http.HttpProtocol.ThrowResponseAlreadyStartedException(String value)
   at Microsoft.AspNetCore.Server.Kestrel.Core.Internal.Http.HttpProtocol.set_StatusCode(Int32 value)
   at Microsoft.AspNetCore.Http.DefaultHttpResponse.Redirect(String location, Boolean permanent)
   at MovieShopMVC.Middlewares.MovieShopExceptionMiddleware.Invoke(HttpContext httpContext) in C:\Users\YJ\Desktop\MovieShop\MovieShopMVC\Middlewares\MovieShopExceptionMiddleware.cs:line 42
   at Microsoft.AspNetCore.Diagnostics.DeveloperExceptionPageMiddlewareImpl.Invoke(HttpContext context)
2025-11-03 16:57:11.802 -06:00 [ERR] Connection id "0HNGR5H8L74EI", Request id "0HNGR5H8L74EI:00000007": An unhandled exception was thrown by the application.
System.InvalidOperationException: StatusCode cannot be set because the response has already started.
   at Microsoft.AspNetCore.Server.Kestrel.Core.Internal.Http.HttpProtocol.ThrowResponseAlreadyStartedException(String value)
   at Microsoft.AspNetCore.Server.Kestrel.Core.Internal.Http.HttpProtocol.set_StatusCode(Int32 value)
   at Microsoft.AspNetCore.Http.DefaultHttpResponse.Redirect(String location, Boolean permanent)
   at MovieShopMVC.Middlewares.MovieShopExceptionMiddleware.Invoke(HttpContext httpContext) in C:\Users\YJ\Desktop\MovieShop\MovieShopMVC\Middlewares\MovieShopExceptionMiddleware.cs:line 42
   at Microsoft.AspNetCore.Diagnostics.DeveloperExceptionPageMiddlewareImpl.Invoke(HttpContext context)
   at Microsoft.AspNetCore.Diagnostics.DeveloperExceptionPageMiddlewareImpl.Invoke(HttpContext context)
   at Microsoft.WebTools.BrowserLink.Net.BrowserLinkMiddleware.InvokeAsync(HttpContext context)
   at Microsoft.AspNetCore.Watch.BrowserRefresh.BrowserRefreshMiddleware.InvokeAsync(HttpContext context)
   at Microsoft.AspNetCore.Server.Kestrel.Core.Internal.Http.HttpProtocol.ProcessRequests[TContext](IHttpApplication`1 application)
2025-11-03 16:57:14.174 -06:00 [ERR] An unhandled exception has occurred while executing the request.
System.InvalidOperationException: StatusCode cannot be set because the response has already started.
   at Microsoft.AspNetCore.Server.Kestrel.Core.Internal.Http.HttpProtocol.ThrowResponseAlreadyStartedException(String value)
   at Microsoft.AspNetCore.Server.Kestrel.Core.Internal.Http.HttpProtocol.set_StatusCode(Int32 value)
   at Microsoft.AspNetCore.Http.DefaultHttpResponse.Redirect(String location, Boolean permanent)
   at MovieShopMVC.Middlewares.MovieShopExceptionMiddleware.Invoke(HttpContext httpContext) in C:\Users\YJ\Desktop\MovieShop\MovieShopMVC\Middlewares\MovieShopExceptionMiddleware.cs:line 42
   at Microsoft.AspNetCore.Diagnostics.DeveloperExceptionPageMiddlewareImpl.Invoke(HttpContext context)
2025-11-03 16:57:14.181 -06:00 [ERR] Connection id "0HNGR5H8L74EI", Request id "0HNGR5H8L74EI:0000000F": An unhandled exception was thrown by the application.
System.InvalidOperationException: StatusCode cannot be set because the response has already started.
   at Microsoft.AspNetCore.Server.Kestrel.Core.Internal.Http.HttpProtocol.ThrowResponseAlreadyStartedException(String value)
   at Microsoft.AspNetCore.Server.Kestrel.Core.Internal.Http.HttpProtocol.set_StatusCode(Int32 value)
   at Microsoft.AspNetCore.Http.DefaultHttpResponse.Redirect(String location, Boolean permanent)
   at MovieShopMVC.Middlewares.MovieShopExceptionMiddleware.Invoke(HttpContext httpContext) in C:\Users\YJ\Desktop\MovieShop\MovieShopMVC\Middlewares\MovieShopExceptionMiddleware.cs:line 42
   at Microsoft.AspNetCore.Diagnostics.DeveloperExceptionPageMiddlewareImpl.Invoke(HttpContext context)
   at Microsoft.AspNetCore.Diagnostics.DeveloperExceptionPageMiddlewareImpl.Invoke(HttpContext context)
   at Microsoft.WebTools.BrowserLink.Net.BrowserLinkMiddleware.InvokeAsync(HttpContext context)
   at Microsoft.AspNetCore.Watch.BrowserRefresh.BrowserRefreshMiddleware.InvokeAsync(HttpContext context)
   at Microsoft.AspNetCore.Server.Kestrel.Core.Internal.Http.HttpProtocol.ProcessRequests[TContext](IHttpApplication`1 application)
2025-11-03 19:26:39.057 -06:00 [ERR] An unhandled exception has occurred while executing the request.
System.InvalidOperationException: StatusCode cannot be set because the response has already started.
   at Microsoft.AspNetCore.Server.Kestrel.Core.Internal.Http.HttpProtocol.ThrowResponseAlreadyStartedException(String value)
   at Microsoft.AspNetCore.Server.Kestrel.Core.Internal.Http.HttpProtocol.set_StatusCode(Int32 value)
   at Microsoft.AspNetCore.Http.DefaultHttpResponse.Redirect(String location, Boolean permanent)
   at MovieShopMVC.Middlewares.MovieShopExceptionMiddleware.Invoke(HttpContext httpContext) in C:\Users\YJ\Desktop\MovieShop\MovieShopMVC\Middlewares\MovieShopExceptionMiddleware.cs:line 42
   at Microsoft.AspNetCore.Diagnostics.DeveloperExceptionPageMiddlewareImpl.Invoke(HttpContext context)
2025-11-03 19:26:39.093 -06:00 [ERR] Connection id "0HNGR84PGQQ8C", Request id "0HNGR84PGQQ8C:00000001": An unhandled exception was thrown by the application.
System.InvalidOperationException: StatusCode cannot be set because the response has already started.
   at Microsoft.AspNetCore.Server.Kestrel.Core.Internal.Http.HttpProtocol.ThrowResponseAlreadyStartedException(String value)
   at Microsoft.AspNetCore.Server.Kestrel.Core.Internal.Http.HttpProtocol.set_StatusCode(Int32 value)
   at Microsoft.AspNetCore.Http.DefaultHttpResponse.Redirect(String location, Boolean permanent)
   at MovieShopMVC.Middlewares.MovieShopExceptionMiddleware.Invoke(HttpContext httpContext) in C:\Users\YJ\Desktop\MovieShop\MovieShopMVC\Middlewares\MovieShopExceptionMiddleware.cs:line 42
   at Microsoft.AspNetCore.Diagnostics.DeveloperExceptionPageMiddlewareImpl.Invoke(HttpContext context)
   at Microsoft.AspNetCore.Diagnostics.DeveloperExceptionPageMiddlewareImpl.Invoke(HttpContext context)
   at Microsoft.WebTools.BrowserLink.Net.BrowserLinkMiddleware.InvokeAsync(HttpContext context)
   at Microsoft.AspNetCore.Watch.BrowserRefresh.BrowserRefreshMiddleware.InvokeAsync(HttpContext context)
   at Microsoft.AspNetCore.Server.Kestrel.Core.Internal.Http.HttpProtocol.ProcessRequests[TContext](IHttpApplication`1 application)
2025-11-03 19:26:40.723 -06:00 [ERR] An unhandled exception has occurred while executing the request.
System.InvalidOperationException: StatusCode cannot be set because the response has already started.
   at Microsoft.AspNetCore.Server.Kestrel.Core.Internal.Http.HttpProtocol.ThrowResponseAlreadyStartedException(String value)
   at Microsoft.AspNetCore.Server.Kestrel.Core.Internal.Http.HttpProtocol.set_StatusCode(Int32 value)
   at Microsoft.AspNetCore.Http.DefaultHttpResponse.Redirect(String location, Boolean permanent)
   at MovieShopMVC.Middlewares.MovieShopExceptionMiddleware.Invoke(HttpContext httpContext) in C:\Users\YJ\Desktop\MovieShop\MovieShopMVC\Middlewares\MovieShopExceptionMiddleware.cs:line 42
   at Microsoft.AspNetCore.Diagnostics.DeveloperExceptionPageMiddlewareImpl.Invoke(HttpContext context)
2025-11-03 19:26:40.727 -06:00 [ERR] Connection id "0HNGR84PGQQ8C", Request id "0HNGR84PGQQ8C:00000007": An unhandled exception was thrown by the application.
System.InvalidOperationException: StatusCode cannot be set because the response has already started.
   at Microsoft.AspNetCore.Server.Kestrel.Core.Internal.Http.HttpProtocol.ThrowResponseAlreadyStartedException(String value)
   at Microsoft.AspNetCore.Server.Kestrel.Core.Internal.Http.HttpProtocol.set_StatusCode(Int32 value)
   at Microsoft.AspNetCore.Http.DefaultHttpResponse.Redirect(String location, Boolean permanent)
   at MovieShopMVC.Middlewares.MovieShopExceptionMiddleware.Invoke(HttpContext httpContext) in C:\Users\YJ\Desktop\MovieShop\MovieShopMVC\Middlewares\MovieShopExceptionMiddleware.cs:line 42
   at Microsoft.AspNetCore.Diagnostics.DeveloperExceptionPageMiddlewareImpl.Invoke(HttpContext context)
   at Microsoft.AspNetCore.Diagnostics.DeveloperExceptionPageMiddlewareImpl.Invoke(HttpContext context)
   at Microsoft.WebTools.BrowserLink.Net.BrowserLinkMiddleware.InvokeAsync(HttpContext context)
   at Microsoft.AspNetCore.Watch.BrowserRefresh.BrowserRefreshMiddleware.InvokeAsync(HttpContext context)
   at Microsoft.AspNetCore.Server.Kestrel.Core.Internal.Http.HttpProtocol.ProcessRequests[TContext](IHttpApplication`1 application)
2025-11-03 19:26:42.009 -06:00 [ERR] An unhandled exception has occurred while executing the request.
System.InvalidOperationException: StatusCode cannot be set because the response has already started.
   at Microsoft.AspNetCore.Server.Kestrel.Core.Internal.Http.HttpProtocol.ThrowResponseAlreadyStartedException(String value)
   at Microsoft.AspNetCore.Server.Kestrel.Core.Internal.Http.HttpProtocol.set_StatusCode(Int32 value)
   at Microsoft.AspNetCore.Http.DefaultHttpResponse.Redirect(String location, Boolean permanent)
   at MovieShopMVC.Middlewares.MovieShopExceptionMiddleware.Invoke(HttpContext httpContext) in C:\Users\YJ\Desktop\MovieShop\MovieShopMVC\Middlewares\MovieShopExceptionMiddleware.cs:line 42
   at Microsoft.AspNetCore.Diagnostics.DeveloperExceptionPageMiddlewareImpl.Invoke(HttpContext context)
2025-11-03 19:26:42.019 -06:00 [ERR] Connection id "0HNGR84PGQQ8C", Request id "0HNGR84PGQQ8C:0000000D": An unhandled exception was thrown by the application.
System.InvalidOperationException: StatusCode cannot be set because the response has already started.
   at Microsoft.AspNetCore.Server.Kestrel.Core.Internal.Http.HttpProtocol.ThrowResponseAlreadyStartedException(String value)
   at Microsoft.AspNetCore.Server.Kestrel.Core.Internal.Http.HttpProtocol.set_StatusCode(Int32 value)
   at Microsoft.AspNetCore.Http.DefaultHttpResponse.Redirect(String location, Boolean permanent)
   at MovieShopMVC.Middlewares.MovieShopExceptionMiddleware.Invoke(HttpContext httpContext) in C:\Users\YJ\Desktop\MovieShop\MovieShopMVC\Middlewares\MovieShopExceptionMiddleware.cs:line 42
   at Microsoft.AspNetCore.Diagnostics.DeveloperExceptionPageMiddlewareImpl.Invoke(HttpContext context)
   at Microsoft.AspNetCore.Diagnostics.DeveloperExceptionPageMiddlewareImpl.Invoke(HttpContext context)
   at Microsoft.WebTools.BrowserLink.Net.BrowserLinkMiddleware.InvokeAsync(HttpContext context)
   at Microsoft.AspNetCore.Watch.BrowserRefresh.BrowserRefreshMiddleware.InvokeAsync(HttpContext context)
   at Microsoft.AspNetCore.Server.Kestrel.Core.Internal.Http.HttpProtocol.ProcessRequests[TContext](IHttpApplication`1 application)
2025-11-03 19:26:46.417 -06:00 [ERR] An unhandled exception has occurred while executing the request.
System.InvalidOperationException: StatusCode cannot be set because the response has already started.
   at Microsoft.AspNetCore.Server.Kestrel.Core.Internal.Http.HttpProtocol.ThrowResponseAlreadyStartedException(String value)
   at Microsoft.AspNetCore.Server.Kestrel.Core.Internal.Http.HttpProtocol.set_StatusCode(Int32 value)
   at Microsoft.AspNetCore.Http.DefaultHttpResponse.Redirect(String location, Boolean permanent)
   at MovieShopMVC.Middlewares.MovieShopExceptionMiddleware.Invoke(HttpContext httpContext) in C:\Users\YJ\Desktop\MovieShop\MovieShopMVC\Middlewares\MovieShopExceptionMiddleware.cs:line 42
   at Microsoft.AspNetCore.Diagnostics.DeveloperExceptionPageMiddlewareImpl.Invoke(HttpContext context)
2025-11-03 19:26:46.424 -06:00 [ERR] Connection id "0HNGR84PGQQ8C", Request id "0HNGR84PGQQ8C:00000015": An unhandled exception was thrown by the application.
System.InvalidOperationException: StatusCode cannot be set because the response has already started.
   at Microsoft.AspNetCore.Server.Kestrel.Core.Internal.Http.HttpProtocol.ThrowResponseAlreadyStartedException(String value)
   at Microsoft.AspNetCore.Server.Kestrel.Core.Internal.Http.HttpProtocol.set_StatusCode(Int32 value)
   at Microsoft.AspNetCore.Http.DefaultHttpResponse.Redirect(String location, Boolean permanent)
   at MovieShopMVC.Middlewares.MovieShopExceptionMiddleware.Invoke(HttpContext httpContext) in C:\Users\YJ\Desktop\MovieShop\MovieShopMVC\Middlewares\MovieShopExceptionMiddleware.cs:line 42
   at Microsoft.AspNetCore.Diagnostics.DeveloperExceptionPageMiddlewareImpl.Invoke(HttpContext context)
   at Microsoft.AspNetCore.Diagnostics.DeveloperExceptionPageMiddlewareImpl.Invoke(HttpContext context)
   at Microsoft.WebTools.BrowserLink.Net.BrowserLinkMiddleware.InvokeAsync(HttpContext context)
   at Microsoft.AspNetCore.Watch.BrowserRefresh.BrowserRefreshMiddleware.InvokeAsync(HttpContext context)
   at Microsoft.AspNetCore.Server.Kestrel.Core.Internal.Http.HttpProtocol.ProcessRequests[TContext](IHttpApplication`1 application)
2025-11-03 19:26:48.142 -06:00 [ERR] An unhandled exception has occurred while executing the request.
System.InvalidOperationException: StatusCode cannot be set because the response has already started.
   at Microsoft.AspNetCore.Server.Kestrel.Core.Internal.Http.HttpProtocol.ThrowResponseAlreadyStartedException(String value)
   at Microsoft.AspNetCore.Server.Kestrel.Core.Internal.Http.HttpProtocol.set_StatusCode(Int32 value)
   at Microsoft.AspNetCore.Http.DefaultHttpResponse.Redirect(String location, Boolean permanent)
   at MovieShopMVC.Middlewares.MovieShopExceptionMiddleware.Invoke(HttpContext httpContext) in C:\Users\YJ\Desktop\MovieShop\MovieShopMVC\Middlewares\MovieShopExceptionMiddleware.cs:line 42
   at Microsoft.AspNetCore.Diagnostics.DeveloperExceptionPageMiddlewareImpl.Invoke(HttpContext context)
2025-11-03 19:26:48.147 -06:00 [ERR] Connection id "0HNGR84PGQQ8C", Request id "0HNGR84PGQQ8C:0000001B": An unhandled exception was thrown by the application.
System.InvalidOperationException: StatusCode cannot be set because the response has already started.
   at Microsoft.AspNetCore.Server.Kestrel.Core.Internal.Http.HttpProtocol.ThrowResponseAlreadyStartedException(String value)
   at Microsoft.AspNetCore.Server.Kestrel.Core.Internal.Http.HttpProtocol.set_StatusCode(Int32 value)
   at Microsoft.AspNetCore.Http.DefaultHttpResponse.Redirect(String location, Boolean permanent)
   at MovieShopMVC.Middlewares.MovieShopExceptionMiddleware.Invoke(HttpContext httpContext) in C:\Users\YJ\Desktop\MovieShop\MovieShopMVC\Middlewares\MovieShopExceptionMiddleware.cs:line 42
   at Microsoft.AspNetCore.Diagnostics.DeveloperExceptionPageMiddlewareImpl.Invoke(HttpContext context)
   at Microsoft.AspNetCore.Diagnostics.DeveloperExceptionPageMiddlewareImpl.Invoke(HttpContext context)
   at Microsoft.WebTools.BrowserLink.Net.BrowserLinkMiddleware.InvokeAsync(HttpContext context)
   at Microsoft.AspNetCore.Watch.BrowserRefresh.BrowserRefreshMiddleware.InvokeAsync(HttpContext context)
   at Microsoft.AspNetCore.Server.Kestrel.Core.Internal.Http.HttpProtocol.ProcessRequests[TContext](IHttpApplication`1 application)
2025-11-03 19:26:52.196 -06:00 [ERR] An unhandled exception has occurred while executing the request.
System.InvalidOperationException: StatusCode cannot be set because the response has already started.
   at Microsoft.AspNetCore.Server.Kestrel.Core.Internal.Http.HttpProtocol.ThrowResponseAlreadyStartedException(String value)
   at Microsoft.AspNetCore.Server.Kestrel.Core.Internal.Http.HttpProtocol.set_StatusCode(Int32 value)
   at Microsoft.AspNetCore.Http.DefaultHttpResponse.Redirect(String location, Boolean permanent)
   at MovieShopMVC.Middlewares.MovieShopExceptionMiddleware.Invoke(HttpContext httpContext) in C:\Users\YJ\Desktop\MovieShop\MovieShopMVC\Middlewares\MovieShopExceptionMiddleware.cs:line 42
   at Microsoft.AspNetCore.Diagnostics.DeveloperExceptionPageMiddlewareImpl.Invoke(HttpContext context)
2025-11-03 19:26:52.207 -06:00 [ERR] Connection id "0HNGR84PGQQ8C", Request id "0HNGR84PGQQ8C:00000021": An unhandled exception was thrown by the application.
System.InvalidOperationException: StatusCode cannot be set because the response has already started.
   at Microsoft.AspNetCore.Server.Kestrel.Core.Internal.Http.HttpProtocol.ThrowResponseAlreadyStartedException(String value)
   at Microsoft.AspNetCore.Server.Kestrel.Core.Internal.Http.HttpProtocol.set_StatusCode(Int32 value)
   at Microsoft.AspNetCore.Http.DefaultHttpResponse.Redirect(String location, Boolean permanent)
   at MovieShopMVC.Middlewares.MovieShopExceptionMiddleware.Invoke(HttpContext httpContext) in C:\Users\YJ\Desktop\MovieShop\MovieShopMVC\Middlewares\MovieShopExceptionMiddleware.cs:line 42
   at Microsoft.AspNetCore.Diagnostics.DeveloperExceptionPageMiddlewareImpl.Invoke(HttpContext context)
   at Microsoft.AspNetCore.Diagnostics.DeveloperExceptionPageMiddlewareImpl.Invoke(HttpContext context)
   at Microsoft.WebTools.BrowserLink.Net.BrowserLinkMiddleware.InvokeAsync(HttpContext context)
   at Microsoft.AspNetCore.Watch.BrowserRefresh.BrowserRefreshMiddleware.InvokeAsync(HttpContext context)
   at Microsoft.AspNetCore.Server.Kestrel.Core.Internal.Http.HttpProtocol.ProcessRequests[TContext](IHttpApplication`1 application)
2025-11-03 19:26:55.177 -06:00 [ERR] An unhandled exception has occurred while executing the request.
System.InvalidOperationException: StatusCode cannot be set because the response has already started.
   at Microsoft.AspNetCore.Server.Kestrel.Core.Internal.Http.HttpProtocol.ThrowResponseAlreadyStartedException(String value)
   at Microsoft.AspNetCore.Server.Kestrel.Core.Internal.Http.HttpProtocol.set_StatusCode(Int32 value)
   at Microsoft.AspNetCore.Http.DefaultHttpResponse.Redirect(String location, Boolean permanent)
   at MovieShopMVC.Middlewares.MovieShopExceptionMiddleware.Invoke(HttpContext httpContext) in C:\Users\YJ\Desktop\MovieShop\MovieShopMVC\Middlewares\MovieShopExceptionMiddleware.cs:line 42
   at Microsoft.AspNetCore.Diagnostics.DeveloperExceptionPageMiddlewareImpl.Invoke(HttpContext context)
2025-11-03 19:26:55.182 -06:00 [ERR] Connection id "0HNGR84PGQQ8C", Request id "0HNGR84PGQQ8C:00000027": An unhandled exception was thrown by the application.
System.InvalidOperationException: StatusCode cannot be set because the response has already started.
   at Microsoft.AspNetCore.Server.Kestrel.Core.Internal.Http.HttpProtocol.ThrowResponseAlreadyStartedException(String value)
   at Microsoft.AspNetCore.Server.Kestrel.Core.Internal.Http.HttpProtocol.set_StatusCode(Int32 value)
   at Microsoft.AspNetCore.Http.DefaultHttpResponse.Redirect(String location, Boolean permanent)
   at MovieShopMVC.Middlewares.MovieShopExceptionMiddleware.Invoke(HttpContext httpContext) in C:\Users\YJ\Desktop\MovieShop\MovieShopMVC\Middlewares\MovieShopExceptionMiddleware.cs:line 42
   at Microsoft.AspNetCore.Diagnostics.DeveloperExceptionPageMiddlewareImpl.Invoke(HttpContext context)
   at Microsoft.AspNetCore.Diagnostics.DeveloperExceptionPageMiddlewareImpl.Invoke(HttpContext context)
   at Microsoft.WebTools.BrowserLink.Net.BrowserLinkMiddleware.InvokeAsync(HttpContext context)
   at Microsoft.AspNetCore.Watch.BrowserRefresh.BrowserRefreshMiddleware.InvokeAsync(HttpContext context)
   at Microsoft.AspNetCore.Server.Kestrel.Core.Internal.Http.HttpProtocol.ProcessRequests[TContext](IHttpApplication`1 application)
2025-11-03 19:26:56.232 -06:00 [ERR] An unhandled exception has occurred while executing the request.
System.InvalidOperationException: StatusCode cannot be set because the response has already started.
   at Microsoft.AspNetCore.Server.Kestrel.Core.Internal.Http.HttpProtocol.ThrowResponseAlreadyStartedException(String value)
   at Microsoft.AspNetCore.Server.Kestrel.Core.Internal.Http.HttpProtocol.set_StatusCode(Int32 value)
   at Microsoft.AspNetCore.Http.DefaultHttpResponse.Redirect(String location, Boolean permanent)
   at MovieShopMVC.Middlewares.MovieShopExceptionMiddleware.Invoke(HttpContext httpContext) in C:\Users\YJ\Desktop\MovieShop\MovieShopMVC\Middlewares\MovieShopExceptionMiddleware.cs:line 42
   at Microsoft.AspNetCore.Diagnostics.DeveloperExceptionPageMiddlewareImpl.Invoke(HttpContext context)
2025-11-03 19:26:56.237 -06:00 [ERR] Connection id "0HNGR84PGQQ8C", Request id "0HNGR84PGQQ8C:0000002B": An unhandled exception was thrown by the application.
System.InvalidOperationException: StatusCode cannot be set because the response has already started.
   at Microsoft.AspNetCore.Server.Kestrel.Core.Internal.Http.HttpProtocol.ThrowResponseAlreadyStartedException(String value)
   at Microsoft.AspNetCore.Server.Kestrel.Core.Internal.Http.HttpProtocol.set_StatusCode(Int32 value)
   at Microsoft.AspNetCore.Http.DefaultHttpResponse.Redirect(String location, Boolean permanent)
   at MovieShopMVC.Middlewares.MovieShopExceptionMiddleware.Invoke(HttpContext httpContext) in C:\Users\YJ\Desktop\MovieShop\MovieShopMVC\Middlewares\MovieShopExceptionMiddleware.cs:line 42
   at Microsoft.AspNetCore.Diagnostics.DeveloperExceptionPageMiddlewareImpl.Invoke(HttpContext context)
   at Microsoft.AspNetCore.Diagnostics.DeveloperExceptionPageMiddlewareImpl.Invoke(HttpContext context)
   at Microsoft.WebTools.BrowserLink.Net.BrowserLinkMiddleware.InvokeAsync(HttpContext context)
   at Microsoft.AspNetCore.Watch.BrowserRefresh.BrowserRefreshMiddleware.InvokeAsync(HttpContext context)
   at Microsoft.AspNetCore.Server.Kestrel.Core.Internal.Http.HttpProtocol.ProcessRequests[TContext](IHttpApplication`1 application)
2025-11-03 19:27:02.700 -06:00 [ERR] An unhandled exception has occurred while executing the request.
System.InvalidOperationException: StatusCode cannot be set because the response has already started.
   at Microsoft.AspNetCore.Server.Kestrel.Core.Internal.Http.HttpProtocol.ThrowResponseAlreadyStartedException(String value)
   at Microsoft.AspNetCore.Server.Kestrel.Core.Internal.Http.HttpProtocol.set_StatusCode(Int32 value)
   at Microsoft.AspNetCore.Http.DefaultHttpResponse.Redirect(String location, Boolean permanent)
   at MovieShopMVC.Middlewares.MovieShopExceptionMiddleware.Invoke(HttpContext httpContext) in C:\Users\YJ\Desktop\MovieShop\MovieShopMVC\Middlewares\MovieShopExceptionMiddleware.cs:line 42
   at Microsoft.AspNetCore.Diagnostics.DeveloperExceptionPageMiddlewareImpl.Invoke(HttpContext context)
2025-11-03 19:27:02.704 -06:00 [ERR] Connection id "0HNGR84PGQQ8C", Request id "0HNGR84PGQQ8C:00000031": An unhandled exception was thrown by the application.
System.InvalidOperationException: StatusCode cannot be set because the response has already started.
   at Microsoft.AspNetCore.Server.Kestrel.Core.Internal.Http.HttpProtocol.ThrowResponseAlreadyStartedException(String value)
   at Microsoft.AspNetCore.Server.Kestrel.Core.Internal.Http.HttpProtocol.set_StatusCode(Int32 value)
   at Microsoft.AspNetCore.Http.DefaultHttpResponse.Redirect(String location, Boolean permanent)
   at MovieShopMVC.Middlewares.MovieShopExceptionMiddleware.Invoke(HttpContext httpContext) in C:\Users\YJ\Desktop\MovieShop\MovieShopMVC\Middlewares\MovieShopExceptionMiddleware.cs:line 42
   at Microsoft.AspNetCore.Diagnostics.DeveloperExceptionPageMiddlewareImpl.Invoke(HttpContext context)
   at Microsoft.AspNetCore.Diagnostics.DeveloperExceptionPageMiddlewareImpl.Invoke(HttpContext context)
   at Microsoft.WebTools.BrowserLink.Net.BrowserLinkMiddleware.InvokeAsync(HttpContext context)
   at Microsoft.AspNetCore.Watch.BrowserRefresh.BrowserRefreshMiddleware.InvokeAsync(HttpContext context)
   at Microsoft.AspNetCore.Server.Kestrel.Core.Internal.Http.HttpProtocol.ProcessRequests[TContext](IHttpApplication`1 application)
2025-11-03 19:27:45.815 -06:00 [ERR] An unhandled exception has occurred while executing the request.
System.InvalidOperationException: StatusCode cannot be set because the response has already started.
   at Microsoft.AspNetCore.Server.Kestrel.Core.Internal.Http.HttpProtocol.ThrowResponseAlreadyStartedException(String value)
   at Microsoft.AspNetCore.Server.Kestrel.Core.Internal.Http.HttpProtocol.set_StatusCode(Int32 value)
   at Microsoft.AspNetCore.Http.DefaultHttpResponse.Redirect(String location, Boolean permanent)
   at MovieShopMVC.Middlewares.MovieShopExceptionMiddleware.Invoke(HttpContext httpContext) in C:\Users\YJ\Desktop\MovieShop\MovieShopMVC\Middlewares\MovieShopExceptionMiddleware.cs:line 42
   at Microsoft.AspNetCore.Diagnostics.DeveloperExceptionPageMiddlewareImpl.Invoke(HttpContext context)
2025-11-03 19:27:45.856 -06:00 [ERR] Connection id "0HNGR85DDEHU6", Request id "0HNGR85DDEHU6:00000001": An unhandled exception was thrown by the application.
System.InvalidOperationException: StatusCode cannot be set because the response has already started.
   at Microsoft.AspNetCore.Server.Kestrel.Core.Internal.Http.HttpProtocol.ThrowResponseAlreadyStartedException(String value)
   at Microsoft.AspNetCore.Server.Kestrel.Core.Internal.Http.HttpProtocol.set_StatusCode(Int32 value)
   at Microsoft.AspNetCore.Http.DefaultHttpResponse.Redirect(String location, Boolean permanent)
   at MovieShopMVC.Middlewares.MovieShopExceptionMiddleware.Invoke(HttpContext httpContext) in C:\Users\YJ\Desktop\MovieShop\MovieShopMVC\Middlewares\MovieShopExceptionMiddleware.cs:line 42
   at Microsoft.AspNetCore.Diagnostics.DeveloperExceptionPageMiddlewareImpl.Invoke(HttpContext context)
   at Microsoft.AspNetCore.Diagnostics.DeveloperExceptionPageMiddlewareImpl.Invoke(HttpContext context)
   at Microsoft.WebTools.BrowserLink.Net.BrowserLinkMiddleware.InvokeAsync(HttpContext context)
   at Microsoft.AspNetCore.Watch.BrowserRefresh.BrowserRefreshMiddleware.InvokeAsync(HttpContext context)
   at Microsoft.AspNetCore.Server.Kestrel.Core.Internal.Http.HttpProtocol.ProcessRequests[TContext](IHttpApplication`1 application)
2025-11-03 19:27:48.720 -06:00 [ERR] An unhandled exception has occurred while executing the request.
System.InvalidOperationException: StatusCode cannot be set because the response has already started.
   at Microsoft.AspNetCore.Server.Kestrel.Core.Internal.Http.HttpProtocol.ThrowResponseAlreadyStartedException(String value)
   at Microsoft.AspNetCore.Server.Kestrel.Core.Internal.Http.HttpProtocol.set_StatusCode(Int32 value)
   at Microsoft.AspNetCore.Http.DefaultHttpResponse.Redirect(String location, Boolean permanent)
   at MovieShopMVC.Middlewares.MovieShopExceptionMiddleware.Invoke(HttpContext httpContext) in C:\Users\YJ\Desktop\MovieShop\MovieShopMVC\Middlewares\MovieShopExceptionMiddleware.cs:line 42
   at Microsoft.AspNetCore.Diagnostics.DeveloperExceptionPageMiddlewareImpl.Invoke(HttpContext context)
2025-11-03 19:27:48.727 -06:00 [ERR] Connection id "0HNGR85DDEHU6", Request id "0HNGR85DDEHU6:00000009": An unhandled exception was thrown by the application.
System.InvalidOperationException: StatusCode cannot be set because the response has already started.
   at Microsoft.AspNetCore.Server.Kestrel.Core.Internal.Http.HttpProtocol.ThrowResponseAlreadyStartedException(String value)
   at Microsoft.AspNetCore.Server.Kestrel.Core.Internal.Http.HttpProtocol.set_StatusCode(Int32 value)
   at Microsoft.AspNetCore.Http.DefaultHttpResponse.Redirect(String location, Boolean permanent)
   at MovieShopMVC.Middlewares.MovieShopExceptionMiddleware.Invoke(HttpContext httpContext) in C:\Users\YJ\Desktop\MovieShop\MovieShopMVC\Middlewares\MovieShopExceptionMiddleware.cs:line 42
   at Microsoft.AspNetCore.Diagnostics.DeveloperExceptionPageMiddlewareImpl.Invoke(HttpContext context)
   at Microsoft.AspNetCore.Diagnostics.DeveloperExceptionPageMiddlewareImpl.Invoke(HttpContext context)
   at Microsoft.WebTools.BrowserLink.Net.BrowserLinkMiddleware.InvokeAsync(HttpContext context)
   at Microsoft.AspNetCore.Watch.BrowserRefresh.BrowserRefreshMiddleware.InvokeAsync(HttpContext context)
   at Microsoft.AspNetCore.Server.Kestrel.Core.Internal.Http.HttpProtocol.ProcessRequests[TContext](IHttpApplication`1 application)
2025-11-03 19:27:49.644 -06:00 [ERR] An unhandled exception has occurred while executing the request.
System.InvalidOperationException: StatusCode cannot be set because the response has already started.
   at Microsoft.AspNetCore.Server.Kestrel.Core.Internal.Http.HttpProtocol.ThrowResponseAlreadyStartedException(String value)
   at Microsoft.AspNetCore.Server.Kestrel.Core.Internal.Http.HttpProtocol.set_StatusCode(Int32 value)
   at Microsoft.AspNetCore.Http.DefaultHttpResponse.Redirect(String location, Boolean permanent)
   at MovieShopMVC.Middlewares.MovieShopExceptionMiddleware.Invoke(HttpContext httpContext) in C:\Users\YJ\Desktop\MovieShop\MovieShopMVC\Middlewares\MovieShopExceptionMiddleware.cs:line 42
   at Microsoft.AspNetCore.Diagnostics.DeveloperExceptionPageMiddlewareImpl.Invoke(HttpContext context)
2025-11-03 19:27:49.653 -06:00 [ERR] Connection id "0HNGR85DDEHU6", Request id "0HNGR85DDEHU6:0000000F": An unhandled exception was thrown by the application.
System.InvalidOperationException: StatusCode cannot be set because the response has already started.
   at Microsoft.AspNetCore.Server.Kestrel.Core.Internal.Http.HttpProtocol.ThrowResponseAlreadyStartedException(String value)
   at Microsoft.AspNetCore.Server.Kestrel.Core.Internal.Http.HttpProtocol.set_StatusCode(Int32 value)
   at Microsoft.AspNetCore.Http.DefaultHttpResponse.Redirect(String location, Boolean permanent)
   at MovieShopMVC.Middlewares.MovieShopExceptionMiddleware.Invoke(HttpContext httpContext) in C:\Users\YJ\Desktop\MovieShop\MovieShopMVC\Middlewares\MovieShopExceptionMiddleware.cs:line 42
   at Microsoft.AspNetCore.Diagnostics.DeveloperExceptionPageMiddlewareImpl.Invoke(HttpContext context)
   at Microsoft.AspNetCore.Diagnostics.DeveloperExceptionPageMiddlewareImpl.Invoke(HttpContext context)
   at Microsoft.WebTools.BrowserLink.Net.BrowserLinkMiddleware.InvokeAsync(HttpContext context)
   at Microsoft.AspNetCore.Watch.BrowserRefresh.BrowserRefreshMiddleware.InvokeAsync(HttpContext context)
   at Microsoft.AspNetCore.Server.Kestrel.Core.Internal.Http.HttpProtocol.ProcessRequests[TContext](IHttpApplication`1 application)
2025-11-03 19:27:50.912 -06:00 [ERR] An unhandled exception has occurred while executing the request.
System.InvalidOperationException: StatusCode cannot be set because the response has already started.
   at Microsoft.AspNetCore.Server.Kestrel.Core.Internal.Http.HttpProtocol.ThrowResponseAlreadyStartedException(String value)
   at Microsoft.AspNetCore.Server.Kestrel.Core.Internal.Http.HttpProtocol.set_StatusCode(Int32 value)
   at Microsoft.AspNetCore.Http.DefaultHttpResponse.Redirect(String location, Boolean permanent)
   at MovieShopMVC.Middlewares.MovieShopExceptionMiddleware.Invoke(HttpContext httpContext) in C:\Users\YJ\Desktop\MovieShop\MovieShopMVC\Middlewares\MovieShopExceptionMiddleware.cs:line 42
   at Microsoft.AspNetCore.Diagnostics.DeveloperExceptionPageMiddlewareImpl.Invoke(HttpContext context)
2025-11-03 19:27:50.916 -06:00 [ERR] Connection id "0HNGR85DDEHU6", Request id "0HNGR85DDEHU6:00000015": An unhandled exception was thrown by the application.
System.InvalidOperationException: StatusCode cannot be set because the response has already started.
   at Microsoft.AspNetCore.Server.Kestrel.Core.Internal.Http.HttpProtocol.ThrowResponseAlreadyStartedException(String value)
   at Microsoft.AspNetCore.Server.Kestrel.Core.Internal.Http.HttpProtocol.set_StatusCode(Int32 value)
   at Microsoft.AspNetCore.Http.DefaultHttpResponse.Redirect(String location, Boolean permanent)
   at MovieShopMVC.Middlewares.MovieShopExceptionMiddleware.Invoke(HttpContext httpContext) in C:\Users\YJ\Desktop\MovieShop\MovieShopMVC\Middlewares\MovieShopExceptionMiddleware.cs:line 42
   at Microsoft.AspNetCore.Diagnostics.DeveloperExceptionPageMiddlewareImpl.Invoke(HttpContext context)
   at Microsoft.AspNetCore.Diagnostics.DeveloperExceptionPageMiddlewareImpl.Invoke(HttpContext context)
   at Microsoft.WebTools.BrowserLink.Net.BrowserLinkMiddleware.InvokeAsync(HttpContext context)
   at Microsoft.AspNetCore.Watch.BrowserRefresh.BrowserRefreshMiddleware.InvokeAsync(HttpContext context)
   at Microsoft.AspNetCore.Server.Kestrel.Core.Internal.Http.HttpProtocol.ProcessRequests[TContext](IHttpApplication`1 application)
2025-11-03 19:27:53.112 -06:00 [ERR] An unhandled exception has occurred while executing the request.
System.InvalidOperationException: StatusCode cannot be set because the response has already started.
   at Microsoft.AspNetCore.Server.Kestrel.Core.Internal.Http.HttpProtocol.ThrowResponseAlreadyStartedException(String value)
   at Microsoft.AspNetCore.Server.Kestrel.Core.Internal.Http.HttpProtocol.set_StatusCode(Int32 value)
   at Microsoft.AspNetCore.Http.DefaultHttpResponse.Redirect(String location, Boolean permanent)
   at MovieShopMVC.Middlewares.MovieShopExceptionMiddleware.Invoke(HttpContext httpContext) in C:\Users\YJ\Desktop\MovieShop\MovieShopMVC\Middlewares\MovieShopExceptionMiddleware.cs:line 42
   at Microsoft.AspNetCore.Diagnostics.DeveloperExceptionPageMiddlewareImpl.Invoke(HttpContext context)
2025-11-03 19:27:53.115 -06:00 [ERR] Connection id "0HNGR85DDEHU6", Request id "0HNGR85DDEHU6:0000001B": An unhandled exception was thrown by the application.
System.InvalidOperationException: StatusCode cannot be set because the response has already started.
   at Microsoft.AspNetCore.Server.Kestrel.Core.Internal.Http.HttpProtocol.ThrowResponseAlreadyStartedException(String value)
   at Microsoft.AspNetCore.Server.Kestrel.Core.Internal.Http.HttpProtocol.set_StatusCode(Int32 value)
   at Microsoft.AspNetCore.Http.DefaultHttpResponse.Redirect(String location, Boolean permanent)
   at MovieShopMVC.Middlewares.MovieShopExceptionMiddleware.Invoke(HttpContext httpContext) in C:\Users\YJ\Desktop\MovieShop\MovieShopMVC\Middlewares\MovieShopExceptionMiddleware.cs:line 42
   at Microsoft.AspNetCore.Diagnostics.DeveloperExceptionPageMiddlewareImpl.Invoke(HttpContext context)
   at Microsoft.AspNetCore.Diagnostics.DeveloperExceptionPageMiddlewareImpl.Invoke(HttpContext context)
   at Microsoft.WebTools.BrowserLink.Net.BrowserLinkMiddleware.InvokeAsync(HttpContext context)
   at Microsoft.AspNetCore.Watch.BrowserRefresh.BrowserRefreshMiddleware.InvokeAsync(HttpContext context)
   at Microsoft.AspNetCore.Server.Kestrel.Core.Internal.Http.HttpProtocol.ProcessRequests[TContext](IHttpApplication`1 application)
2025-11-03 19:28:37.159 -06:00 [ERR] An unhandled exception has occurred while executing the request.
System.InvalidOperationException: StatusCode cannot be set because the response has already started.
   at Microsoft.AspNetCore.Server.Kestrel.Core.Internal.Http.HttpProtocol.ThrowResponseAlreadyStartedException(String value)
   at Microsoft.AspNetCore.Server.Kestrel.Core.Internal.Http.HttpProtocol.set_StatusCode(Int32 value)
   at Microsoft.AspNetCore.Http.DefaultHttpResponse.Redirect(String location, Boolean permanent)
   at MovieShopMVC.Middlewares.MovieShopExceptionMiddleware.Invoke(HttpContext httpContext) in C:\Users\YJ\Desktop\MovieShop\MovieShopMVC\Middlewares\MovieShopExceptionMiddleware.cs:line 42
   at Microsoft.AspNetCore.Diagnostics.DeveloperExceptionPageMiddlewareImpl.Invoke(HttpContext context)
2025-11-03 19:28:37.186 -06:00 [ERR] An unhandled exception has occurred while executing the request.
System.InvalidOperationException: StatusCode cannot be set because the response has already started.
   at Microsoft.AspNetCore.Server.Kestrel.Core.Internal.Http.HttpProtocol.ThrowResponseAlreadyStartedException(String value)
   at Microsoft.AspNetCore.Server.Kestrel.Core.Internal.Http.HttpProtocol.set_StatusCode(Int32 value)
   at Microsoft.AspNetCore.Http.DefaultHttpResponse.Redirect(String location, Boolean permanent)
   at MovieShopMVC.Middlewares.MovieShopExceptionMiddleware.Invoke(HttpContext httpContext) in C:\Users\YJ\Desktop\MovieShop\MovieShopMVC\Middlewares\MovieShopExceptionMiddleware.cs:line 42
   at Microsoft.AspNetCore.Diagnostics.DeveloperExceptionPageMiddlewareImpl.Invoke(HttpContext context)
   at Microsoft.AspNetCore.Diagnostics.DeveloperExceptionPageMiddlewareImpl.Invoke(HttpContext context)
   at Microsoft.AspNetCore.Diagnostics.DeveloperExceptionPageMiddlewareImpl.Invoke(HttpContext context)
2025-11-03 19:28:37.201 -06:00 [ERR] Connection id "0HNGR85SN4468", Request id "0HNGR85SN4468:00000001": An unhandled exception was thrown by the application.
System.InvalidOperationException: StatusCode cannot be set because the response has already started.
   at Microsoft.AspNetCore.Server.Kestrel.Core.Internal.Http.HttpProtocol.ThrowResponseAlreadyStartedException(String value)
   at Microsoft.AspNetCore.Server.Kestrel.Core.Internal.Http.HttpProtocol.set_StatusCode(Int32 value)
   at Microsoft.AspNetCore.Http.DefaultHttpResponse.Redirect(String location, Boolean permanent)
   at MovieShopMVC.Middlewares.MovieShopExceptionMiddleware.Invoke(HttpContext httpContext) in C:\Users\YJ\Desktop\MovieShop\MovieShopMVC\Middlewares\MovieShopExceptionMiddleware.cs:line 42
   at Microsoft.AspNetCore.Diagnostics.DeveloperExceptionPageMiddlewareImpl.Invoke(HttpContext context)
   at Microsoft.AspNetCore.Diagnostics.DeveloperExceptionPageMiddlewareImpl.Invoke(HttpContext context)
   at Microsoft.AspNetCore.Diagnostics.DeveloperExceptionPageMiddlewareImpl.Invoke(HttpContext context)
   at Microsoft.AspNetCore.Diagnostics.DeveloperExceptionPageMiddlewareImpl.Invoke(HttpContext context)
   at Microsoft.WebTools.BrowserLink.Net.BrowserLinkMiddleware.InvokeAsync(HttpContext context)
   at Microsoft.AspNetCore.Watch.BrowserRefresh.BrowserRefreshMiddleware.InvokeAsync(HttpContext context)
   at Microsoft.AspNetCore.Server.Kestrel.Core.Internal.Http.HttpProtocol.ProcessRequests[TContext](IHttpApplication`1 application)
2025-11-03 19:28:38.909 -06:00 [ERR] An unhandled exception has occurred while executing the request.
System.InvalidOperationException: StatusCode cannot be set because the response has already started.
   at Microsoft.AspNetCore.Server.Kestrel.Core.Internal.Http.HttpProtocol.ThrowResponseAlreadyStartedException(String value)
   at Microsoft.AspNetCore.Server.Kestrel.Core.Internal.Http.HttpProtocol.set_StatusCode(Int32 value)
   at Microsoft.AspNetCore.Http.DefaultHttpResponse.Redirect(String location, Boolean permanent)
   at MovieShopMVC.Middlewares.MovieShopExceptionMiddleware.Invoke(HttpContext httpContext) in C:\Users\YJ\Desktop\MovieShop\MovieShopMVC\Middlewares\MovieShopExceptionMiddleware.cs:line 42
   at Microsoft.AspNetCore.Diagnostics.DeveloperExceptionPageMiddlewareImpl.Invoke(HttpContext context)
2025-11-03 19:28:38.919 -06:00 [ERR] An unhandled exception has occurred while executing the request.
System.InvalidOperationException: StatusCode cannot be set because the response has already started.
   at Microsoft.AspNetCore.Server.Kestrel.Core.Internal.Http.HttpProtocol.ThrowResponseAlreadyStartedException(String value)
   at Microsoft.AspNetCore.Server.Kestrel.Core.Internal.Http.HttpProtocol.set_StatusCode(Int32 value)
   at Microsoft.AspNetCore.Http.DefaultHttpResponse.Redirect(String location, Boolean permanent)
   at MovieShopMVC.Middlewares.MovieShopExceptionMiddleware.Invoke(HttpContext httpContext) in C:\Users\YJ\Desktop\MovieShop\MovieShopMVC\Middlewares\MovieShopExceptionMiddleware.cs:line 42
   at Microsoft.AspNetCore.Diagnostics.DeveloperExceptionPageMiddlewareImpl.Invoke(HttpContext context)
   at Microsoft.AspNetCore.Diagnostics.DeveloperExceptionPageMiddlewareImpl.Invoke(HttpContext context)
   at Microsoft.AspNetCore.Diagnostics.DeveloperExceptionPageMiddlewareImpl.Invoke(HttpContext context)
2025-11-03 19:28:38.927 -06:00 [ERR] Connection id "0HNGR85SN4468", Request id "0HNGR85SN4468:00000007": An unhandled exception was thrown by the application.
System.InvalidOperationException: StatusCode cannot be set because the response has already started.
   at Microsoft.AspNetCore.Server.Kestrel.Core.Internal.Http.HttpProtocol.ThrowResponseAlreadyStartedException(String value)
   at Microsoft.AspNetCore.Server.Kestrel.Core.Internal.Http.HttpProtocol.set_StatusCode(Int32 value)
   at Microsoft.AspNetCore.Http.DefaultHttpResponse.Redirect(String location, Boolean permanent)
   at MovieShopMVC.Middlewares.MovieShopExceptionMiddleware.Invoke(HttpContext httpContext) in C:\Users\YJ\Desktop\MovieShop\MovieShopMVC\Middlewares\MovieShopExceptionMiddleware.cs:line 42
   at Microsoft.AspNetCore.Diagnostics.DeveloperExceptionPageMiddlewareImpl.Invoke(HttpContext context)
   at Microsoft.AspNetCore.Diagnostics.DeveloperExceptionPageMiddlewareImpl.Invoke(HttpContext context)
   at Microsoft.AspNetCore.Diagnostics.DeveloperExceptionPageMiddlewareImpl.Invoke(HttpContext context)
   at Microsoft.AspNetCore.Diagnostics.DeveloperExceptionPageMiddlewareImpl.Invoke(HttpContext context)
   at Microsoft.WebTools.BrowserLink.Net.BrowserLinkMiddleware.InvokeAsync(HttpContext context)
   at Microsoft.AspNetCore.Watch.BrowserRefresh.BrowserRefreshMiddleware.InvokeAsync(HttpContext context)
   at Microsoft.AspNetCore.Server.Kestrel.Core.Internal.Http.HttpProtocol.ProcessRequests[TContext](IHttpApplication`1 application)
2025-11-03 19:28:43.702 -06:00 [ERR] An unhandled exception has occurred while executing the request.
System.InvalidOperationException: StatusCode cannot be set because the response has already started.
   at Microsoft.AspNetCore.Server.Kestrel.Core.Internal.Http.HttpProtocol.ThrowResponseAlreadyStartedException(String value)
   at Microsoft.AspNetCore.Server.Kestrel.Core.Internal.Http.HttpProtocol.set_StatusCode(Int32 value)
   at Microsoft.AspNetCore.Http.DefaultHttpResponse.Redirect(String location, Boolean permanent)
   at MovieShopMVC.Middlewares.MovieShopExceptionMiddleware.Invoke(HttpContext httpContext) in C:\Users\YJ\Desktop\MovieShop\MovieShopMVC\Middlewares\MovieShopExceptionMiddleware.cs:line 42
   at Microsoft.AspNetCore.Diagnostics.DeveloperExceptionPageMiddlewareImpl.Invoke(HttpContext context)
2025-11-03 19:28:43.709 -06:00 [ERR] An unhandled exception has occurred while executing the request.
System.InvalidOperationException: StatusCode cannot be set because the response has already started.
   at Microsoft.AspNetCore.Server.Kestrel.Core.Internal.Http.HttpProtocol.ThrowResponseAlreadyStartedException(String value)
   at Microsoft.AspNetCore.Server.Kestrel.Core.Internal.Http.HttpProtocol.set_StatusCode(Int32 value)
   at Microsoft.AspNetCore.Http.DefaultHttpResponse.Redirect(String location, Boolean permanent)
   at MovieShopMVC.Middlewares.MovieShopExceptionMiddleware.Invoke(HttpContext httpContext) in C:\Users\YJ\Desktop\MovieShop\MovieShopMVC\Middlewares\MovieShopExceptionMiddleware.cs:line 42
   at Microsoft.AspNetCore.Diagnostics.DeveloperExceptionPageMiddlewareImpl.Invoke(HttpContext context)
   at Microsoft.AspNetCore.Diagnostics.DeveloperExceptionPageMiddlewareImpl.Invoke(HttpContext context)
   at Microsoft.AspNetCore.Diagnostics.DeveloperExceptionPageMiddlewareImpl.Invoke(HttpContext context)
2025-11-03 19:28:43.719 -06:00 [ERR] Connection id "0HNGR85SN4468", Request id "0HNGR85SN4468:0000000F": An unhandled exception was thrown by the application.
System.InvalidOperationException: StatusCode cannot be set because the response has already started.
   at Microsoft.AspNetCore.Server.Kestrel.Core.Internal.Http.HttpProtocol.ThrowResponseAlreadyStartedException(String value)
   at Microsoft.AspNetCore.Server.Kestrel.Core.Internal.Http.HttpProtocol.set_StatusCode(Int32 value)
   at Microsoft.AspNetCore.Http.DefaultHttpResponse.Redirect(String location, Boolean permanent)
   at MovieShopMVC.Middlewares.MovieShopExceptionMiddleware.Invoke(HttpContext httpContext) in C:\Users\YJ\Desktop\MovieShop\MovieShopMVC\Middlewares\MovieShopExceptionMiddleware.cs:line 42
   at Microsoft.AspNetCore.Diagnostics.DeveloperExceptionPageMiddlewareImpl.Invoke(HttpContext context)
   at Microsoft.AspNetCore.Diagnostics.DeveloperExceptionPageMiddlewareImpl.Invoke(HttpContext context)
   at Microsoft.AspNetCore.Diagnostics.DeveloperExceptionPageMiddlewareImpl.Invoke(HttpContext context)
   at Microsoft.AspNetCore.Diagnostics.DeveloperExceptionPageMiddlewareImpl.Invoke(HttpContext context)
   at Microsoft.WebTools.BrowserLink.Net.BrowserLinkMiddleware.InvokeAsync(HttpContext context)
   at Microsoft.AspNetCore.Watch.BrowserRefresh.BrowserRefreshMiddleware.InvokeAsync(HttpContext context)
   at Microsoft.AspNetCore.Server.Kestrel.Core.Internal.Http.HttpProtocol.ProcessRequests[TContext](IHttpApplication`1 application)
2025-11-03 19:30:38.910 -06:00 [ERR] An unhandled exception has occurred while executing the request.
System.InvalidOperationException: StatusCode cannot be set because the response has already started.
   at Microsoft.AspNetCore.Server.Kestrel.Core.Internal.Http.HttpProtocol.ThrowResponseAlreadyStartedException(String value)
   at Microsoft.AspNetCore.Server.Kestrel.Core.Internal.Http.HttpProtocol.set_StatusCode(Int32 value)
   at Microsoft.AspNetCore.Http.DefaultHttpResponse.Redirect(String location, Boolean permanent)
   at MovieShopMVC.Middlewares.MovieShopExceptionMiddleware.Invoke(HttpContext httpContext) in C:\Users\YJ\Desktop\MovieShop\MovieShopMVC\Middlewares\MovieShopExceptionMiddleware.cs:line 42
   at Microsoft.AspNetCore.Diagnostics.DeveloperExceptionPageMiddlewareImpl.Invoke(HttpContext context)
2025-11-03 19:30:38.948 -06:00 [ERR] Connection id "0HNGR8710AN48", Request id "0HNGR8710AN48:00000001": An unhandled exception was thrown by the application.
System.InvalidOperationException: StatusCode cannot be set because the response has already started.
   at Microsoft.AspNetCore.Server.Kestrel.Core.Internal.Http.HttpProtocol.ThrowResponseAlreadyStartedException(String value)
   at Microsoft.AspNetCore.Server.Kestrel.Core.Internal.Http.HttpProtocol.set_StatusCode(Int32 value)
   at Microsoft.AspNetCore.Http.DefaultHttpResponse.Redirect(String location, Boolean permanent)
   at MovieShopMVC.Middlewares.MovieShopExceptionMiddleware.Invoke(HttpContext httpContext) in C:\Users\YJ\Desktop\MovieShop\MovieShopMVC\Middlewares\MovieShopExceptionMiddleware.cs:line 42
   at Microsoft.AspNetCore.Diagnostics.DeveloperExceptionPageMiddlewareImpl.Invoke(HttpContext context)
   at Microsoft.AspNetCore.Diagnostics.DeveloperExceptionPageMiddlewareImpl.Invoke(HttpContext context)
   at Microsoft.WebTools.BrowserLink.Net.BrowserLinkMiddleware.InvokeAsync(HttpContext context)
   at Microsoft.AspNetCore.Watch.BrowserRefresh.BrowserRefreshMiddleware.InvokeAsync(HttpContext context)
   at Microsoft.AspNetCore.Server.Kestrel.Core.Internal.Http.HttpProtocol.ProcessRequests[TContext](IHttpApplication`1 application)
2025-11-03 19:30:41.846 -06:00 [ERR] An unhandled exception has occurred while executing the request.
System.InvalidOperationException: StatusCode cannot be set because the response has already started.
   at Microsoft.AspNetCore.Server.Kestrel.Core.Internal.Http.HttpProtocol.ThrowResponseAlreadyStartedException(String value)
   at Microsoft.AspNetCore.Server.Kestrel.Core.Internal.Http.HttpProtocol.set_StatusCode(Int32 value)
   at Microsoft.AspNetCore.Http.DefaultHttpResponse.Redirect(String location, Boolean permanent)
   at MovieShopMVC.Middlewares.MovieShopExceptionMiddleware.Invoke(HttpContext httpContext) in C:\Users\YJ\Desktop\MovieShop\MovieShopMVC\Middlewares\MovieShopExceptionMiddleware.cs:line 42
   at Microsoft.AspNetCore.Diagnostics.DeveloperExceptionPageMiddlewareImpl.Invoke(HttpContext context)
2025-11-03 19:30:41.855 -06:00 [ERR] Connection id "0HNGR8710AN48", Request id "0HNGR8710AN48:00000009": An unhandled exception was thrown by the application.
System.InvalidOperationException: StatusCode cannot be set because the response has already started.
   at Microsoft.AspNetCore.Server.Kestrel.Core.Internal.Http.HttpProtocol.ThrowResponseAlreadyStartedException(String value)
   at Microsoft.AspNetCore.Server.Kestrel.Core.Internal.Http.HttpProtocol.set_StatusCode(Int32 value)
   at Microsoft.AspNetCore.Http.DefaultHttpResponse.Redirect(String location, Boolean permanent)
   at MovieShopMVC.Middlewares.MovieShopExceptionMiddleware.Invoke(HttpContext httpContext) in C:\Users\YJ\Desktop\MovieShop\MovieShopMVC\Middlewares\MovieShopExceptionMiddleware.cs:line 42
   at Microsoft.AspNetCore.Diagnostics.DeveloperExceptionPageMiddlewareImpl.Invoke(HttpContext context)
   at Microsoft.AspNetCore.Diagnostics.DeveloperExceptionPageMiddlewareImpl.Invoke(HttpContext context)
   at Microsoft.WebTools.BrowserLink.Net.BrowserLinkMiddleware.InvokeAsync(HttpContext context)
   at Microsoft.AspNetCore.Watch.BrowserRefresh.BrowserRefreshMiddleware.InvokeAsync(HttpContext context)
   at Microsoft.AspNetCore.Server.Kestrel.Core.Internal.Http.HttpProtocol.ProcessRequests[TContext](IHttpApplication`1 application)
2025-11-03 19:30:43.208 -06:00 [ERR] An unhandled exception has occurred while executing the request.
System.InvalidOperationException: StatusCode cannot be set because the response has already started.
   at Microsoft.AspNetCore.Server.Kestrel.Core.Internal.Http.HttpProtocol.ThrowResponseAlreadyStartedException(String value)
   at Microsoft.AspNetCore.Server.Kestrel.Core.Internal.Http.HttpProtocol.set_StatusCode(Int32 value)
   at Microsoft.AspNetCore.Http.DefaultHttpResponse.Redirect(String location, Boolean permanent)
   at MovieShopMVC.Middlewares.MovieShopExceptionMiddleware.Invoke(HttpContext httpContext) in C:\Users\YJ\Desktop\MovieShop\MovieShopMVC\Middlewares\MovieShopExceptionMiddleware.cs:line 42
   at Microsoft.AspNetCore.Diagnostics.DeveloperExceptionPageMiddlewareImpl.Invoke(HttpContext context)
2025-11-03 19:30:43.219 -06:00 [ERR] Connection id "0HNGR8710AN48", Request id "0HNGR8710AN48:0000000F": An unhandled exception was thrown by the application.
System.InvalidOperationException: StatusCode cannot be set because the response has already started.
   at Microsoft.AspNetCore.Server.Kestrel.Core.Internal.Http.HttpProtocol.ThrowResponseAlreadyStartedException(String value)
   at Microsoft.AspNetCore.Server.Kestrel.Core.Internal.Http.HttpProtocol.set_StatusCode(Int32 value)
   at Microsoft.AspNetCore.Http.DefaultHttpResponse.Redirect(String location, Boolean permanent)
   at MovieShopMVC.Middlewares.MovieShopExceptionMiddleware.Invoke(HttpContext httpContext) in C:\Users\YJ\Desktop\MovieShop\MovieShopMVC\Middlewares\MovieShopExceptionMiddleware.cs:line 42
   at Microsoft.AspNetCore.Diagnostics.DeveloperExceptionPageMiddlewareImpl.Invoke(HttpContext context)
   at Microsoft.AspNetCore.Diagnostics.DeveloperExceptionPageMiddlewareImpl.Invoke(HttpContext context)
   at Microsoft.WebTools.BrowserLink.Net.BrowserLinkMiddleware.InvokeAsync(HttpContext context)
   at Microsoft.AspNetCore.Watch.BrowserRefresh.BrowserRefreshMiddleware.InvokeAsync(HttpContext context)
   at Microsoft.AspNetCore.Server.Kestrel.Core.Internal.Http.HttpProtocol.ProcessRequests[TContext](IHttpApplication`1 application)
2025-11-03 19:30:45.683 -06:00 [ERR] An unhandled exception has occurred while executing the request.
System.InvalidOperationException: StatusCode cannot be set because the response has already started.
   at Microsoft.AspNetCore.Server.Kestrel.Core.Internal.Http.HttpProtocol.ThrowResponseAlreadyStartedException(String value)
   at Microsoft.AspNetCore.Server.Kestrel.Core.Internal.Http.HttpProtocol.set_StatusCode(Int32 value)
   at Microsoft.AspNetCore.Http.DefaultHttpResponse.Redirect(String location, Boolean permanent)
   at MovieShopMVC.Middlewares.MovieShopExceptionMiddleware.Invoke(HttpContext httpContext) in C:\Users\YJ\Desktop\MovieShop\MovieShopMVC\Middlewares\MovieShopExceptionMiddleware.cs:line 42
   at Microsoft.AspNetCore.Diagnostics.DeveloperExceptionPageMiddlewareImpl.Invoke(HttpContext context)
2025-11-03 19:30:45.686 -06:00 [ERR] Connection id "0HNGR8710AN48", Request id "0HNGR8710AN48:00000017": An unhandled exception was thrown by the application.
System.InvalidOperationException: StatusCode cannot be set because the response has already started.
   at Microsoft.AspNetCore.Server.Kestrel.Core.Internal.Http.HttpProtocol.ThrowResponseAlreadyStartedException(String value)
   at Microsoft.AspNetCore.Server.Kestrel.Core.Internal.Http.HttpProtocol.set_StatusCode(Int32 value)
   at Microsoft.AspNetCore.Http.DefaultHttpResponse.Redirect(String location, Boolean permanent)
   at MovieShopMVC.Middlewares.MovieShopExceptionMiddleware.Invoke(HttpContext httpContext) in C:\Users\YJ\Desktop\MovieShop\MovieShopMVC\Middlewares\MovieShopExceptionMiddleware.cs:line 42
   at Microsoft.AspNetCore.Diagnostics.DeveloperExceptionPageMiddlewareImpl.Invoke(HttpContext context)
   at Microsoft.AspNetCore.Diagnostics.DeveloperExceptionPageMiddlewareImpl.Invoke(HttpContext context)
   at Microsoft.WebTools.BrowserLink.Net.BrowserLinkMiddleware.InvokeAsync(HttpContext context)
   at Microsoft.AspNetCore.Watch.BrowserRefresh.BrowserRefreshMiddleware.InvokeAsync(HttpContext context)
   at Microsoft.AspNetCore.Server.Kestrel.Core.Internal.Http.HttpProtocol.ProcessRequests[TContext](IHttpApplication`1 application)
2025-11-03 19:31:24.034 -06:00 [ERR] An unhandled exception has occurred while executing the request.
System.InvalidOperationException: StatusCode cannot be set because the response has already started.
   at Microsoft.AspNetCore.Server.Kestrel.Core.Internal.Http.HttpProtocol.ThrowResponseAlreadyStartedException(String value)
   at Microsoft.AspNetCore.Server.Kestrel.Core.Internal.Http.HttpProtocol.set_StatusCode(Int32 value)
   at Microsoft.AspNetCore.Http.DefaultHttpResponse.Redirect(String location, Boolean permanent)
   at MovieShopMVC.Middlewares.MovieShopExceptionMiddleware.Invoke(HttpContext httpContext) in C:\Users\YJ\Desktop\MovieShop\MovieShopMVC\Middlewares\MovieShopExceptionMiddleware.cs:line 42
   at Microsoft.AspNetCore.Diagnostics.DeveloperExceptionPageMiddlewareImpl.Invoke(HttpContext context)
2025-11-03 19:31:24.075 -06:00 [ERR] Connection id "0HNGR87EF0624", Request id "0HNGR87EF0624:00000001": An unhandled exception was thrown by the application.
System.InvalidOperationException: StatusCode cannot be set because the response has already started.
   at Microsoft.AspNetCore.Server.Kestrel.Core.Internal.Http.HttpProtocol.ThrowResponseAlreadyStartedException(String value)
   at Microsoft.AspNetCore.Server.Kestrel.Core.Internal.Http.HttpProtocol.set_StatusCode(Int32 value)
   at Microsoft.AspNetCore.Http.DefaultHttpResponse.Redirect(String location, Boolean permanent)
   at MovieShopMVC.Middlewares.MovieShopExceptionMiddleware.Invoke(HttpContext httpContext) in C:\Users\YJ\Desktop\MovieShop\MovieShopMVC\Middlewares\MovieShopExceptionMiddleware.cs:line 42
   at Microsoft.AspNetCore.Diagnostics.DeveloperExceptionPageMiddlewareImpl.Invoke(HttpContext context)
   at Microsoft.AspNetCore.Diagnostics.DeveloperExceptionPageMiddlewareImpl.Invoke(HttpContext context)
   at Microsoft.WebTools.BrowserLink.Net.BrowserLinkMiddleware.InvokeAsync(HttpContext context)
   at Microsoft.AspNetCore.Watch.BrowserRefresh.BrowserRefreshMiddleware.InvokeAsync(HttpContext context)
   at Microsoft.AspNetCore.Server.Kestrel.Core.Internal.Http.HttpProtocol.ProcessRequests[TContext](IHttpApplication`1 application)
2025-11-03 19:31:26.253 -06:00 [ERR] An unhandled exception has occurred while executing the request.
System.InvalidOperationException: StatusCode cannot be set because the response has already started.
   at Microsoft.AspNetCore.Server.Kestrel.Core.Internal.Http.HttpProtocol.ThrowResponseAlreadyStartedException(String value)
   at Microsoft.AspNetCore.Server.Kestrel.Core.Internal.Http.HttpProtocol.set_StatusCode(Int32 value)
   at Microsoft.AspNetCore.Http.DefaultHttpResponse.Redirect(String location, Boolean permanent)
   at MovieShopMVC.Middlewares.MovieShopExceptionMiddleware.Invoke(HttpContext httpContext) in C:\Users\YJ\Desktop\MovieShop\MovieShopMVC\Middlewares\MovieShopExceptionMiddleware.cs:line 42
   at Microsoft.AspNetCore.Diagnostics.DeveloperExceptionPageMiddlewareImpl.Invoke(HttpContext context)
2025-11-03 19:31:26.262 -06:00 [ERR] Connection id "0HNGR87EF0624", Request id "0HNGR87EF0624:00000009": An unhandled exception was thrown by the application.
System.InvalidOperationException: StatusCode cannot be set because the response has already started.
   at Microsoft.AspNetCore.Server.Kestrel.Core.Internal.Http.HttpProtocol.ThrowResponseAlreadyStartedException(String value)
   at Microsoft.AspNetCore.Server.Kestrel.Core.Internal.Http.HttpProtocol.set_StatusCode(Int32 value)
   at Microsoft.AspNetCore.Http.DefaultHttpResponse.Redirect(String location, Boolean permanent)
   at MovieShopMVC.Middlewares.MovieShopExceptionMiddleware.Invoke(HttpContext httpContext) in C:\Users\YJ\Desktop\MovieShop\MovieShopMVC\Middlewares\MovieShopExceptionMiddleware.cs:line 42
   at Microsoft.AspNetCore.Diagnostics.DeveloperExceptionPageMiddlewareImpl.Invoke(HttpContext context)
   at Microsoft.AspNetCore.Diagnostics.DeveloperExceptionPageMiddlewareImpl.Invoke(HttpContext context)
   at Microsoft.WebTools.BrowserLink.Net.BrowserLinkMiddleware.InvokeAsync(HttpContext context)
   at Microsoft.AspNetCore.Watch.BrowserRefresh.BrowserRefreshMiddleware.InvokeAsync(HttpContext context)
   at Microsoft.AspNetCore.Server.Kestrel.Core.Internal.Http.HttpProtocol.ProcessRequests[TContext](IHttpApplication`1 application)
2025-11-03 19:37:23.237 -06:00 [ERR] An unhandled exception has occurred while executing the request.
System.InvalidOperationException: StatusCode cannot be set because the response has already started.
   at Microsoft.AspNetCore.Server.Kestrel.Core.Internal.Http.HttpProtocol.ThrowResponseAlreadyStartedException(String value)
   at Microsoft.AspNetCore.Server.Kestrel.Core.Internal.Http.HttpProtocol.set_StatusCode(Int32 value)
   at Microsoft.AspNetCore.Http.DefaultHttpResponse.Redirect(String location, Boolean permanent)
   at MovieShopMVC.Middlewares.MovieShopExceptionMiddleware.Invoke(HttpContext httpContext) in C:\Users\YJ\Desktop\MovieShop\MovieShopMVC\Middlewares\MovieShopExceptionMiddleware.cs:line 42
   at Microsoft.AspNetCore.Diagnostics.DeveloperExceptionPageMiddlewareImpl.Invoke(HttpContext context)
2025-11-03 19:37:23.276 -06:00 [ERR] Connection id "0HNGR8APG31PL", Request id "0HNGR8APG31PL:00000001": An unhandled exception was thrown by the application.
System.InvalidOperationException: StatusCode cannot be set because the response has already started.
   at Microsoft.AspNetCore.Server.Kestrel.Core.Internal.Http.HttpProtocol.ThrowResponseAlreadyStartedException(String value)
   at Microsoft.AspNetCore.Server.Kestrel.Core.Internal.Http.HttpProtocol.set_StatusCode(Int32 value)
   at Microsoft.AspNetCore.Http.DefaultHttpResponse.Redirect(String location, Boolean permanent)
   at MovieShopMVC.Middlewares.MovieShopExceptionMiddleware.Invoke(HttpContext httpContext) in C:\Users\YJ\Desktop\MovieShop\MovieShopMVC\Middlewares\MovieShopExceptionMiddleware.cs:line 42
   at Microsoft.AspNetCore.Diagnostics.DeveloperExceptionPageMiddlewareImpl.Invoke(HttpContext context)
   at Microsoft.AspNetCore.Diagnostics.DeveloperExceptionPageMiddlewareImpl.Invoke(HttpContext context)
   at Microsoft.WebTools.BrowserLink.Net.BrowserLinkMiddleware.InvokeAsync(HttpContext context)
   at Microsoft.AspNetCore.Watch.BrowserRefresh.BrowserRefreshMiddleware.InvokeAsync(HttpContext context)
   at Microsoft.AspNetCore.Server.Kestrel.Core.Internal.Http.HttpProtocol.ProcessRequests[TContext](IHttpApplication`1 application)
2025-11-03 19:37:25.567 -06:00 [ERR] An unhandled exception has occurred while executing the request.
System.InvalidOperationException: StatusCode cannot be set because the response has already started.
   at Microsoft.AspNetCore.Server.Kestrel.Core.Internal.Http.HttpProtocol.ThrowResponseAlreadyStartedException(String value)
   at Microsoft.AspNetCore.Server.Kestrel.Core.Internal.Http.HttpProtocol.set_StatusCode(Int32 value)
   at Microsoft.AspNetCore.Http.DefaultHttpResponse.Redirect(String location, Boolean permanent)
   at MovieShopMVC.Middlewares.MovieShopExceptionMiddleware.Invoke(HttpContext httpContext) in C:\Users\YJ\Desktop\MovieShop\MovieShopMVC\Middlewares\MovieShopExceptionMiddleware.cs:line 42
   at Microsoft.AspNetCore.Diagnostics.DeveloperExceptionPageMiddlewareImpl.Invoke(HttpContext context)
2025-11-03 19:37:25.571 -06:00 [ERR] Connection id "0HNGR8APG31PL", Request id "0HNGR8APG31PL:00000007": An unhandled exception was thrown by the application.
System.InvalidOperationException: StatusCode cannot be set because the response has already started.
   at Microsoft.AspNetCore.Server.Kestrel.Core.Internal.Http.HttpProtocol.ThrowResponseAlreadyStartedException(String value)
   at Microsoft.AspNetCore.Server.Kestrel.Core.Internal.Http.HttpProtocol.set_StatusCode(Int32 value)
   at Microsoft.AspNetCore.Http.DefaultHttpResponse.Redirect(String location, Boolean permanent)
   at MovieShopMVC.Middlewares.MovieShopExceptionMiddleware.Invoke(HttpContext httpContext) in C:\Users\YJ\Desktop\MovieShop\MovieShopMVC\Middlewares\MovieShopExceptionMiddleware.cs:line 42
   at Microsoft.AspNetCore.Diagnostics.DeveloperExceptionPageMiddlewareImpl.Invoke(HttpContext context)
   at Microsoft.AspNetCore.Diagnostics.DeveloperExceptionPageMiddlewareImpl.Invoke(HttpContext context)
   at Microsoft.WebTools.BrowserLink.Net.BrowserLinkMiddleware.InvokeAsync(HttpContext context)
   at Microsoft.AspNetCore.Watch.BrowserRefresh.BrowserRefreshMiddleware.InvokeAsync(HttpContext context)
   at Microsoft.AspNetCore.Server.Kestrel.Core.Internal.Http.HttpProtocol.ProcessRequests[TContext](IHttpApplication`1 application)
2025-11-03 19:37:28.299 -06:00 [ERR] An unhandled exception has occurred while executing the request.
System.InvalidOperationException: StatusCode cannot be set because the response has already started.
   at Microsoft.AspNetCore.Server.Kestrel.Core.Internal.Http.HttpProtocol.ThrowResponseAlreadyStartedException(String value)
   at Microsoft.AspNetCore.Server.Kestrel.Core.Internal.Http.HttpProtocol.set_StatusCode(Int32 value)
   at Microsoft.AspNetCore.Http.DefaultHttpResponse.Redirect(String location, Boolean permanent)
   at MovieShopMVC.Middlewares.MovieShopExceptionMiddleware.Invoke(HttpContext httpContext) in C:\Users\YJ\Desktop\MovieShop\MovieShopMVC\Middlewares\MovieShopExceptionMiddleware.cs:line 42
   at Microsoft.AspNetCore.Diagnostics.DeveloperExceptionPageMiddlewareImpl.Invoke(HttpContext context)
2025-11-03 19:37:28.303 -06:00 [ERR] Connection id "0HNGR8APG31PL", Request id "0HNGR8APG31PL:0000000F": An unhandled exception was thrown by the application.
System.InvalidOperationException: StatusCode cannot be set because the response has already started.
   at Microsoft.AspNetCore.Server.Kestrel.Core.Internal.Http.HttpProtocol.ThrowResponseAlreadyStartedException(String value)
   at Microsoft.AspNetCore.Server.Kestrel.Core.Internal.Http.HttpProtocol.set_StatusCode(Int32 value)
   at Microsoft.AspNetCore.Http.DefaultHttpResponse.Redirect(String location, Boolean permanent)
   at MovieShopMVC.Middlewares.MovieShopExceptionMiddleware.Invoke(HttpContext httpContext) in C:\Users\YJ\Desktop\MovieShop\MovieShopMVC\Middlewares\MovieShopExceptionMiddleware.cs:line 42
   at Microsoft.AspNetCore.Diagnostics.DeveloperExceptionPageMiddlewareImpl.Invoke(HttpContext context)
   at Microsoft.AspNetCore.Diagnostics.DeveloperExceptionPageMiddlewareImpl.Invoke(HttpContext context)
   at Microsoft.WebTools.BrowserLink.Net.BrowserLinkMiddleware.InvokeAsync(HttpContext context)
   at Microsoft.AspNetCore.Watch.BrowserRefresh.BrowserRefreshMiddleware.InvokeAsync(HttpContext context)
   at Microsoft.AspNetCore.Server.Kestrel.Core.Internal.Http.HttpProtocol.ProcessRequests[TContext](IHttpApplication`1 application)
2025-11-03 19:37:29.532 -06:00 [ERR] An unhandled exception has occurred while executing the request.
System.InvalidOperationException: StatusCode cannot be set because the response has already started.
   at Microsoft.AspNetCore.Server.Kestrel.Core.Internal.Http.HttpProtocol.ThrowResponseAlreadyStartedException(String value)
   at Microsoft.AspNetCore.Server.Kestrel.Core.Internal.Http.HttpProtocol.set_StatusCode(Int32 value)
   at Microsoft.AspNetCore.Http.DefaultHttpResponse.Redirect(String location, Boolean permanent)
   at MovieShopMVC.Middlewares.MovieShopExceptionMiddleware.Invoke(HttpContext httpContext) in C:\Users\YJ\Desktop\MovieShop\MovieShopMVC\Middlewares\MovieShopExceptionMiddleware.cs:line 42
   at Microsoft.AspNetCore.Diagnostics.DeveloperExceptionPageMiddlewareImpl.Invoke(HttpContext context)
2025-11-03 19:37:29.536 -06:00 [ERR] Connection id "0HNGR8APG31PL", Request id "0HNGR8APG31PL:00000015": An unhandled exception was thrown by the application.
System.InvalidOperationException: StatusCode cannot be set because the response has already started.
   at Microsoft.AspNetCore.Server.Kestrel.Core.Internal.Http.HttpProtocol.ThrowResponseAlreadyStartedException(String value)
   at Microsoft.AspNetCore.Server.Kestrel.Core.Internal.Http.HttpProtocol.set_StatusCode(Int32 value)
   at Microsoft.AspNetCore.Http.DefaultHttpResponse.Redirect(String location, Boolean permanent)
   at MovieShopMVC.Middlewares.MovieShopExceptionMiddleware.Invoke(HttpContext httpContext) in C:\Users\YJ\Desktop\MovieShop\MovieShopMVC\Middlewares\MovieShopExceptionMiddleware.cs:line 42
   at Microsoft.AspNetCore.Diagnostics.DeveloperExceptionPageMiddlewareImpl.Invoke(HttpContext context)
   at Microsoft.AspNetCore.Diagnostics.DeveloperExceptionPageMiddlewareImpl.Invoke(HttpContext context)
   at Microsoft.WebTools.BrowserLink.Net.BrowserLinkMiddleware.InvokeAsync(HttpContext context)
   at Microsoft.AspNetCore.Watch.BrowserRefresh.BrowserRefreshMiddleware.InvokeAsync(HttpContext context)
   at Microsoft.AspNetCore.Server.Kestrel.Core.Internal.Http.HttpProtocol.ProcessRequests[TContext](IHttpApplication`1 application)
2025-11-03 19:39:31.509 -06:00 [ERR] An unhandled exception has occurred while executing the request.
System.InvalidOperationException: StatusCode cannot be set because the response has already started.
   at Microsoft.AspNetCore.Server.Kestrel.Core.Internal.Http.HttpProtocol.ThrowResponseAlreadyStartedException(String value)
   at Microsoft.AspNetCore.Server.Kestrel.Core.Internal.Http.HttpProtocol.set_StatusCode(Int32 value)
   at Microsoft.AspNetCore.Http.DefaultHttpResponse.Redirect(String location, Boolean permanent)
   at MovieShopMVC.Middlewares.MovieShopExceptionMiddleware.Invoke(HttpContext httpContext) in C:\Users\YJ\Desktop\MovieShop\MovieShopMVC\Middlewares\MovieShopExceptionMiddleware.cs:line 42
   at Microsoft.AspNetCore.Diagnostics.DeveloperExceptionPageMiddlewareImpl.Invoke(HttpContext context)
2025-11-03 19:39:31.540 -06:00 [ERR] An unhandled exception has occurred while executing the request.
System.InvalidOperationException: StatusCode cannot be set because the response has already started.
   at Microsoft.AspNetCore.Server.Kestrel.Core.Internal.Http.HttpProtocol.ThrowResponseAlreadyStartedException(String value)
   at Microsoft.AspNetCore.Server.Kestrel.Core.Internal.Http.HttpProtocol.set_StatusCode(Int32 value)
   at Microsoft.AspNetCore.Http.DefaultHttpResponse.Redirect(String location, Boolean permanent)
   at MovieShopMVC.Middlewares.MovieShopExceptionMiddleware.Invoke(HttpContext httpContext) in C:\Users\YJ\Desktop\MovieShop\MovieShopMVC\Middlewares\MovieShopExceptionMiddleware.cs:line 42
   at Microsoft.AspNetCore.Diagnostics.DeveloperExceptionPageMiddlewareImpl.Invoke(HttpContext context)
   at Microsoft.AspNetCore.Diagnostics.DeveloperExceptionPageMiddlewareImpl.Invoke(HttpContext context)
   at Microsoft.AspNetCore.Diagnostics.DeveloperExceptionPageMiddlewareImpl.Invoke(HttpContext context)
2025-11-03 19:39:31.547 -06:00 [ERR] Connection id "0HNGR8BVN9HGU", Request id "0HNGR8BVN9HGU:00000001": An unhandled exception was thrown by the application.
System.InvalidOperationException: StatusCode cannot be set because the response has already started.
   at Microsoft.AspNetCore.Server.Kestrel.Core.Internal.Http.HttpProtocol.ThrowResponseAlreadyStartedException(String value)
   at Microsoft.AspNetCore.Server.Kestrel.Core.Internal.Http.HttpProtocol.set_StatusCode(Int32 value)
   at Microsoft.AspNetCore.Http.DefaultHttpResponse.Redirect(String location, Boolean permanent)
   at MovieShopMVC.Middlewares.MovieShopExceptionMiddleware.Invoke(HttpContext httpContext) in C:\Users\YJ\Desktop\MovieShop\MovieShopMVC\Middlewares\MovieShopExceptionMiddleware.cs:line 42
   at Microsoft.AspNetCore.Diagnostics.DeveloperExceptionPageMiddlewareImpl.Invoke(HttpContext context)
   at Microsoft.AspNetCore.Diagnostics.DeveloperExceptionPageMiddlewareImpl.Invoke(HttpContext context)
   at Microsoft.AspNetCore.Diagnostics.DeveloperExceptionPageMiddlewareImpl.Invoke(HttpContext context)
   at Microsoft.AspNetCore.Diagnostics.DeveloperExceptionPageMiddlewareImpl.Invoke(HttpContext context)
   at Microsoft.WebTools.BrowserLink.Net.BrowserLinkMiddleware.InvokeAsync(HttpContext context)
   at Microsoft.AspNetCore.Watch.BrowserRefresh.BrowserRefreshMiddleware.InvokeAsync(HttpContext context)
   at Microsoft.AspNetCore.Server.Kestrel.Core.Internal.Http.HttpProtocol.ProcessRequests[TContext](IHttpApplication`1 application)
2025-11-03 19:39:40.262 -06:00 [ERR] An unhandled exception has occurred while executing the request.
System.InvalidOperationException: StatusCode cannot be set because the response has already started.
   at Microsoft.AspNetCore.Server.Kestrel.Core.Internal.Http.HttpProtocol.ThrowResponseAlreadyStartedException(String value)
   at Microsoft.AspNetCore.Server.Kestrel.Core.Internal.Http.HttpProtocol.set_StatusCode(Int32 value)
   at Microsoft.AspNetCore.Http.DefaultHttpResponse.Redirect(String location, Boolean permanent)
   at MovieShopMVC.Middlewares.MovieShopExceptionMiddleware.Invoke(HttpContext httpContext) in C:\Users\YJ\Desktop\MovieShop\MovieShopMVC\Middlewares\MovieShopExceptionMiddleware.cs:line 42
   at Microsoft.AspNetCore.Diagnostics.DeveloperExceptionPageMiddlewareImpl.Invoke(HttpContext context)
2025-11-03 19:39:40.272 -06:00 [ERR] An unhandled exception has occurred while executing the request.
System.InvalidOperationException: StatusCode cannot be set because the response has already started.
   at Microsoft.AspNetCore.Server.Kestrel.Core.Internal.Http.HttpProtocol.ThrowResponseAlreadyStartedException(String value)
   at Microsoft.AspNetCore.Server.Kestrel.Core.Internal.Http.HttpProtocol.set_StatusCode(Int32 value)
   at Microsoft.AspNetCore.Http.DefaultHttpResponse.Redirect(String location, Boolean permanent)
   at MovieShopMVC.Middlewares.MovieShopExceptionMiddleware.Invoke(HttpContext httpContext) in C:\Users\YJ\Desktop\MovieShop\MovieShopMVC\Middlewares\MovieShopExceptionMiddleware.cs:line 42
   at Microsoft.AspNetCore.Diagnostics.DeveloperExceptionPageMiddlewareImpl.Invoke(HttpContext context)
   at Microsoft.AspNetCore.Diagnostics.DeveloperExceptionPageMiddlewareImpl.Invoke(HttpContext context)
   at Microsoft.AspNetCore.Diagnostics.DeveloperExceptionPageMiddlewareImpl.Invoke(HttpContext context)
2025-11-03 19:39:40.282 -06:00 [ERR] Connection id "0HNGR8BVN9HGU", Request id "0HNGR8BVN9HGU:00000009": An unhandled exception was thrown by the application.
System.InvalidOperationException: StatusCode cannot be set because the response has already started.
   at Microsoft.AspNetCore.Server.Kestrel.Core.Internal.Http.HttpProtocol.ThrowResponseAlreadyStartedException(String value)
   at Microsoft.AspNetCore.Server.Kestrel.Core.Internal.Http.HttpProtocol.set_StatusCode(Int32 value)
   at Microsoft.AspNetCore.Http.DefaultHttpResponse.Redirect(String location, Boolean permanent)
   at MovieShopMVC.Middlewares.MovieShopExceptionMiddleware.Invoke(HttpContext httpContext) in C:\Users\YJ\Desktop\MovieShop\MovieShopMVC\Middlewares\MovieShopExceptionMiddleware.cs:line 42
   at Microsoft.AspNetCore.Diagnostics.DeveloperExceptionPageMiddlewareImpl.Invoke(HttpContext context)
   at Microsoft.AspNetCore.Diagnostics.DeveloperExceptionPageMiddlewareImpl.Invoke(HttpContext context)
   at Microsoft.AspNetCore.Diagnostics.DeveloperExceptionPageMiddlewareImpl.Invoke(HttpContext context)
   at Microsoft.AspNetCore.Diagnostics.DeveloperExceptionPageMiddlewareImpl.Invoke(HttpContext context)
   at Microsoft.WebTools.BrowserLink.Net.BrowserLinkMiddleware.InvokeAsync(HttpContext context)
   at Microsoft.AspNetCore.Watch.BrowserRefresh.BrowserRefreshMiddleware.InvokeAsync(HttpContext context)
   at Microsoft.AspNetCore.Server.Kestrel.Core.Internal.Http.HttpProtocol.ProcessRequests[TContext](IHttpApplication`1 application)
2025-11-03 19:39:41.666 -06:00 [ERR] An unhandled exception has occurred while executing the request.
System.InvalidOperationException: StatusCode cannot be set because the response has already started.
   at Microsoft.AspNetCore.Server.Kestrel.Core.Internal.Http.HttpProtocol.ThrowResponseAlreadyStartedException(String value)
   at Microsoft.AspNetCore.Server.Kestrel.Core.Internal.Http.HttpProtocol.set_StatusCode(Int32 value)
   at Microsoft.AspNetCore.Http.DefaultHttpResponse.Redirect(String location, Boolean permanent)
   at MovieShopMVC.Middlewares.MovieShopExceptionMiddleware.Invoke(HttpContext httpContext) in C:\Users\YJ\Desktop\MovieShop\MovieShopMVC\Middlewares\MovieShopExceptionMiddleware.cs:line 42
   at Microsoft.AspNetCore.Diagnostics.DeveloperExceptionPageMiddlewareImpl.Invoke(HttpContext context)
2025-11-03 19:39:41.673 -06:00 [ERR] An unhandled exception has occurred while executing the request.
System.InvalidOperationException: StatusCode cannot be set because the response has already started.
   at Microsoft.AspNetCore.Server.Kestrel.Core.Internal.Http.HttpProtocol.ThrowResponseAlreadyStartedException(String value)
   at Microsoft.AspNetCore.Server.Kestrel.Core.Internal.Http.HttpProtocol.set_StatusCode(Int32 value)
   at Microsoft.AspNetCore.Http.DefaultHttpResponse.Redirect(String location, Boolean permanent)
   at MovieShopMVC.Middlewares.MovieShopExceptionMiddleware.Invoke(HttpContext httpContext) in C:\Users\YJ\Desktop\MovieShop\MovieShopMVC\Middlewares\MovieShopExceptionMiddleware.cs:line 42
   at Microsoft.AspNetCore.Diagnostics.DeveloperExceptionPageMiddlewareImpl.Invoke(HttpContext context)
   at Microsoft.AspNetCore.Diagnostics.DeveloperExceptionPageMiddlewareImpl.Invoke(HttpContext context)
   at Microsoft.AspNetCore.Diagnostics.DeveloperExceptionPageMiddlewareImpl.Invoke(HttpContext context)
2025-11-03 19:39:41.678 -06:00 [ERR] Connection id "0HNGR8BVN9HGU", Request id "0HNGR8BVN9HGU:0000000F": An unhandled exception was thrown by the application.
System.InvalidOperationException: StatusCode cannot be set because the response has already started.
   at Microsoft.AspNetCore.Server.Kestrel.Core.Internal.Http.HttpProtocol.ThrowResponseAlreadyStartedException(String value)
   at Microsoft.AspNetCore.Server.Kestrel.Core.Internal.Http.HttpProtocol.set_StatusCode(Int32 value)
   at Microsoft.AspNetCore.Http.DefaultHttpResponse.Redirect(String location, Boolean permanent)
   at MovieShopMVC.Middlewares.MovieShopExceptionMiddleware.Invoke(HttpContext httpContext) in C:\Users\YJ\Desktop\MovieShop\MovieShopMVC\Middlewares\MovieShopExceptionMiddleware.cs:line 42
   at Microsoft.AspNetCore.Diagnostics.DeveloperExceptionPageMiddlewareImpl.Invoke(HttpContext context)
   at Microsoft.AspNetCore.Diagnostics.DeveloperExceptionPageMiddlewareImpl.Invoke(HttpContext context)
   at Microsoft.AspNetCore.Diagnostics.DeveloperExceptionPageMiddlewareImpl.Invoke(HttpContext context)
   at Microsoft.AspNetCore.Diagnostics.DeveloperExceptionPageMiddlewareImpl.Invoke(HttpContext context)
   at Microsoft.WebTools.BrowserLink.Net.BrowserLinkMiddleware.InvokeAsync(HttpContext context)
   at Microsoft.AspNetCore.Watch.BrowserRefresh.BrowserRefreshMiddleware.InvokeAsync(HttpContext context)
   at Microsoft.AspNetCore.Server.Kestrel.Core.Internal.Http.HttpProtocol.ProcessRequests[TContext](IHttpApplication`1 application)
2025-11-03 19:39:44.119 -06:00 [ERR] An unhandled exception has occurred while executing the request.
System.InvalidOperationException: StatusCode cannot be set because the response has already started.
   at Microsoft.AspNetCore.Server.Kestrel.Core.Internal.Http.HttpProtocol.ThrowResponseAlreadyStartedException(String value)
   at Microsoft.AspNetCore.Server.Kestrel.Core.Internal.Http.HttpProtocol.set_StatusCode(Int32 value)
   at Microsoft.AspNetCore.Http.DefaultHttpResponse.Redirect(String location, Boolean permanent)
   at MovieShopMVC.Middlewares.MovieShopExceptionMiddleware.Invoke(HttpContext httpContext) in C:\Users\YJ\Desktop\MovieShop\MovieShopMVC\Middlewares\MovieShopExceptionMiddleware.cs:line 42
   at Microsoft.AspNetCore.Diagnostics.DeveloperExceptionPageMiddlewareImpl.Invoke(HttpContext context)
2025-11-03 19:39:44.122 -06:00 [ERR] An unhandled exception has occurred while executing the request.
System.InvalidOperationException: StatusCode cannot be set because the response has already started.
   at Microsoft.AspNetCore.Server.Kestrel.Core.Internal.Http.HttpProtocol.ThrowResponseAlreadyStartedException(String value)
   at Microsoft.AspNetCore.Server.Kestrel.Core.Internal.Http.HttpProtocol.set_StatusCode(Int32 value)
   at Microsoft.AspNetCore.Http.DefaultHttpResponse.Redirect(String location, Boolean permanent)
   at MovieShopMVC.Middlewares.MovieShopExceptionMiddleware.Invoke(HttpContext httpContext) in C:\Users\YJ\Desktop\MovieShop\MovieShopMVC\Middlewares\MovieShopExceptionMiddleware.cs:line 42
   at Microsoft.AspNetCore.Diagnostics.DeveloperExceptionPageMiddlewareImpl.Invoke(HttpContext context)
   at Microsoft.AspNetCore.Diagnostics.DeveloperExceptionPageMiddlewareImpl.Invoke(HttpContext context)
   at Microsoft.AspNetCore.Diagnostics.DeveloperExceptionPageMiddlewareImpl.Invoke(HttpContext context)
2025-11-03 19:39:44.131 -06:00 [ERR] Connection id "0HNGR8BVN9HGU", Request id "0HNGR8BVN9HGU:00000017": An unhandled exception was thrown by the application.
System.InvalidOperationException: StatusCode cannot be set because the response has already started.
   at Microsoft.AspNetCore.Server.Kestrel.Core.Internal.Http.HttpProtocol.ThrowResponseAlreadyStartedException(String value)
   at Microsoft.AspNetCore.Server.Kestrel.Core.Internal.Http.HttpProtocol.set_StatusCode(Int32 value)
   at Microsoft.AspNetCore.Http.DefaultHttpResponse.Redirect(String location, Boolean permanent)
   at MovieShopMVC.Middlewares.MovieShopExceptionMiddleware.Invoke(HttpContext httpContext) in C:\Users\YJ\Desktop\MovieShop\MovieShopMVC\Middlewares\MovieShopExceptionMiddleware.cs:line 42
   at Microsoft.AspNetCore.Diagnostics.DeveloperExceptionPageMiddlewareImpl.Invoke(HttpContext context)
   at Microsoft.AspNetCore.Diagnostics.DeveloperExceptionPageMiddlewareImpl.Invoke(HttpContext context)
   at Microsoft.AspNetCore.Diagnostics.DeveloperExceptionPageMiddlewareImpl.Invoke(HttpContext context)
   at Microsoft.AspNetCore.Diagnostics.DeveloperExceptionPageMiddlewareImpl.Invoke(HttpContext context)
   at Microsoft.WebTools.BrowserLink.Net.BrowserLinkMiddleware.InvokeAsync(HttpContext context)
   at Microsoft.AspNetCore.Watch.BrowserRefresh.BrowserRefreshMiddleware.InvokeAsync(HttpContext context)
   at Microsoft.AspNetCore.Server.Kestrel.Core.Internal.Http.HttpProtocol.ProcessRequests[TContext](IHttpApplication`1 application)
2025-11-03 19:45:52.679 -06:00 [ERR] An unhandled exception has occurred while executing the request.
System.InvalidOperationException: StatusCode cannot be set because the response has already started.
   at Microsoft.AspNetCore.Server.Kestrel.Core.Internal.Http.HttpProtocol.ThrowResponseAlreadyStartedException(String value)
   at Microsoft.AspNetCore.Server.Kestrel.Core.Internal.Http.HttpProtocol.set_StatusCode(Int32 value)
   at Microsoft.AspNetCore.Http.DefaultHttpResponse.Redirect(String location, Boolean permanent)
   at MovieShopMVC.Middlewares.MovieShopExceptionMiddleware.Invoke(HttpContext httpContext) in C:\Users\YJ\Desktop\MovieShop\MovieShopMVC\Middlewares\MovieShopExceptionMiddleware.cs:line 42
   at Microsoft.AspNetCore.Diagnostics.DeveloperExceptionPageMiddlewareImpl.Invoke(HttpContext context)
2025-11-03 19:45:52.715 -06:00 [ERR] Connection id "0HNGR8FHA1DO6", Request id "0HNGR8FHA1DO6:00000001": An unhandled exception was thrown by the application.
System.InvalidOperationException: StatusCode cannot be set because the response has already started.
   at Microsoft.AspNetCore.Server.Kestrel.Core.Internal.Http.HttpProtocol.ThrowResponseAlreadyStartedException(String value)
   at Microsoft.AspNetCore.Server.Kestrel.Core.Internal.Http.HttpProtocol.set_StatusCode(Int32 value)
   at Microsoft.AspNetCore.Http.DefaultHttpResponse.Redirect(String location, Boolean permanent)
   at MovieShopMVC.Middlewares.MovieShopExceptionMiddleware.Invoke(HttpContext httpContext) in C:\Users\YJ\Desktop\MovieShop\MovieShopMVC\Middlewares\MovieShopExceptionMiddleware.cs:line 42
   at Microsoft.AspNetCore.Diagnostics.DeveloperExceptionPageMiddlewareImpl.Invoke(HttpContext context)
   at Microsoft.AspNetCore.Diagnostics.DeveloperExceptionPageMiddlewareImpl.Invoke(HttpContext context)
   at Microsoft.WebTools.BrowserLink.Net.BrowserLinkMiddleware.InvokeAsync(HttpContext context)
   at Microsoft.AspNetCore.Watch.BrowserRefresh.BrowserRefreshMiddleware.InvokeAsync(HttpContext context)
   at Microsoft.AspNetCore.Server.Kestrel.Core.Internal.Http.HttpProtocol.ProcessRequests[TContext](IHttpApplication`1 application)
2025-11-03 19:45:55.386 -06:00 [ERR] An unhandled exception has occurred while executing the request.
System.InvalidOperationException: StatusCode cannot be set because the response has already started.
   at Microsoft.AspNetCore.Server.Kestrel.Core.Internal.Http.HttpProtocol.ThrowResponseAlreadyStartedException(String value)
   at Microsoft.AspNetCore.Server.Kestrel.Core.Internal.Http.HttpProtocol.set_StatusCode(Int32 value)
   at Microsoft.AspNetCore.Http.DefaultHttpResponse.Redirect(String location, Boolean permanent)
   at MovieShopMVC.Middlewares.MovieShopExceptionMiddleware.Invoke(HttpContext httpContext) in C:\Users\YJ\Desktop\MovieShop\MovieShopMVC\Middlewares\MovieShopExceptionMiddleware.cs:line 42
   at Microsoft.AspNetCore.Diagnostics.DeveloperExceptionPageMiddlewareImpl.Invoke(HttpContext context)
2025-11-03 19:45:55.393 -06:00 [ERR] Connection id "0HNGR8FHA1DO6", Request id "0HNGR8FHA1DO6:00000009": An unhandled exception was thrown by the application.
System.InvalidOperationException: StatusCode cannot be set because the response has already started.
   at Microsoft.AspNetCore.Server.Kestrel.Core.Internal.Http.HttpProtocol.ThrowResponseAlreadyStartedException(String value)
   at Microsoft.AspNetCore.Server.Kestrel.Core.Internal.Http.HttpProtocol.set_StatusCode(Int32 value)
   at Microsoft.AspNetCore.Http.DefaultHttpResponse.Redirect(String location, Boolean permanent)
   at MovieShopMVC.Middlewares.MovieShopExceptionMiddleware.Invoke(HttpContext httpContext) in C:\Users\YJ\Desktop\MovieShop\MovieShopMVC\Middlewares\MovieShopExceptionMiddleware.cs:line 42
   at Microsoft.AspNetCore.Diagnostics.DeveloperExceptionPageMiddlewareImpl.Invoke(HttpContext context)
   at Microsoft.AspNetCore.Diagnostics.DeveloperExceptionPageMiddlewareImpl.Invoke(HttpContext context)
   at Microsoft.WebTools.BrowserLink.Net.BrowserLinkMiddleware.InvokeAsync(HttpContext context)
   at Microsoft.AspNetCore.Watch.BrowserRefresh.BrowserRefreshMiddleware.InvokeAsync(HttpContext context)
   at Microsoft.AspNetCore.Server.Kestrel.Core.Internal.Http.HttpProtocol.ProcessRequests[TContext](IHttpApplication`1 application)
2025-11-03 19:45:56.668 -06:00 [ERR] An unhandled exception has occurred while executing the request.
System.InvalidOperationException: StatusCode cannot be set because the response has already started.
   at Microsoft.AspNetCore.Server.Kestrel.Core.Internal.Http.HttpProtocol.ThrowResponseAlreadyStartedException(String value)
   at Microsoft.AspNetCore.Server.Kestrel.Core.Internal.Http.HttpProtocol.set_StatusCode(Int32 value)
   at Microsoft.AspNetCore.Http.DefaultHttpResponse.Redirect(String location, Boolean permanent)
   at MovieShopMVC.Middlewares.MovieShopExceptionMiddleware.Invoke(HttpContext httpContext) in C:\Users\YJ\Desktop\MovieShop\MovieShopMVC\Middlewares\MovieShopExceptionMiddleware.cs:line 42
   at Microsoft.AspNetCore.Diagnostics.DeveloperExceptionPageMiddlewareImpl.Invoke(HttpContext context)
2025-11-03 19:45:56.675 -06:00 [ERR] Connection id "0HNGR8FHA1DO6", Request id "0HNGR8FHA1DO6:0000000F": An unhandled exception was thrown by the application.
System.InvalidOperationException: StatusCode cannot be set because the response has already started.
   at Microsoft.AspNetCore.Server.Kestrel.Core.Internal.Http.HttpProtocol.ThrowResponseAlreadyStartedException(String value)
   at Microsoft.AspNetCore.Server.Kestrel.Core.Internal.Http.HttpProtocol.set_StatusCode(Int32 value)
   at Microsoft.AspNetCore.Http.DefaultHttpResponse.Redirect(String location, Boolean permanent)
   at MovieShopMVC.Middlewares.MovieShopExceptionMiddleware.Invoke(HttpContext httpContext) in C:\Users\YJ\Desktop\MovieShop\MovieShopMVC\Middlewares\MovieShopExceptionMiddleware.cs:line 42
   at Microsoft.AspNetCore.Diagnostics.DeveloperExceptionPageMiddlewareImpl.Invoke(HttpContext context)
   at Microsoft.AspNetCore.Diagnostics.DeveloperExceptionPageMiddlewareImpl.Invoke(HttpContext context)
   at Microsoft.WebTools.BrowserLink.Net.BrowserLinkMiddleware.InvokeAsync(HttpContext context)
   at Microsoft.AspNetCore.Watch.BrowserRefresh.BrowserRefreshMiddleware.InvokeAsync(HttpContext context)
   at Microsoft.AspNetCore.Server.Kestrel.Core.Internal.Http.HttpProtocol.ProcessRequests[TContext](IHttpApplication`1 application)
2025-11-03 19:45:59.226 -06:00 [ERR] An unhandled exception has occurred while executing the request.
System.InvalidOperationException: StatusCode cannot be set because the response has already started.
   at Microsoft.AspNetCore.Server.Kestrel.Core.Internal.Http.HttpProtocol.ThrowResponseAlreadyStartedException(String value)
   at Microsoft.AspNetCore.Server.Kestrel.Core.Internal.Http.HttpProtocol.set_StatusCode(Int32 value)
   at Microsoft.AspNetCore.Http.DefaultHttpResponse.Redirect(String location, Boolean permanent)
   at MovieShopMVC.Middlewares.MovieShopExceptionMiddleware.Invoke(HttpContext httpContext) in C:\Users\YJ\Desktop\MovieShop\MovieShopMVC\Middlewares\MovieShopExceptionMiddleware.cs:line 42
   at Microsoft.AspNetCore.Diagnostics.DeveloperExceptionPageMiddlewareImpl.Invoke(HttpContext context)
2025-11-03 19:45:59.229 -06:00 [ERR] Connection id "0HNGR8FHA1DO6", Request id "0HNGR8FHA1DO6:00000017": An unhandled exception was thrown by the application.
System.InvalidOperationException: StatusCode cannot be set because the response has already started.
   at Microsoft.AspNetCore.Server.Kestrel.Core.Internal.Http.HttpProtocol.ThrowResponseAlreadyStartedException(String value)
   at Microsoft.AspNetCore.Server.Kestrel.Core.Internal.Http.HttpProtocol.set_StatusCode(Int32 value)
   at Microsoft.AspNetCore.Http.DefaultHttpResponse.Redirect(String location, Boolean permanent)
   at MovieShopMVC.Middlewares.MovieShopExceptionMiddleware.Invoke(HttpContext httpContext) in C:\Users\YJ\Desktop\MovieShop\MovieShopMVC\Middlewares\MovieShopExceptionMiddleware.cs:line 42
   at Microsoft.AspNetCore.Diagnostics.DeveloperExceptionPageMiddlewareImpl.Invoke(HttpContext context)
   at Microsoft.AspNetCore.Diagnostics.DeveloperExceptionPageMiddlewareImpl.Invoke(HttpContext context)
   at Microsoft.WebTools.BrowserLink.Net.BrowserLinkMiddleware.InvokeAsync(HttpContext context)
   at Microsoft.AspNetCore.Watch.BrowserRefresh.BrowserRefreshMiddleware.InvokeAsync(HttpContext context)
   at Microsoft.AspNetCore.Server.Kestrel.Core.Internal.Http.HttpProtocol.ProcessRequests[TContext](IHttpApplication`1 application)
2025-11-03 20:15:28.472 -06:00 [ERR] An unhandled exception has occurred while executing the request.
System.InvalidOperationException: StatusCode cannot be set because the response has already started.
   at Microsoft.AspNetCore.Server.Kestrel.Core.Internal.Http.HttpProtocol.ThrowResponseAlreadyStartedException(String value)
   at Microsoft.AspNetCore.Server.Kestrel.Core.Internal.Http.HttpProtocol.set_StatusCode(Int32 value)
   at Microsoft.AspNetCore.Http.DefaultHttpResponse.Redirect(String location, Boolean permanent)
   at MovieShopMVC.Middlewares.MovieShopExceptionMiddleware.Invoke(HttpContext httpContext) in C:\Users\YJ\Desktop\MovieShop\MovieShopMVC\Middlewares\MovieShopExceptionMiddleware.cs:line 42
   at Microsoft.AspNetCore.Diagnostics.DeveloperExceptionPageMiddlewareImpl.Invoke(HttpContext context)
2025-11-03 20:15:28.498 -06:00 [ERR] Connection id "0HNGR902I2P1U", Request id "0HNGR902I2P1U:00000001": An unhandled exception was thrown by the application.
System.InvalidOperationException: StatusCode cannot be set because the response has already started.
   at Microsoft.AspNetCore.Server.Kestrel.Core.Internal.Http.HttpProtocol.ThrowResponseAlreadyStartedException(String value)
   at Microsoft.AspNetCore.Server.Kestrel.Core.Internal.Http.HttpProtocol.set_StatusCode(Int32 value)
   at Microsoft.AspNetCore.Http.DefaultHttpResponse.Redirect(String location, Boolean permanent)
   at MovieShopMVC.Middlewares.MovieShopExceptionMiddleware.Invoke(HttpContext httpContext) in C:\Users\YJ\Desktop\MovieShop\MovieShopMVC\Middlewares\MovieShopExceptionMiddleware.cs:line 42
   at Microsoft.AspNetCore.Diagnostics.DeveloperExceptionPageMiddlewareImpl.Invoke(HttpContext context)
   at Microsoft.AspNetCore.Diagnostics.DeveloperExceptionPageMiddlewareImpl.Invoke(HttpContext context)
   at Microsoft.WebTools.BrowserLink.Net.BrowserLinkMiddleware.InvokeAsync(HttpContext context)
   at Microsoft.AspNetCore.Watch.BrowserRefresh.BrowserRefreshMiddleware.InvokeAsync(HttpContext context)
   at Microsoft.AspNetCore.Server.Kestrel.Core.Internal.Http.HttpProtocol.ProcessRequests[TContext](IHttpApplication`1 application)
2025-11-03 20:15:31.045 -06:00 [ERR] An unhandled exception has occurred while executing the request.
System.InvalidOperationException: StatusCode cannot be set because the response has already started.
   at Microsoft.AspNetCore.Server.Kestrel.Core.Internal.Http.HttpProtocol.ThrowResponseAlreadyStartedException(String value)
   at Microsoft.AspNetCore.Server.Kestrel.Core.Internal.Http.HttpProtocol.set_StatusCode(Int32 value)
   at Microsoft.AspNetCore.Http.DefaultHttpResponse.Redirect(String location, Boolean permanent)
   at MovieShopMVC.Middlewares.MovieShopExceptionMiddleware.Invoke(HttpContext httpContext) in C:\Users\YJ\Desktop\MovieShop\MovieShopMVC\Middlewares\MovieShopExceptionMiddleware.cs:line 42
   at Microsoft.AspNetCore.Diagnostics.DeveloperExceptionPageMiddlewareImpl.Invoke(HttpContext context)
2025-11-03 20:15:31.056 -06:00 [ERR] Connection id "0HNGR902I2P1U", Request id "0HNGR902I2P1U:00000009": An unhandled exception was thrown by the application.
System.InvalidOperationException: StatusCode cannot be set because the response has already started.
   at Microsoft.AspNetCore.Server.Kestrel.Core.Internal.Http.HttpProtocol.ThrowResponseAlreadyStartedException(String value)
   at Microsoft.AspNetCore.Server.Kestrel.Core.Internal.Http.HttpProtocol.set_StatusCode(Int32 value)
   at Microsoft.AspNetCore.Http.DefaultHttpResponse.Redirect(String location, Boolean permanent)
   at MovieShopMVC.Middlewares.MovieShopExceptionMiddleware.Invoke(HttpContext httpContext) in C:\Users\YJ\Desktop\MovieShop\MovieShopMVC\Middlewares\MovieShopExceptionMiddleware.cs:line 42
   at Microsoft.AspNetCore.Diagnostics.DeveloperExceptionPageMiddlewareImpl.Invoke(HttpContext context)
   at Microsoft.AspNetCore.Diagnostics.DeveloperExceptionPageMiddlewareImpl.Invoke(HttpContext context)
   at Microsoft.WebTools.BrowserLink.Net.BrowserLinkMiddleware.InvokeAsync(HttpContext context)
   at Microsoft.AspNetCore.Watch.BrowserRefresh.BrowserRefreshMiddleware.InvokeAsync(HttpContext context)
   at Microsoft.AspNetCore.Server.Kestrel.Core.Internal.Http.HttpProtocol.ProcessRequests[TContext](IHttpApplication`1 application)
2025-11-03 20:15:31.858 -06:00 [ERR] An unhandled exception has occurred while executing the request.
System.InvalidOperationException: StatusCode cannot be set because the response has already started.
   at Microsoft.AspNetCore.Server.Kestrel.Core.Internal.Http.HttpProtocol.ThrowResponseAlreadyStartedException(String value)
   at Microsoft.AspNetCore.Server.Kestrel.Core.Internal.Http.HttpProtocol.set_StatusCode(Int32 value)
   at Microsoft.AspNetCore.Http.DefaultHttpResponse.Redirect(String location, Boolean permanent)
   at MovieShopMVC.Middlewares.MovieShopExceptionMiddleware.Invoke(HttpContext httpContext) in C:\Users\YJ\Desktop\MovieShop\MovieShopMVC\Middlewares\MovieShopExceptionMiddleware.cs:line 42
   at Microsoft.AspNetCore.Diagnostics.DeveloperExceptionPageMiddlewareImpl.Invoke(HttpContext context)
2025-11-03 20:15:31.867 -06:00 [ERR] Connection id "0HNGR902I2P1U", Request id "0HNGR902I2P1U:0000000F": An unhandled exception was thrown by the application.
System.InvalidOperationException: StatusCode cannot be set because the response has already started.
   at Microsoft.AspNetCore.Server.Kestrel.Core.Internal.Http.HttpProtocol.ThrowResponseAlreadyStartedException(String value)
   at Microsoft.AspNetCore.Server.Kestrel.Core.Internal.Http.HttpProtocol.set_StatusCode(Int32 value)
   at Microsoft.AspNetCore.Http.DefaultHttpResponse.Redirect(String location, Boolean permanent)
   at MovieShopMVC.Middlewares.MovieShopExceptionMiddleware.Invoke(HttpContext httpContext) in C:\Users\YJ\Desktop\MovieShop\MovieShopMVC\Middlewares\MovieShopExceptionMiddleware.cs:line 42
   at Microsoft.AspNetCore.Diagnostics.DeveloperExceptionPageMiddlewareImpl.Invoke(HttpContext context)
   at Microsoft.AspNetCore.Diagnostics.DeveloperExceptionPageMiddlewareImpl.Invoke(HttpContext context)
   at Microsoft.WebTools.BrowserLink.Net.BrowserLinkMiddleware.InvokeAsync(HttpContext context)
   at Microsoft.AspNetCore.Watch.BrowserRefresh.BrowserRefreshMiddleware.InvokeAsync(HttpContext context)
   at Microsoft.AspNetCore.Server.Kestrel.Core.Internal.Http.HttpProtocol.ProcessRequests[TContext](IHttpApplication`1 application)
2025-11-03 20:15:34.364 -06:00 [ERR] An unhandled exception has occurred while executing the request.
System.InvalidOperationException: StatusCode cannot be set because the response has already started.
   at Microsoft.AspNetCore.Server.Kestrel.Core.Internal.Http.HttpProtocol.ThrowResponseAlreadyStartedException(String value)
   at Microsoft.AspNetCore.Server.Kestrel.Core.Internal.Http.HttpProtocol.set_StatusCode(Int32 value)
   at Microsoft.AspNetCore.Http.DefaultHttpResponse.Redirect(String location, Boolean permanent)
   at MovieShopMVC.Middlewares.MovieShopExceptionMiddleware.Invoke(HttpContext httpContext) in C:\Users\YJ\Desktop\MovieShop\MovieShopMVC\Middlewares\MovieShopExceptionMiddleware.cs:line 42
   at Microsoft.AspNetCore.Diagnostics.DeveloperExceptionPageMiddlewareImpl.Invoke(HttpContext context)
2025-11-03 20:15:34.367 -06:00 [ERR] Connection id "0HNGR902I2P1U", Request id "0HNGR902I2P1U:00000017": An unhandled exception was thrown by the application.
System.InvalidOperationException: StatusCode cannot be set because the response has already started.
   at Microsoft.AspNetCore.Server.Kestrel.Core.Internal.Http.HttpProtocol.ThrowResponseAlreadyStartedException(String value)
   at Microsoft.AspNetCore.Server.Kestrel.Core.Internal.Http.HttpProtocol.set_StatusCode(Int32 value)
   at Microsoft.AspNetCore.Http.DefaultHttpResponse.Redirect(String location, Boolean permanent)
   at MovieShopMVC.Middlewares.MovieShopExceptionMiddleware.Invoke(HttpContext httpContext) in C:\Users\YJ\Desktop\MovieShop\MovieShopMVC\Middlewares\MovieShopExceptionMiddleware.cs:line 42
   at Microsoft.AspNetCore.Diagnostics.DeveloperExceptionPageMiddlewareImpl.Invoke(HttpContext context)
   at Microsoft.AspNetCore.Diagnostics.DeveloperExceptionPageMiddlewareImpl.Invoke(HttpContext context)
   at Microsoft.WebTools.BrowserLink.Net.BrowserLinkMiddleware.InvokeAsync(HttpContext context)
   at Microsoft.AspNetCore.Watch.BrowserRefresh.BrowserRefreshMiddleware.InvokeAsync(HttpContext context)
   at Microsoft.AspNetCore.Server.Kestrel.Core.Internal.Http.HttpProtocol.ProcessRequests[TContext](IHttpApplication`1 application)
2025-11-03 20:18:13.118 -06:00 [ERR] An unhandled exception has occurred while executing the request.
System.InvalidOperationException: StatusCode cannot be set because the response has already started.
   at Microsoft.AspNetCore.Server.Kestrel.Core.Internal.Http.HttpProtocol.ThrowResponseAlreadyStartedException(String value)
   at Microsoft.AspNetCore.Server.Kestrel.Core.Internal.Http.HttpProtocol.set_StatusCode(Int32 value)
   at Microsoft.AspNetCore.Http.DefaultHttpResponse.Redirect(String location, Boolean permanent)
   at MovieShopMVC.Middlewares.MovieShopExceptionMiddleware.Invoke(HttpContext httpContext) in C:\Users\YJ\Desktop\MovieShop\MovieShopMVC\Middlewares\MovieShopExceptionMiddleware.cs:line 42
   at Microsoft.AspNetCore.Diagnostics.DeveloperExceptionPageMiddlewareImpl.Invoke(HttpContext context)
2025-11-03 20:18:13.154 -06:00 [ERR] Connection id "0HNGR91JKC2H2", Request id "0HNGR91JKC2H2:00000001": An unhandled exception was thrown by the application.
System.InvalidOperationException: StatusCode cannot be set because the response has already started.
   at Microsoft.AspNetCore.Server.Kestrel.Core.Internal.Http.HttpProtocol.ThrowResponseAlreadyStartedException(String value)
   at Microsoft.AspNetCore.Server.Kestrel.Core.Internal.Http.HttpProtocol.set_StatusCode(Int32 value)
   at Microsoft.AspNetCore.Http.DefaultHttpResponse.Redirect(String location, Boolean permanent)
   at MovieShopMVC.Middlewares.MovieShopExceptionMiddleware.Invoke(HttpContext httpContext) in C:\Users\YJ\Desktop\MovieShop\MovieShopMVC\Middlewares\MovieShopExceptionMiddleware.cs:line 42
   at Microsoft.AspNetCore.Diagnostics.DeveloperExceptionPageMiddlewareImpl.Invoke(HttpContext context)
   at Microsoft.AspNetCore.Diagnostics.DeveloperExceptionPageMiddlewareImpl.Invoke(HttpContext context)
   at Microsoft.WebTools.BrowserLink.Net.BrowserLinkMiddleware.InvokeAsync(HttpContext context)
   at Microsoft.AspNetCore.Watch.BrowserRefresh.BrowserRefreshMiddleware.InvokeAsync(HttpContext context)
   at Microsoft.AspNetCore.Server.Kestrel.Core.Internal.Http.HttpProtocol.ProcessRequests[TContext](IHttpApplication`1 application)
2025-11-03 20:19:56.605 -06:00 [ERR] An unhandled exception has occurred while executing the request.
System.InvalidOperationException: StatusCode cannot be set because the response has already started.
   at Microsoft.AspNetCore.Server.Kestrel.Core.Internal.Http.HttpProtocol.ThrowResponseAlreadyStartedException(String value)
   at Microsoft.AspNetCore.Server.Kestrel.Core.Internal.Http.HttpProtocol.set_StatusCode(Int32 value)
   at Microsoft.AspNetCore.Http.DefaultHttpResponse.Redirect(String location, Boolean permanent)
   at MovieShopMVC.Middlewares.MovieShopExceptionMiddleware.Invoke(HttpContext httpContext) in C:\Users\YJ\Desktop\MovieShop\MovieShopMVC\Middlewares\MovieShopExceptionMiddleware.cs:line 42
   at Microsoft.AspNetCore.Diagnostics.DeveloperExceptionPageMiddlewareImpl.Invoke(HttpContext context)
2025-11-03 20:19:56.621 -06:00 [ERR] Connection id "0HNGR91JKC2H2", Request id "0HNGR91JKC2H2:00000009": An unhandled exception was thrown by the application.
System.InvalidOperationException: StatusCode cannot be set because the response has already started.
   at Microsoft.AspNetCore.Server.Kestrel.Core.Internal.Http.HttpProtocol.ThrowResponseAlreadyStartedException(String value)
   at Microsoft.AspNetCore.Server.Kestrel.Core.Internal.Http.HttpProtocol.set_StatusCode(Int32 value)
   at Microsoft.AspNetCore.Http.DefaultHttpResponse.Redirect(String location, Boolean permanent)
   at MovieShopMVC.Middlewares.MovieShopExceptionMiddleware.Invoke(HttpContext httpContext) in C:\Users\YJ\Desktop\MovieShop\MovieShopMVC\Middlewares\MovieShopExceptionMiddleware.cs:line 42
   at Microsoft.AspNetCore.Diagnostics.DeveloperExceptionPageMiddlewareImpl.Invoke(HttpContext context)
   at Microsoft.AspNetCore.Diagnostics.DeveloperExceptionPageMiddlewareImpl.Invoke(HttpContext context)
   at Microsoft.WebTools.BrowserLink.Net.BrowserLinkMiddleware.InvokeAsync(HttpContext context)
   at Microsoft.AspNetCore.Watch.BrowserRefresh.BrowserRefreshMiddleware.InvokeAsync(HttpContext context)
   at Microsoft.AspNetCore.Server.Kestrel.Core.Internal.Http.HttpProtocol.ProcessRequests[TContext](IHttpApplication`1 application)
2025-11-03 20:19:57.770 -06:00 [ERR] An unhandled exception has occurred while executing the request.
System.InvalidOperationException: StatusCode cannot be set because the response has already started.
   at Microsoft.AspNetCore.Server.Kestrel.Core.Internal.Http.HttpProtocol.ThrowResponseAlreadyStartedException(String value)
   at Microsoft.AspNetCore.Server.Kestrel.Core.Internal.Http.HttpProtocol.set_StatusCode(Int32 value)
   at Microsoft.AspNetCore.Http.DefaultHttpResponse.Redirect(String location, Boolean permanent)
   at MovieShopMVC.Middlewares.MovieShopExceptionMiddleware.Invoke(HttpContext httpContext) in C:\Users\YJ\Desktop\MovieShop\MovieShopMVC\Middlewares\MovieShopExceptionMiddleware.cs:line 42
   at Microsoft.AspNetCore.Diagnostics.DeveloperExceptionPageMiddlewareImpl.Invoke(HttpContext context)
2025-11-03 20:19:57.774 -06:00 [ERR] Connection id "0HNGR91JKC2H2", Request id "0HNGR91JKC2H2:0000000F": An unhandled exception was thrown by the application.
System.InvalidOperationException: StatusCode cannot be set because the response has already started.
   at Microsoft.AspNetCore.Server.Kestrel.Core.Internal.Http.HttpProtocol.ThrowResponseAlreadyStartedException(String value)
   at Microsoft.AspNetCore.Server.Kestrel.Core.Internal.Http.HttpProtocol.set_StatusCode(Int32 value)
   at Microsoft.AspNetCore.Http.DefaultHttpResponse.Redirect(String location, Boolean permanent)
   at MovieShopMVC.Middlewares.MovieShopExceptionMiddleware.Invoke(HttpContext httpContext) in C:\Users\YJ\Desktop\MovieShop\MovieShopMVC\Middlewares\MovieShopExceptionMiddleware.cs:line 42
   at Microsoft.AspNetCore.Diagnostics.DeveloperExceptionPageMiddlewareImpl.Invoke(HttpContext context)
   at Microsoft.AspNetCore.Diagnostics.DeveloperExceptionPageMiddlewareImpl.Invoke(HttpContext context)
   at Microsoft.WebTools.BrowserLink.Net.BrowserLinkMiddleware.InvokeAsync(HttpContext context)
   at Microsoft.AspNetCore.Watch.BrowserRefresh.BrowserRefreshMiddleware.InvokeAsync(HttpContext context)
   at Microsoft.AspNetCore.Server.Kestrel.Core.Internal.Http.HttpProtocol.ProcessRequests[TContext](IHttpApplication`1 application)
2025-11-03 20:20:00.144 -06:00 [ERR] An unhandled exception has occurred while executing the request.
System.InvalidOperationException: StatusCode cannot be set because the response has already started.
   at Microsoft.AspNetCore.Server.Kestrel.Core.Internal.Http.HttpProtocol.ThrowResponseAlreadyStartedException(String value)
   at Microsoft.AspNetCore.Server.Kestrel.Core.Internal.Http.HttpProtocol.set_StatusCode(Int32 value)
   at Microsoft.AspNetCore.Http.DefaultHttpResponse.Redirect(String location, Boolean permanent)
   at MovieShopMVC.Middlewares.MovieShopExceptionMiddleware.Invoke(HttpContext httpContext) in C:\Users\YJ\Desktop\MovieShop\MovieShopMVC\Middlewares\MovieShopExceptionMiddleware.cs:line 42
   at Microsoft.AspNetCore.Diagnostics.DeveloperExceptionPageMiddlewareImpl.Invoke(HttpContext context)
2025-11-03 20:20:00.147 -06:00 [ERR] Connection id "0HNGR91JKC2H2", Request id "0HNGR91JKC2H2:00000017": An unhandled exception was thrown by the application.
System.InvalidOperationException: StatusCode cannot be set because the response has already started.
   at Microsoft.AspNetCore.Server.Kestrel.Core.Internal.Http.HttpProtocol.ThrowResponseAlreadyStartedException(String value)
   at Microsoft.AspNetCore.Server.Kestrel.Core.Internal.Http.HttpProtocol.set_StatusCode(Int32 value)
   at Microsoft.AspNetCore.Http.DefaultHttpResponse.Redirect(String location, Boolean permanent)
   at MovieShopMVC.Middlewares.MovieShopExceptionMiddleware.Invoke(HttpContext httpContext) in C:\Users\YJ\Desktop\MovieShop\MovieShopMVC\Middlewares\MovieShopExceptionMiddleware.cs:line 42
   at Microsoft.AspNetCore.Diagnostics.DeveloperExceptionPageMiddlewareImpl.Invoke(HttpContext context)
   at Microsoft.AspNetCore.Diagnostics.DeveloperExceptionPageMiddlewareImpl.Invoke(HttpContext context)
   at Microsoft.WebTools.BrowserLink.Net.BrowserLinkMiddleware.InvokeAsync(HttpContext context)
   at Microsoft.AspNetCore.Watch.BrowserRefresh.BrowserRefreshMiddleware.InvokeAsync(HttpContext context)
   at Microsoft.AspNetCore.Server.Kestrel.Core.Internal.Http.HttpProtocol.ProcessRequests[TContext](IHttpApplication`1 application)
2025-11-03 20:24:25.955 -06:00 [ERR] An unhandled exception has occurred while executing the request.
System.InvalidOperationException: StatusCode cannot be set because the response has already started.
   at Microsoft.AspNetCore.Server.Kestrel.Core.Internal.Http.HttpProtocol.ThrowResponseAlreadyStartedException(String value)
   at Microsoft.AspNetCore.Server.Kestrel.Core.Internal.Http.HttpProtocol.set_StatusCode(Int32 value)
   at Microsoft.AspNetCore.Http.DefaultHttpResponse.Redirect(String location, Boolean permanent)
   at MovieShopMVC.Middlewares.MovieShopExceptionMiddleware.Invoke(HttpContext httpContext) in C:\Users\YJ\Desktop\MovieShop\MovieShopMVC\Middlewares\MovieShopExceptionMiddleware.cs:line 42
   at Microsoft.AspNetCore.Diagnostics.DeveloperExceptionPageMiddlewareImpl.Invoke(HttpContext context)
2025-11-03 20:24:25.986 -06:00 [ERR] Connection id "0HNGR952NJL5B", Request id "0HNGR952NJL5B:00000001": An unhandled exception was thrown by the application.
System.InvalidOperationException: StatusCode cannot be set because the response has already started.
   at Microsoft.AspNetCore.Server.Kestrel.Core.Internal.Http.HttpProtocol.ThrowResponseAlreadyStartedException(String value)
   at Microsoft.AspNetCore.Server.Kestrel.Core.Internal.Http.HttpProtocol.set_StatusCode(Int32 value)
   at Microsoft.AspNetCore.Http.DefaultHttpResponse.Redirect(String location, Boolean permanent)
   at MovieShopMVC.Middlewares.MovieShopExceptionMiddleware.Invoke(HttpContext httpContext) in C:\Users\YJ\Desktop\MovieShop\MovieShopMVC\Middlewares\MovieShopExceptionMiddleware.cs:line 42
   at Microsoft.AspNetCore.Diagnostics.DeveloperExceptionPageMiddlewareImpl.Invoke(HttpContext context)
   at Microsoft.AspNetCore.Diagnostics.DeveloperExceptionPageMiddlewareImpl.Invoke(HttpContext context)
   at Microsoft.WebTools.BrowserLink.Net.BrowserLinkMiddleware.InvokeAsync(HttpContext context)
   at Microsoft.AspNetCore.Watch.BrowserRefresh.BrowserRefreshMiddleware.InvokeAsync(HttpContext context)
   at Microsoft.AspNetCore.Server.Kestrel.Core.Internal.Http.HttpProtocol.ProcessRequests[TContext](IHttpApplication`1 application)
2025-11-03 20:24:28.064 -06:00 [ERR] An unhandled exception has occurred while executing the request.
System.InvalidOperationException: StatusCode cannot be set because the response has already started.
   at Microsoft.AspNetCore.Server.Kestrel.Core.Internal.Http.HttpProtocol.ThrowResponseAlreadyStartedException(String value)
   at Microsoft.AspNetCore.Server.Kestrel.Core.Internal.Http.HttpProtocol.set_StatusCode(Int32 value)
   at Microsoft.AspNetCore.Http.DefaultHttpResponse.Redirect(String location, Boolean permanent)
   at MovieShopMVC.Middlewares.MovieShopExceptionMiddleware.Invoke(HttpContext httpContext) in C:\Users\YJ\Desktop\MovieShop\MovieShopMVC\Middlewares\MovieShopExceptionMiddleware.cs:line 42
   at Microsoft.AspNetCore.Diagnostics.DeveloperExceptionPageMiddlewareImpl.Invoke(HttpContext context)
2025-11-03 20:24:28.067 -06:00 [ERR] Connection id "0HNGR952NJL5B", Request id "0HNGR952NJL5B:00000009": An unhandled exception was thrown by the application.
System.InvalidOperationException: StatusCode cannot be set because the response has already started.
   at Microsoft.AspNetCore.Server.Kestrel.Core.Internal.Http.HttpProtocol.ThrowResponseAlreadyStartedException(String value)
   at Microsoft.AspNetCore.Server.Kestrel.Core.Internal.Http.HttpProtocol.set_StatusCode(Int32 value)
   at Microsoft.AspNetCore.Http.DefaultHttpResponse.Redirect(String location, Boolean permanent)
   at MovieShopMVC.Middlewares.MovieShopExceptionMiddleware.Invoke(HttpContext httpContext) in C:\Users\YJ\Desktop\MovieShop\MovieShopMVC\Middlewares\MovieShopExceptionMiddleware.cs:line 42
   at Microsoft.AspNetCore.Diagnostics.DeveloperExceptionPageMiddlewareImpl.Invoke(HttpContext context)
   at Microsoft.AspNetCore.Diagnostics.DeveloperExceptionPageMiddlewareImpl.Invoke(HttpContext context)
   at Microsoft.WebTools.BrowserLink.Net.BrowserLinkMiddleware.InvokeAsync(HttpContext context)
   at Microsoft.AspNetCore.Watch.BrowserRefresh.BrowserRefreshMiddleware.InvokeAsync(HttpContext context)
   at Microsoft.AspNetCore.Server.Kestrel.Core.Internal.Http.HttpProtocol.ProcessRequests[TContext](IHttpApplication`1 application)
2025-11-03 20:24:28.864 -06:00 [ERR] An unhandled exception has occurred while executing the request.
System.InvalidOperationException: StatusCode cannot be set because the response has already started.
   at Microsoft.AspNetCore.Server.Kestrel.Core.Internal.Http.HttpProtocol.ThrowResponseAlreadyStartedException(String value)
   at Microsoft.AspNetCore.Server.Kestrel.Core.Internal.Http.HttpProtocol.set_StatusCode(Int32 value)
   at Microsoft.AspNetCore.Http.DefaultHttpResponse.Redirect(String location, Boolean permanent)
   at MovieShopMVC.Middlewares.MovieShopExceptionMiddleware.Invoke(HttpContext httpContext) in C:\Users\YJ\Desktop\MovieShop\MovieShopMVC\Middlewares\MovieShopExceptionMiddleware.cs:line 42
   at Microsoft.AspNetCore.Diagnostics.DeveloperExceptionPageMiddlewareImpl.Invoke(HttpContext context)
2025-11-03 20:24:28.867 -06:00 [ERR] Connection id "0HNGR952NJL5B", Request id "0HNGR952NJL5B:0000000F": An unhandled exception was thrown by the application.
System.InvalidOperationException: StatusCode cannot be set because the response has already started.
   at Microsoft.AspNetCore.Server.Kestrel.Core.Internal.Http.HttpProtocol.ThrowResponseAlreadyStartedException(String value)
   at Microsoft.AspNetCore.Server.Kestrel.Core.Internal.Http.HttpProtocol.set_StatusCode(Int32 value)
   at Microsoft.AspNetCore.Http.DefaultHttpResponse.Redirect(String location, Boolean permanent)
   at MovieShopMVC.Middlewares.MovieShopExceptionMiddleware.Invoke(HttpContext httpContext) in C:\Users\YJ\Desktop\MovieShop\MovieShopMVC\Middlewares\MovieShopExceptionMiddleware.cs:line 42
   at Microsoft.AspNetCore.Diagnostics.DeveloperExceptionPageMiddlewareImpl.Invoke(HttpContext context)
   at Microsoft.AspNetCore.Diagnostics.DeveloperExceptionPageMiddlewareImpl.Invoke(HttpContext context)
   at Microsoft.WebTools.BrowserLink.Net.BrowserLinkMiddleware.InvokeAsync(HttpContext context)
   at Microsoft.AspNetCore.Watch.BrowserRefresh.BrowserRefreshMiddleware.InvokeAsync(HttpContext context)
   at Microsoft.AspNetCore.Server.Kestrel.Core.Internal.Http.HttpProtocol.ProcessRequests[TContext](IHttpApplication`1 application)
2025-11-03 20:24:31.604 -06:00 [ERR] An unhandled exception has occurred while executing the request.
System.InvalidOperationException: StatusCode cannot be set because the response has already started.
   at Microsoft.AspNetCore.Server.Kestrel.Core.Internal.Http.HttpProtocol.ThrowResponseAlreadyStartedException(String value)
   at Microsoft.AspNetCore.Server.Kestrel.Core.Internal.Http.HttpProtocol.set_StatusCode(Int32 value)
   at Microsoft.AspNetCore.Http.DefaultHttpResponse.Redirect(String location, Boolean permanent)
   at MovieShopMVC.Middlewares.MovieShopExceptionMiddleware.Invoke(HttpContext httpContext) in C:\Users\YJ\Desktop\MovieShop\MovieShopMVC\Middlewares\MovieShopExceptionMiddleware.cs:line 42
   at Microsoft.AspNetCore.Diagnostics.DeveloperExceptionPageMiddlewareImpl.Invoke(HttpContext context)
2025-11-03 20:24:31.608 -06:00 [ERR] Connection id "0HNGR952NJL5B", Request id "0HNGR952NJL5B:00000017": An unhandled exception was thrown by the application.
System.InvalidOperationException: StatusCode cannot be set because the response has already started.
   at Microsoft.AspNetCore.Server.Kestrel.Core.Internal.Http.HttpProtocol.ThrowResponseAlreadyStartedException(String value)
   at Microsoft.AspNetCore.Server.Kestrel.Core.Internal.Http.HttpProtocol.set_StatusCode(Int32 value)
   at Microsoft.AspNetCore.Http.DefaultHttpResponse.Redirect(String location, Boolean permanent)
   at MovieShopMVC.Middlewares.MovieShopExceptionMiddleware.Invoke(HttpContext httpContext) in C:\Users\YJ\Desktop\MovieShop\MovieShopMVC\Middlewares\MovieShopExceptionMiddleware.cs:line 42
   at Microsoft.AspNetCore.Diagnostics.DeveloperExceptionPageMiddlewareImpl.Invoke(HttpContext context)
   at Microsoft.AspNetCore.Diagnostics.DeveloperExceptionPageMiddlewareImpl.Invoke(HttpContext context)
   at Microsoft.WebTools.BrowserLink.Net.BrowserLinkMiddleware.InvokeAsync(HttpContext context)
   at Microsoft.AspNetCore.Watch.BrowserRefresh.BrowserRefreshMiddleware.InvokeAsync(HttpContext context)
   at Microsoft.AspNetCore.Server.Kestrel.Core.Internal.Http.HttpProtocol.ProcessRequests[TContext](IHttpApplication`1 application)
2025-11-03 21:09:10.934 -06:00 [ERR] HTTP GET / responded 500 in 180.1883 ms
System.DivideByZeroException: Attempted to divide by zero.
   at MovieShopMVC.Controllers.HomeController.Index() in C:\Users\YJ\Desktop\MovieShop\MovieShopMVC\Controllers\HomeController.cs:line 30
   at Microsoft.AspNetCore.Mvc.Infrastructure.ActionMethodExecutor.TaskOfIActionResultExecutor.Execute(ActionContext actionContext, IActionResultTypeMapper mapper, ObjectMethodExecutor executor, Object controller, Object[] arguments)
   at Microsoft.AspNetCore.Mvc.Infrastructure.ControllerActionInvoker.<InvokeActionMethodAsync>g__Awaited|12_0(ControllerActionInvoker invoker, ValueTask`1 actionResultValueTask)
   at Microsoft.AspNetCore.Mvc.Infrastructure.ControllerActionInvoker.<InvokeNextActionFilterAsync>g__Awaited|10_0(ControllerActionInvoker invoker, Task lastTask, State next, Scope scope, Object state, Boolean isCompleted)
   at Microsoft.AspNetCore.Mvc.Infrastructure.ControllerActionInvoker.Rethrow(ActionExecutedContextSealed context)
   at Microsoft.AspNetCore.Mvc.Infrastructure.ControllerActionInvoker.Next(State& next, Scope& scope, Object& state, Boolean& isCompleted)
   at Microsoft.AspNetCore.Mvc.Infrastructure.ControllerActionInvoker.InvokeInnerFilterAsync()
--- End of stack trace from previous location ---
   at Microsoft.AspNetCore.Mvc.Infrastructure.ResourceInvoker.<InvokeNextResourceFilter>g__Awaited|25_0(ResourceInvoker invoker, Task lastTask, State next, Scope scope, Object state, Boolean isCompleted)
   at Microsoft.AspNetCore.Mvc.Infrastructure.ResourceInvoker.Rethrow(ResourceExecutedContextSealed context)
   at Microsoft.AspNetCore.Mvc.Infrastructure.ResourceInvoker.Next(State& next, Scope& scope, Object& state, Boolean& isCompleted)
   at Microsoft.AspNetCore.Mvc.Infrastructure.ResourceInvoker.InvokeFilterPipelineAsync()
--- End of stack trace from previous location ---
   at Microsoft.AspNetCore.Mvc.Infrastructure.ResourceInvoker.<InvokeAsync>g__Logged|17_1(ResourceInvoker invoker)
   at Microsoft.AspNetCore.Mvc.Infrastructure.ResourceInvoker.<InvokeAsync>g__Logged|17_1(ResourceInvoker invoker)
   at Microsoft.AspNetCore.Routing.EndpointMiddleware.<Invoke>g__AwaitRequestTask|7_0(Endpoint endpoint, Task requestTask, ILogger logger)
   at Microsoft.AspNetCore.Authorization.AuthorizationMiddleware.Invoke(HttpContext context)
   at Microsoft.AspNetCore.Authentication.AuthenticationMiddleware.Invoke(HttpContext context)
   at Serilog.AspNetCore.RequestLoggingMiddleware.Invoke(HttpContext httpContext)
2025-11-03 21:09:10.971 -06:00 [ERR] Unhandled exception at /
System.DivideByZeroException: Attempted to divide by zero.
   at MovieShopMVC.Controllers.HomeController.Index() in C:\Users\YJ\Desktop\MovieShop\MovieShopMVC\Controllers\HomeController.cs:line 30
   at Microsoft.AspNetCore.Mvc.Infrastructure.ActionMethodExecutor.TaskOfIActionResultExecutor.Execute(ActionContext actionContext, IActionResultTypeMapper mapper, ObjectMethodExecutor executor, Object controller, Object[] arguments)
   at Microsoft.AspNetCore.Mvc.Infrastructure.ControllerActionInvoker.<InvokeActionMethodAsync>g__Awaited|12_0(ControllerActionInvoker invoker, ValueTask`1 actionResultValueTask)
   at Microsoft.AspNetCore.Mvc.Infrastructure.ControllerActionInvoker.<InvokeNextActionFilterAsync>g__Awaited|10_0(ControllerActionInvoker invoker, Task lastTask, State next, Scope scope, Object state, Boolean isCompleted)
   at Microsoft.AspNetCore.Mvc.Infrastructure.ControllerActionInvoker.Rethrow(ActionExecutedContextSealed context)
   at Microsoft.AspNetCore.Mvc.Infrastructure.ControllerActionInvoker.Next(State& next, Scope& scope, Object& state, Boolean& isCompleted)
   at Microsoft.AspNetCore.Mvc.Infrastructure.ControllerActionInvoker.InvokeInnerFilterAsync()
--- End of stack trace from previous location ---
   at Microsoft.AspNetCore.Mvc.Infrastructure.ResourceInvoker.<InvokeNextResourceFilter>g__Awaited|25_0(ResourceInvoker invoker, Task lastTask, State next, Scope scope, Object state, Boolean isCompleted)
   at Microsoft.AspNetCore.Mvc.Infrastructure.ResourceInvoker.Rethrow(ResourceExecutedContextSealed context)
   at Microsoft.AspNetCore.Mvc.Infrastructure.ResourceInvoker.Next(State& next, Scope& scope, Object& state, Boolean& isCompleted)
   at Microsoft.AspNetCore.Mvc.Infrastructure.ResourceInvoker.InvokeFilterPipelineAsync()
--- End of stack trace from previous location ---
   at Microsoft.AspNetCore.Mvc.Infrastructure.ResourceInvoker.<InvokeAsync>g__Logged|17_1(ResourceInvoker invoker)
   at Microsoft.AspNetCore.Mvc.Infrastructure.ResourceInvoker.<InvokeAsync>g__Logged|17_1(ResourceInvoker invoker)
   at Microsoft.AspNetCore.Routing.EndpointMiddleware.<Invoke>g__AwaitRequestTask|7_0(Endpoint endpoint, Task requestTask, ILogger logger)
   at Microsoft.AspNetCore.Authorization.AuthorizationMiddleware.Invoke(HttpContext context)
   at Microsoft.AspNetCore.Authentication.AuthenticationMiddleware.Invoke(HttpContext context)
   at Serilog.AspNetCore.RequestLoggingMiddleware.Invoke(HttpContext httpContext)
   at MovieShopMVC.Middlewares.MovieShopExceptionMiddleware.Invoke(HttpContext httpContext) in C:\Users\YJ\Desktop\MovieShop\MovieShopMVC\Middlewares\MovieShopExceptionMiddleware.cs:line 29
2025-11-03 21:09:10.987 -06:00 [ERR] An unhandled exception has occurred while executing the request.
System.DivideByZeroException: Attempted to divide by zero.
   at MovieShopMVC.Controllers.HomeController.Index() in C:\Users\YJ\Desktop\MovieShop\MovieShopMVC\Controllers\HomeController.cs:line 30
   at Microsoft.AspNetCore.Mvc.Infrastructure.ActionMethodExecutor.TaskOfIActionResultExecutor.Execute(ActionContext actionContext, IActionResultTypeMapper mapper, ObjectMethodExecutor executor, Object controller, Object[] arguments)
   at Microsoft.AspNetCore.Mvc.Infrastructure.ControllerActionInvoker.<InvokeActionMethodAsync>g__Awaited|12_0(ControllerActionInvoker invoker, ValueTask`1 actionResultValueTask)
   at Microsoft.AspNetCore.Mvc.Infrastructure.ControllerActionInvoker.<InvokeNextActionFilterAsync>g__Awaited|10_0(ControllerActionInvoker invoker, Task lastTask, State next, Scope scope, Object state, Boolean isCompleted)
   at Microsoft.AspNetCore.Mvc.Infrastructure.ControllerActionInvoker.Rethrow(ActionExecutedContextSealed context)
   at Microsoft.AspNetCore.Mvc.Infrastructure.ControllerActionInvoker.Next(State& next, Scope& scope, Object& state, Boolean& isCompleted)
   at Microsoft.AspNetCore.Mvc.Infrastructure.ControllerActionInvoker.InvokeInnerFilterAsync()
--- End of stack trace from previous location ---
   at Microsoft.AspNetCore.Mvc.Infrastructure.ResourceInvoker.<InvokeNextResourceFilter>g__Awaited|25_0(ResourceInvoker invoker, Task lastTask, State next, Scope scope, Object state, Boolean isCompleted)
   at Microsoft.AspNetCore.Mvc.Infrastructure.ResourceInvoker.Rethrow(ResourceExecutedContextSealed context)
   at Microsoft.AspNetCore.Mvc.Infrastructure.ResourceInvoker.Next(State& next, Scope& scope, Object& state, Boolean& isCompleted)
   at Microsoft.AspNetCore.Mvc.Infrastructure.ResourceInvoker.InvokeFilterPipelineAsync()
--- End of stack trace from previous location ---
   at Microsoft.AspNetCore.Mvc.Infrastructure.ResourceInvoker.<InvokeAsync>g__Logged|17_1(ResourceInvoker invoker)
   at Microsoft.AspNetCore.Mvc.Infrastructure.ResourceInvoker.<InvokeAsync>g__Logged|17_1(ResourceInvoker invoker)
   at Microsoft.AspNetCore.Routing.EndpointMiddleware.<Invoke>g__AwaitRequestTask|7_0(Endpoint endpoint, Task requestTask, ILogger logger)
   at Microsoft.AspNetCore.Authorization.AuthorizationMiddleware.Invoke(HttpContext context)
   at Microsoft.AspNetCore.Authentication.AuthenticationMiddleware.Invoke(HttpContext context)
   at Serilog.AspNetCore.RequestLoggingMiddleware.Invoke(HttpContext httpContext)
   at MovieShopMVC.Middlewares.MovieShopExceptionMiddleware.Invoke(HttpContext httpContext) in C:\Users\YJ\Desktop\MovieShop\MovieShopMVC\Middlewares\MovieShopExceptionMiddleware.cs:line 29
   at MovieShopMVC.Middlewares.MovieShopExceptionMiddleware.Invoke(HttpContext httpContext) in C:\Users\YJ\Desktop\MovieShop\MovieShopMVC\Middlewares\MovieShopExceptionMiddleware.cs:line 39
   at Microsoft.AspNetCore.Diagnostics.DeveloperExceptionPageMiddlewareImpl.Invoke(HttpContext context)
2025-11-03 21:09:31.169 -06:00 [ERR] HTTP GET / responded 500 in 167.2527 ms
System.DivideByZeroException: Attempted to divide by zero.
   at MovieShopMVC.Controllers.HomeController.Index() in C:\Users\YJ\Desktop\MovieShop\MovieShopMVC\Controllers\HomeController.cs:line 30
   at Microsoft.AspNetCore.Mvc.Infrastructure.ActionMethodExecutor.TaskOfIActionResultExecutor.Execute(ActionContext actionContext, IActionResultTypeMapper mapper, ObjectMethodExecutor executor, Object controller, Object[] arguments)
   at Microsoft.AspNetCore.Mvc.Infrastructure.ControllerActionInvoker.<InvokeActionMethodAsync>g__Awaited|12_0(ControllerActionInvoker invoker, ValueTask`1 actionResultValueTask)
   at Microsoft.AspNetCore.Mvc.Infrastructure.ControllerActionInvoker.<InvokeNextActionFilterAsync>g__Awaited|10_0(ControllerActionInvoker invoker, Task lastTask, State next, Scope scope, Object state, Boolean isCompleted)
   at Microsoft.AspNetCore.Mvc.Infrastructure.ControllerActionInvoker.Rethrow(ActionExecutedContextSealed context)
   at Microsoft.AspNetCore.Mvc.Infrastructure.ControllerActionInvoker.Next(State& next, Scope& scope, Object& state, Boolean& isCompleted)
   at Microsoft.AspNetCore.Mvc.Infrastructure.ControllerActionInvoker.InvokeInnerFilterAsync()
--- End of stack trace from previous location ---
   at Microsoft.AspNetCore.Mvc.Infrastructure.ResourceInvoker.<InvokeNextResourceFilter>g__Awaited|25_0(ResourceInvoker invoker, Task lastTask, State next, Scope scope, Object state, Boolean isCompleted)
   at Microsoft.AspNetCore.Mvc.Infrastructure.ResourceInvoker.Rethrow(ResourceExecutedContextSealed context)
   at Microsoft.AspNetCore.Mvc.Infrastructure.ResourceInvoker.Next(State& next, Scope& scope, Object& state, Boolean& isCompleted)
   at Microsoft.AspNetCore.Mvc.Infrastructure.ResourceInvoker.InvokeFilterPipelineAsync()
--- End of stack trace from previous location ---
   at Microsoft.AspNetCore.Mvc.Infrastructure.ResourceInvoker.<InvokeAsync>g__Logged|17_1(ResourceInvoker invoker)
   at Microsoft.AspNetCore.Mvc.Infrastructure.ResourceInvoker.<InvokeAsync>g__Logged|17_1(ResourceInvoker invoker)
   at Microsoft.AspNetCore.Routing.EndpointMiddleware.<Invoke>g__AwaitRequestTask|7_0(Endpoint endpoint, Task requestTask, ILogger logger)
   at Microsoft.AspNetCore.Authorization.AuthorizationMiddleware.Invoke(HttpContext context)
   at Microsoft.AspNetCore.Authentication.AuthenticationMiddleware.Invoke(HttpContext context)
   at Serilog.AspNetCore.RequestLoggingMiddleware.Invoke(HttpContext httpContext)
2025-11-03 21:09:31.208 -06:00 [ERR] Unhandled exception at /
System.DivideByZeroException: Attempted to divide by zero.
   at MovieShopMVC.Controllers.HomeController.Index() in C:\Users\YJ\Desktop\MovieShop\MovieShopMVC\Controllers\HomeController.cs:line 30
   at Microsoft.AspNetCore.Mvc.Infrastructure.ActionMethodExecutor.TaskOfIActionResultExecutor.Execute(ActionContext actionContext, IActionResultTypeMapper mapper, ObjectMethodExecutor executor, Object controller, Object[] arguments)
   at Microsoft.AspNetCore.Mvc.Infrastructure.ControllerActionInvoker.<InvokeActionMethodAsync>g__Awaited|12_0(ControllerActionInvoker invoker, ValueTask`1 actionResultValueTask)
   at Microsoft.AspNetCore.Mvc.Infrastructure.ControllerActionInvoker.<InvokeNextActionFilterAsync>g__Awaited|10_0(ControllerActionInvoker invoker, Task lastTask, State next, Scope scope, Object state, Boolean isCompleted)
   at Microsoft.AspNetCore.Mvc.Infrastructure.ControllerActionInvoker.Rethrow(ActionExecutedContextSealed context)
   at Microsoft.AspNetCore.Mvc.Infrastructure.ControllerActionInvoker.Next(State& next, Scope& scope, Object& state, Boolean& isCompleted)
   at Microsoft.AspNetCore.Mvc.Infrastructure.ControllerActionInvoker.InvokeInnerFilterAsync()
--- End of stack trace from previous location ---
   at Microsoft.AspNetCore.Mvc.Infrastructure.ResourceInvoker.<InvokeNextResourceFilter>g__Awaited|25_0(ResourceInvoker invoker, Task lastTask, State next, Scope scope, Object state, Boolean isCompleted)
   at Microsoft.AspNetCore.Mvc.Infrastructure.ResourceInvoker.Rethrow(ResourceExecutedContextSealed context)
   at Microsoft.AspNetCore.Mvc.Infrastructure.ResourceInvoker.Next(State& next, Scope& scope, Object& state, Boolean& isCompleted)
   at Microsoft.AspNetCore.Mvc.Infrastructure.ResourceInvoker.InvokeFilterPipelineAsync()
--- End of stack trace from previous location ---
   at Microsoft.AspNetCore.Mvc.Infrastructure.ResourceInvoker.<InvokeAsync>g__Logged|17_1(ResourceInvoker invoker)
   at Microsoft.AspNetCore.Mvc.Infrastructure.ResourceInvoker.<InvokeAsync>g__Logged|17_1(ResourceInvoker invoker)
   at Microsoft.AspNetCore.Routing.EndpointMiddleware.<Invoke>g__AwaitRequestTask|7_0(Endpoint endpoint, Task requestTask, ILogger logger)
   at Microsoft.AspNetCore.Authorization.AuthorizationMiddleware.Invoke(HttpContext context)
   at Microsoft.AspNetCore.Authentication.AuthenticationMiddleware.Invoke(HttpContext context)
   at Serilog.AspNetCore.RequestLoggingMiddleware.Invoke(HttpContext httpContext)
   at MovieShopMVC.Middlewares.MovieShopExceptionMiddleware.Invoke(HttpContext httpContext) in C:\Users\YJ\Desktop\MovieShop\MovieShopMVC\Middlewares\MovieShopExceptionMiddleware.cs:line 29
2025-11-03 21:09:31.226 -06:00 [ERR] An unhandled exception has occurred while executing the request.
System.DivideByZeroException: Attempted to divide by zero.
   at MovieShopMVC.Controllers.HomeController.Index() in C:\Users\YJ\Desktop\MovieShop\MovieShopMVC\Controllers\HomeController.cs:line 30
   at Microsoft.AspNetCore.Mvc.Infrastructure.ActionMethodExecutor.TaskOfIActionResultExecutor.Execute(ActionContext actionContext, IActionResultTypeMapper mapper, ObjectMethodExecutor executor, Object controller, Object[] arguments)
   at Microsoft.AspNetCore.Mvc.Infrastructure.ControllerActionInvoker.<InvokeActionMethodAsync>g__Awaited|12_0(ControllerActionInvoker invoker, ValueTask`1 actionResultValueTask)
   at Microsoft.AspNetCore.Mvc.Infrastructure.ControllerActionInvoker.<InvokeNextActionFilterAsync>g__Awaited|10_0(ControllerActionInvoker invoker, Task lastTask, State next, Scope scope, Object state, Boolean isCompleted)
   at Microsoft.AspNetCore.Mvc.Infrastructure.ControllerActionInvoker.Rethrow(ActionExecutedContextSealed context)
   at Microsoft.AspNetCore.Mvc.Infrastructure.ControllerActionInvoker.Next(State& next, Scope& scope, Object& state, Boolean& isCompleted)
   at Microsoft.AspNetCore.Mvc.Infrastructure.ControllerActionInvoker.InvokeInnerFilterAsync()
--- End of stack trace from previous location ---
   at Microsoft.AspNetCore.Mvc.Infrastructure.ResourceInvoker.<InvokeNextResourceFilter>g__Awaited|25_0(ResourceInvoker invoker, Task lastTask, State next, Scope scope, Object state, Boolean isCompleted)
   at Microsoft.AspNetCore.Mvc.Infrastructure.ResourceInvoker.Rethrow(ResourceExecutedContextSealed context)
   at Microsoft.AspNetCore.Mvc.Infrastructure.ResourceInvoker.Next(State& next, Scope& scope, Object& state, Boolean& isCompleted)
   at Microsoft.AspNetCore.Mvc.Infrastructure.ResourceInvoker.InvokeFilterPipelineAsync()
--- End of stack trace from previous location ---
   at Microsoft.AspNetCore.Mvc.Infrastructure.ResourceInvoker.<InvokeAsync>g__Logged|17_1(ResourceInvoker invoker)
   at Microsoft.AspNetCore.Mvc.Infrastructure.ResourceInvoker.<InvokeAsync>g__Logged|17_1(ResourceInvoker invoker)
   at Microsoft.AspNetCore.Routing.EndpointMiddleware.<Invoke>g__AwaitRequestTask|7_0(Endpoint endpoint, Task requestTask, ILogger logger)
   at Microsoft.AspNetCore.Authorization.AuthorizationMiddleware.Invoke(HttpContext context)
   at Microsoft.AspNetCore.Authentication.AuthenticationMiddleware.Invoke(HttpContext context)
   at Serilog.AspNetCore.RequestLoggingMiddleware.Invoke(HttpContext httpContext)
   at MovieShopMVC.Middlewares.MovieShopExceptionMiddleware.Invoke(HttpContext httpContext) in C:\Users\YJ\Desktop\MovieShop\MovieShopMVC\Middlewares\MovieShopExceptionMiddleware.cs:line 29
   at MovieShopMVC.Middlewares.MovieShopExceptionMiddleware.Invoke(HttpContext httpContext) in C:\Users\YJ\Desktop\MovieShop\MovieShopMVC\Middlewares\MovieShopExceptionMiddleware.cs:line 39
   at Microsoft.AspNetCore.Diagnostics.DeveloperExceptionPageMiddlewareImpl.Invoke(HttpContext context)
2025-11-03 21:11:36.145 -06:00 [ERR] HTTP GET / responded 500 in 177.1482 ms
System.DivideByZeroException: Attempted to divide by zero.
   at MovieShopMVC.Controllers.HomeController.Index() in C:\Users\YJ\Desktop\MovieShop\MovieShopMVC\Controllers\HomeController.cs:line 30
   at Microsoft.AspNetCore.Mvc.Infrastructure.ActionMethodExecutor.TaskOfIActionResultExecutor.Execute(ActionContext actionContext, IActionResultTypeMapper mapper, ObjectMethodExecutor executor, Object controller, Object[] arguments)
   at Microsoft.AspNetCore.Mvc.Infrastructure.ControllerActionInvoker.<InvokeActionMethodAsync>g__Awaited|12_0(ControllerActionInvoker invoker, ValueTask`1 actionResultValueTask)
   at Microsoft.AspNetCore.Mvc.Infrastructure.ControllerActionInvoker.<InvokeNextActionFilterAsync>g__Awaited|10_0(ControllerActionInvoker invoker, Task lastTask, State next, Scope scope, Object state, Boolean isCompleted)
   at Microsoft.AspNetCore.Mvc.Infrastructure.ControllerActionInvoker.Rethrow(ActionExecutedContextSealed context)
   at Microsoft.AspNetCore.Mvc.Infrastructure.ControllerActionInvoker.Next(State& next, Scope& scope, Object& state, Boolean& isCompleted)
   at Microsoft.AspNetCore.Mvc.Infrastructure.ControllerActionInvoker.InvokeInnerFilterAsync()
--- End of stack trace from previous location ---
   at Microsoft.AspNetCore.Mvc.Infrastructure.ResourceInvoker.<InvokeNextResourceFilter>g__Awaited|25_0(ResourceInvoker invoker, Task lastTask, State next, Scope scope, Object state, Boolean isCompleted)
   at Microsoft.AspNetCore.Mvc.Infrastructure.ResourceInvoker.Rethrow(ResourceExecutedContextSealed context)
   at Microsoft.AspNetCore.Mvc.Infrastructure.ResourceInvoker.Next(State& next, Scope& scope, Object& state, Boolean& isCompleted)
   at Microsoft.AspNetCore.Mvc.Infrastructure.ResourceInvoker.InvokeFilterPipelineAsync()
--- End of stack trace from previous location ---
   at Microsoft.AspNetCore.Mvc.Infrastructure.ResourceInvoker.<InvokeAsync>g__Logged|17_1(ResourceInvoker invoker)
   at Microsoft.AspNetCore.Mvc.Infrastructure.ResourceInvoker.<InvokeAsync>g__Logged|17_1(ResourceInvoker invoker)
   at Microsoft.AspNetCore.Routing.EndpointMiddleware.<Invoke>g__AwaitRequestTask|7_0(Endpoint endpoint, Task requestTask, ILogger logger)
   at Microsoft.AspNetCore.Authorization.AuthorizationMiddleware.Invoke(HttpContext context)
   at Microsoft.AspNetCore.Authentication.AuthenticationMiddleware.Invoke(HttpContext context)
   at Serilog.AspNetCore.RequestLoggingMiddleware.Invoke(HttpContext httpContext)
2025-11-03 21:11:36.191 -06:00 [ERR] Unhandled exception at /
System.DivideByZeroException: Attempted to divide by zero.
   at MovieShopMVC.Controllers.HomeController.Index() in C:\Users\YJ\Desktop\MovieShop\MovieShopMVC\Controllers\HomeController.cs:line 30
   at Microsoft.AspNetCore.Mvc.Infrastructure.ActionMethodExecutor.TaskOfIActionResultExecutor.Execute(ActionContext actionContext, IActionResultTypeMapper mapper, ObjectMethodExecutor executor, Object controller, Object[] arguments)
   at Microsoft.AspNetCore.Mvc.Infrastructure.ControllerActionInvoker.<InvokeActionMethodAsync>g__Awaited|12_0(ControllerActionInvoker invoker, ValueTask`1 actionResultValueTask)
   at Microsoft.AspNetCore.Mvc.Infrastructure.ControllerActionInvoker.<InvokeNextActionFilterAsync>g__Awaited|10_0(ControllerActionInvoker invoker, Task lastTask, State next, Scope scope, Object state, Boolean isCompleted)
   at Microsoft.AspNetCore.Mvc.Infrastructure.ControllerActionInvoker.Rethrow(ActionExecutedContextSealed context)
   at Microsoft.AspNetCore.Mvc.Infrastructure.ControllerActionInvoker.Next(State& next, Scope& scope, Object& state, Boolean& isCompleted)
   at Microsoft.AspNetCore.Mvc.Infrastructure.ControllerActionInvoker.InvokeInnerFilterAsync()
--- End of stack trace from previous location ---
   at Microsoft.AspNetCore.Mvc.Infrastructure.ResourceInvoker.<InvokeNextResourceFilter>g__Awaited|25_0(ResourceInvoker invoker, Task lastTask, State next, Scope scope, Object state, Boolean isCompleted)
   at Microsoft.AspNetCore.Mvc.Infrastructure.ResourceInvoker.Rethrow(ResourceExecutedContextSealed context)
   at Microsoft.AspNetCore.Mvc.Infrastructure.ResourceInvoker.Next(State& next, Scope& scope, Object& state, Boolean& isCompleted)
   at Microsoft.AspNetCore.Mvc.Infrastructure.ResourceInvoker.InvokeFilterPipelineAsync()
--- End of stack trace from previous location ---
   at Microsoft.AspNetCore.Mvc.Infrastructure.ResourceInvoker.<InvokeAsync>g__Logged|17_1(ResourceInvoker invoker)
   at Microsoft.AspNetCore.Mvc.Infrastructure.ResourceInvoker.<InvokeAsync>g__Logged|17_1(ResourceInvoker invoker)
   at Microsoft.AspNetCore.Routing.EndpointMiddleware.<Invoke>g__AwaitRequestTask|7_0(Endpoint endpoint, Task requestTask, ILogger logger)
   at Microsoft.AspNetCore.Authorization.AuthorizationMiddleware.Invoke(HttpContext context)
   at Microsoft.AspNetCore.Authentication.AuthenticationMiddleware.Invoke(HttpContext context)
   at Serilog.AspNetCore.RequestLoggingMiddleware.Invoke(HttpContext httpContext)
   at MovieShopMVC.Middlewares.MovieShopExceptionMiddleware.Invoke(HttpContext httpContext) in C:\Users\YJ\Desktop\MovieShop\MovieShopMVC\Middlewares\MovieShopExceptionMiddleware.cs:line 29
2025-11-03 21:11:36.209 -06:00 [ERR] An unhandled exception has occurred while executing the request.
System.DivideByZeroException: Attempted to divide by zero.
   at MovieShopMVC.Controllers.HomeController.Index() in C:\Users\YJ\Desktop\MovieShop\MovieShopMVC\Controllers\HomeController.cs:line 30
   at Microsoft.AspNetCore.Mvc.Infrastructure.ActionMethodExecutor.TaskOfIActionResultExecutor.Execute(ActionContext actionContext, IActionResultTypeMapper mapper, ObjectMethodExecutor executor, Object controller, Object[] arguments)
   at Microsoft.AspNetCore.Mvc.Infrastructure.ControllerActionInvoker.<InvokeActionMethodAsync>g__Awaited|12_0(ControllerActionInvoker invoker, ValueTask`1 actionResultValueTask)
   at Microsoft.AspNetCore.Mvc.Infrastructure.ControllerActionInvoker.<InvokeNextActionFilterAsync>g__Awaited|10_0(ControllerActionInvoker invoker, Task lastTask, State next, Scope scope, Object state, Boolean isCompleted)
   at Microsoft.AspNetCore.Mvc.Infrastructure.ControllerActionInvoker.Rethrow(ActionExecutedContextSealed context)
   at Microsoft.AspNetCore.Mvc.Infrastructure.ControllerActionInvoker.Next(State& next, Scope& scope, Object& state, Boolean& isCompleted)
   at Microsoft.AspNetCore.Mvc.Infrastructure.ControllerActionInvoker.InvokeInnerFilterAsync()
--- End of stack trace from previous location ---
   at Microsoft.AspNetCore.Mvc.Infrastructure.ResourceInvoker.<InvokeNextResourceFilter>g__Awaited|25_0(ResourceInvoker invoker, Task lastTask, State next, Scope scope, Object state, Boolean isCompleted)
   at Microsoft.AspNetCore.Mvc.Infrastructure.ResourceInvoker.Rethrow(ResourceExecutedContextSealed context)
   at Microsoft.AspNetCore.Mvc.Infrastructure.ResourceInvoker.Next(State& next, Scope& scope, Object& state, Boolean& isCompleted)
   at Microsoft.AspNetCore.Mvc.Infrastructure.ResourceInvoker.InvokeFilterPipelineAsync()
--- End of stack trace from previous location ---
   at Microsoft.AspNetCore.Mvc.Infrastructure.ResourceInvoker.<InvokeAsync>g__Logged|17_1(ResourceInvoker invoker)
   at Microsoft.AspNetCore.Mvc.Infrastructure.ResourceInvoker.<InvokeAsync>g__Logged|17_1(ResourceInvoker invoker)
   at Microsoft.AspNetCore.Routing.EndpointMiddleware.<Invoke>g__AwaitRequestTask|7_0(Endpoint endpoint, Task requestTask, ILogger logger)
   at Microsoft.AspNetCore.Authorization.AuthorizationMiddleware.Invoke(HttpContext context)
   at Microsoft.AspNetCore.Authentication.AuthenticationMiddleware.Invoke(HttpContext context)
   at Serilog.AspNetCore.RequestLoggingMiddleware.Invoke(HttpContext httpContext)
   at MovieShopMVC.Middlewares.MovieShopExceptionMiddleware.Invoke(HttpContext httpContext) in C:\Users\YJ\Desktop\MovieShop\MovieShopMVC\Middlewares\MovieShopExceptionMiddleware.cs:line 29
   at MovieShopMVC.Middlewares.MovieShopExceptionMiddleware.Invoke(HttpContext httpContext) in C:\Users\YJ\Desktop\MovieShop\MovieShopMVC\Middlewares\MovieShopExceptionMiddleware.cs:line 39
   at Microsoft.AspNetCore.Diagnostics.DeveloperExceptionPageMiddlewareImpl.Invoke(HttpContext context)
2025-11-03 21:14:28.821 -06:00 [ERR] HTTP GET / responded 500 in 172.3558 ms
System.DivideByZeroException: Attempted to divide by zero.
   at MovieShopMVC.Controllers.HomeController.Index() in C:\Users\YJ\Desktop\MovieShop\MovieShopMVC\Controllers\HomeController.cs:line 30
   at Microsoft.AspNetCore.Mvc.Infrastructure.ActionMethodExecutor.TaskOfIActionResultExecutor.Execute(ActionContext actionContext, IActionResultTypeMapper mapper, ObjectMethodExecutor executor, Object controller, Object[] arguments)
   at Microsoft.AspNetCore.Mvc.Infrastructure.ControllerActionInvoker.<InvokeActionMethodAsync>g__Awaited|12_0(ControllerActionInvoker invoker, ValueTask`1 actionResultValueTask)
   at Microsoft.AspNetCore.Mvc.Infrastructure.ControllerActionInvoker.<InvokeNextActionFilterAsync>g__Awaited|10_0(ControllerActionInvoker invoker, Task lastTask, State next, Scope scope, Object state, Boolean isCompleted)
   at Microsoft.AspNetCore.Mvc.Infrastructure.ControllerActionInvoker.Rethrow(ActionExecutedContextSealed context)
   at Microsoft.AspNetCore.Mvc.Infrastructure.ControllerActionInvoker.Next(State& next, Scope& scope, Object& state, Boolean& isCompleted)
   at Microsoft.AspNetCore.Mvc.Infrastructure.ControllerActionInvoker.InvokeInnerFilterAsync()
--- End of stack trace from previous location ---
   at Microsoft.AspNetCore.Mvc.Infrastructure.ResourceInvoker.<InvokeNextResourceFilter>g__Awaited|25_0(ResourceInvoker invoker, Task lastTask, State next, Scope scope, Object state, Boolean isCompleted)
   at Microsoft.AspNetCore.Mvc.Infrastructure.ResourceInvoker.Rethrow(ResourceExecutedContextSealed context)
   at Microsoft.AspNetCore.Mvc.Infrastructure.ResourceInvoker.Next(State& next, Scope& scope, Object& state, Boolean& isCompleted)
   at Microsoft.AspNetCore.Mvc.Infrastructure.ResourceInvoker.InvokeFilterPipelineAsync()
--- End of stack trace from previous location ---
   at Microsoft.AspNetCore.Mvc.Infrastructure.ResourceInvoker.<InvokeAsync>g__Logged|17_1(ResourceInvoker invoker)
   at Microsoft.AspNetCore.Mvc.Infrastructure.ResourceInvoker.<InvokeAsync>g__Logged|17_1(ResourceInvoker invoker)
   at Microsoft.AspNetCore.Routing.EndpointMiddleware.<Invoke>g__AwaitRequestTask|7_0(Endpoint endpoint, Task requestTask, ILogger logger)
   at Microsoft.AspNetCore.Authorization.AuthorizationMiddleware.Invoke(HttpContext context)
   at Microsoft.AspNetCore.Authentication.AuthenticationMiddleware.Invoke(HttpContext context)
   at Serilog.AspNetCore.RequestLoggingMiddleware.Invoke(HttpContext httpContext)
2025-11-03 21:14:28.852 -06:00 [ERR] Unhandled exception at /
System.DivideByZeroException: Attempted to divide by zero.
   at MovieShopMVC.Controllers.HomeController.Index() in C:\Users\YJ\Desktop\MovieShop\MovieShopMVC\Controllers\HomeController.cs:line 30
   at Microsoft.AspNetCore.Mvc.Infrastructure.ActionMethodExecutor.TaskOfIActionResultExecutor.Execute(ActionContext actionContext, IActionResultTypeMapper mapper, ObjectMethodExecutor executor, Object controller, Object[] arguments)
   at Microsoft.AspNetCore.Mvc.Infrastructure.ControllerActionInvoker.<InvokeActionMethodAsync>g__Awaited|12_0(ControllerActionInvoker invoker, ValueTask`1 actionResultValueTask)
   at Microsoft.AspNetCore.Mvc.Infrastructure.ControllerActionInvoker.<InvokeNextActionFilterAsync>g__Awaited|10_0(ControllerActionInvoker invoker, Task lastTask, State next, Scope scope, Object state, Boolean isCompleted)
   at Microsoft.AspNetCore.Mvc.Infrastructure.ControllerActionInvoker.Rethrow(ActionExecutedContextSealed context)
   at Microsoft.AspNetCore.Mvc.Infrastructure.ControllerActionInvoker.Next(State& next, Scope& scope, Object& state, Boolean& isCompleted)
   at Microsoft.AspNetCore.Mvc.Infrastructure.ControllerActionInvoker.InvokeInnerFilterAsync()
--- End of stack trace from previous location ---
   at Microsoft.AspNetCore.Mvc.Infrastructure.ResourceInvoker.<InvokeNextResourceFilter>g__Awaited|25_0(ResourceInvoker invoker, Task lastTask, State next, Scope scope, Object state, Boolean isCompleted)
   at Microsoft.AspNetCore.Mvc.Infrastructure.ResourceInvoker.Rethrow(ResourceExecutedContextSealed context)
   at Microsoft.AspNetCore.Mvc.Infrastructure.ResourceInvoker.Next(State& next, Scope& scope, Object& state, Boolean& isCompleted)
   at Microsoft.AspNetCore.Mvc.Infrastructure.ResourceInvoker.InvokeFilterPipelineAsync()
--- End of stack trace from previous location ---
   at Microsoft.AspNetCore.Mvc.Infrastructure.ResourceInvoker.<InvokeAsync>g__Logged|17_1(ResourceInvoker invoker)
   at Microsoft.AspNetCore.Mvc.Infrastructure.ResourceInvoker.<InvokeAsync>g__Logged|17_1(ResourceInvoker invoker)
   at Microsoft.AspNetCore.Routing.EndpointMiddleware.<Invoke>g__AwaitRequestTask|7_0(Endpoint endpoint, Task requestTask, ILogger logger)
   at Microsoft.AspNetCore.Authorization.AuthorizationMiddleware.Invoke(HttpContext context)
   at Microsoft.AspNetCore.Authentication.AuthenticationMiddleware.Invoke(HttpContext context)
   at Serilog.AspNetCore.RequestLoggingMiddleware.Invoke(HttpContext httpContext)
   at MovieShopMVC.Middlewares.MovieShopExceptionMiddleware.Invoke(HttpContext httpContext) in C:\Users\YJ\Desktop\MovieShop\MovieShopMVC\Middlewares\MovieShopExceptionMiddleware.cs:line 29
2025-11-03 21:14:28.871 -06:00 [ERR] An unhandled exception has occurred while executing the request.
System.DivideByZeroException: Attempted to divide by zero.
   at MovieShopMVC.Controllers.HomeController.Index() in C:\Users\YJ\Desktop\MovieShop\MovieShopMVC\Controllers\HomeController.cs:line 30
   at Microsoft.AspNetCore.Mvc.Infrastructure.ActionMethodExecutor.TaskOfIActionResultExecutor.Execute(ActionContext actionContext, IActionResultTypeMapper mapper, ObjectMethodExecutor executor, Object controller, Object[] arguments)
   at Microsoft.AspNetCore.Mvc.Infrastructure.ControllerActionInvoker.<InvokeActionMethodAsync>g__Awaited|12_0(ControllerActionInvoker invoker, ValueTask`1 actionResultValueTask)
   at Microsoft.AspNetCore.Mvc.Infrastructure.ControllerActionInvoker.<InvokeNextActionFilterAsync>g__Awaited|10_0(ControllerActionInvoker invoker, Task lastTask, State next, Scope scope, Object state, Boolean isCompleted)
   at Microsoft.AspNetCore.Mvc.Infrastructure.ControllerActionInvoker.Rethrow(ActionExecutedContextSealed context)
   at Microsoft.AspNetCore.Mvc.Infrastructure.ControllerActionInvoker.Next(State& next, Scope& scope, Object& state, Boolean& isCompleted)
   at Microsoft.AspNetCore.Mvc.Infrastructure.ControllerActionInvoker.InvokeInnerFilterAsync()
--- End of stack trace from previous location ---
   at Microsoft.AspNetCore.Mvc.Infrastructure.ResourceInvoker.<InvokeNextResourceFilter>g__Awaited|25_0(ResourceInvoker invoker, Task lastTask, State next, Scope scope, Object state, Boolean isCompleted)
   at Microsoft.AspNetCore.Mvc.Infrastructure.ResourceInvoker.Rethrow(ResourceExecutedContextSealed context)
   at Microsoft.AspNetCore.Mvc.Infrastructure.ResourceInvoker.Next(State& next, Scope& scope, Object& state, Boolean& isCompleted)
   at Microsoft.AspNetCore.Mvc.Infrastructure.ResourceInvoker.InvokeFilterPipelineAsync()
--- End of stack trace from previous location ---
   at Microsoft.AspNetCore.Mvc.Infrastructure.ResourceInvoker.<InvokeAsync>g__Logged|17_1(ResourceInvoker invoker)
   at Microsoft.AspNetCore.Mvc.Infrastructure.ResourceInvoker.<InvokeAsync>g__Logged|17_1(ResourceInvoker invoker)
   at Microsoft.AspNetCore.Routing.EndpointMiddleware.<Invoke>g__AwaitRequestTask|7_0(Endpoint endpoint, Task requestTask, ILogger logger)
   at Microsoft.AspNetCore.Authorization.AuthorizationMiddleware.Invoke(HttpContext context)
   at Microsoft.AspNetCore.Authentication.AuthenticationMiddleware.Invoke(HttpContext context)
   at Serilog.AspNetCore.RequestLoggingMiddleware.Invoke(HttpContext httpContext)
   at MovieShopMVC.Middlewares.MovieShopExceptionMiddleware.Invoke(HttpContext httpContext) in C:\Users\YJ\Desktop\MovieShop\MovieShopMVC\Middlewares\MovieShopExceptionMiddleware.cs:line 29
   at MovieShopMVC.Middlewares.MovieShopExceptionMiddleware.Invoke(HttpContext httpContext) in C:\Users\YJ\Desktop\MovieShop\MovieShopMVC\Middlewares\MovieShopExceptionMiddleware.cs:line 39
   at Microsoft.AspNetCore.Diagnostics.DeveloperExceptionPageMiddlewareImpl.Invoke(HttpContext context)
2025-11-03 21:15:22.059 -06:00 [ERR] HTTP GET / responded 500 in 197.7738 ms
System.DivideByZeroException: Attempted to divide by zero.
   at MovieShopMVC.Controllers.HomeController.Index() in C:\Users\YJ\Desktop\MovieShop\MovieShopMVC\Controllers\HomeController.cs:line 30
   at Microsoft.AspNetCore.Mvc.Infrastructure.ActionMethodExecutor.TaskOfIActionResultExecutor.Execute(ActionContext actionContext, IActionResultTypeMapper mapper, ObjectMethodExecutor executor, Object controller, Object[] arguments)
   at Microsoft.AspNetCore.Mvc.Infrastructure.ControllerActionInvoker.<InvokeActionMethodAsync>g__Awaited|12_0(ControllerActionInvoker invoker, ValueTask`1 actionResultValueTask)
   at Microsoft.AspNetCore.Mvc.Infrastructure.ControllerActionInvoker.<InvokeNextActionFilterAsync>g__Awaited|10_0(ControllerActionInvoker invoker, Task lastTask, State next, Scope scope, Object state, Boolean isCompleted)
   at Microsoft.AspNetCore.Mvc.Infrastructure.ControllerActionInvoker.Rethrow(ActionExecutedContextSealed context)
   at Microsoft.AspNetCore.Mvc.Infrastructure.ControllerActionInvoker.Next(State& next, Scope& scope, Object& state, Boolean& isCompleted)
   at Microsoft.AspNetCore.Mvc.Infrastructure.ControllerActionInvoker.InvokeInnerFilterAsync()
--- End of stack trace from previous location ---
   at Microsoft.AspNetCore.Mvc.Infrastructure.ResourceInvoker.<InvokeNextResourceFilter>g__Awaited|25_0(ResourceInvoker invoker, Task lastTask, State next, Scope scope, Object state, Boolean isCompleted)
   at Microsoft.AspNetCore.Mvc.Infrastructure.ResourceInvoker.Rethrow(ResourceExecutedContextSealed context)
   at Microsoft.AspNetCore.Mvc.Infrastructure.ResourceInvoker.Next(State& next, Scope& scope, Object& state, Boolean& isCompleted)
   at Microsoft.AspNetCore.Mvc.Infrastructure.ResourceInvoker.InvokeFilterPipelineAsync()
--- End of stack trace from previous location ---
   at Microsoft.AspNetCore.Mvc.Infrastructure.ResourceInvoker.<InvokeAsync>g__Logged|17_1(ResourceInvoker invoker)
   at Microsoft.AspNetCore.Mvc.Infrastructure.ResourceInvoker.<InvokeAsync>g__Logged|17_1(ResourceInvoker invoker)
   at Microsoft.AspNetCore.Routing.EndpointMiddleware.<Invoke>g__AwaitRequestTask|7_0(Endpoint endpoint, Task requestTask, ILogger logger)
   at Microsoft.AspNetCore.Authorization.AuthorizationMiddleware.Invoke(HttpContext context)
   at Microsoft.AspNetCore.Authentication.AuthenticationMiddleware.Invoke(HttpContext context)
   at Serilog.AspNetCore.RequestLoggingMiddleware.Invoke(HttpContext httpContext)
2025-11-03 21:15:22.102 -06:00 [ERR] Unhandled exception at /
System.DivideByZeroException: Attempted to divide by zero.
   at MovieShopMVC.Controllers.HomeController.Index() in C:\Users\YJ\Desktop\MovieShop\MovieShopMVC\Controllers\HomeController.cs:line 30
   at Microsoft.AspNetCore.Mvc.Infrastructure.ActionMethodExecutor.TaskOfIActionResultExecutor.Execute(ActionContext actionContext, IActionResultTypeMapper mapper, ObjectMethodExecutor executor, Object controller, Object[] arguments)
   at Microsoft.AspNetCore.Mvc.Infrastructure.ControllerActionInvoker.<InvokeActionMethodAsync>g__Awaited|12_0(ControllerActionInvoker invoker, ValueTask`1 actionResultValueTask)
   at Microsoft.AspNetCore.Mvc.Infrastructure.ControllerActionInvoker.<InvokeNextActionFilterAsync>g__Awaited|10_0(ControllerActionInvoker invoker, Task lastTask, State next, Scope scope, Object state, Boolean isCompleted)
   at Microsoft.AspNetCore.Mvc.Infrastructure.ControllerActionInvoker.Rethrow(ActionExecutedContextSealed context)
   at Microsoft.AspNetCore.Mvc.Infrastructure.ControllerActionInvoker.Next(State& next, Scope& scope, Object& state, Boolean& isCompleted)
   at Microsoft.AspNetCore.Mvc.Infrastructure.ControllerActionInvoker.InvokeInnerFilterAsync()
--- End of stack trace from previous location ---
   at Microsoft.AspNetCore.Mvc.Infrastructure.ResourceInvoker.<InvokeNextResourceFilter>g__Awaited|25_0(ResourceInvoker invoker, Task lastTask, State next, Scope scope, Object state, Boolean isCompleted)
   at Microsoft.AspNetCore.Mvc.Infrastructure.ResourceInvoker.Rethrow(ResourceExecutedContextSealed context)
   at Microsoft.AspNetCore.Mvc.Infrastructure.ResourceInvoker.Next(State& next, Scope& scope, Object& state, Boolean& isCompleted)
   at Microsoft.AspNetCore.Mvc.Infrastructure.ResourceInvoker.InvokeFilterPipelineAsync()
--- End of stack trace from previous location ---
   at Microsoft.AspNetCore.Mvc.Infrastructure.ResourceInvoker.<InvokeAsync>g__Logged|17_1(ResourceInvoker invoker)
   at Microsoft.AspNetCore.Mvc.Infrastructure.ResourceInvoker.<InvokeAsync>g__Logged|17_1(ResourceInvoker invoker)
   at Microsoft.AspNetCore.Routing.EndpointMiddleware.<Invoke>g__AwaitRequestTask|7_0(Endpoint endpoint, Task requestTask, ILogger logger)
   at Microsoft.AspNetCore.Authorization.AuthorizationMiddleware.Invoke(HttpContext context)
   at Microsoft.AspNetCore.Authentication.AuthenticationMiddleware.Invoke(HttpContext context)
   at Serilog.AspNetCore.RequestLoggingMiddleware.Invoke(HttpContext httpContext)
   at MovieShopMVC.Middlewares.MovieShopExceptionMiddleware.Invoke(HttpContext httpContext) in C:\Users\YJ\Desktop\MovieShop\MovieShopMVC\Middlewares\MovieShopExceptionMiddleware.cs:line 29
2025-11-03 21:15:22.119 -06:00 [ERR] An unhandled exception has occurred while executing the request.
System.DivideByZeroException: Attempted to divide by zero.
   at MovieShopMVC.Controllers.HomeController.Index() in C:\Users\YJ\Desktop\MovieShop\MovieShopMVC\Controllers\HomeController.cs:line 30
   at Microsoft.AspNetCore.Mvc.Infrastructure.ActionMethodExecutor.TaskOfIActionResultExecutor.Execute(ActionContext actionContext, IActionResultTypeMapper mapper, ObjectMethodExecutor executor, Object controller, Object[] arguments)
   at Microsoft.AspNetCore.Mvc.Infrastructure.ControllerActionInvoker.<InvokeActionMethodAsync>g__Awaited|12_0(ControllerActionInvoker invoker, ValueTask`1 actionResultValueTask)
   at Microsoft.AspNetCore.Mvc.Infrastructure.ControllerActionInvoker.<InvokeNextActionFilterAsync>g__Awaited|10_0(ControllerActionInvoker invoker, Task lastTask, State next, Scope scope, Object state, Boolean isCompleted)
   at Microsoft.AspNetCore.Mvc.Infrastructure.ControllerActionInvoker.Rethrow(ActionExecutedContextSealed context)
   at Microsoft.AspNetCore.Mvc.Infrastructure.ControllerActionInvoker.Next(State& next, Scope& scope, Object& state, Boolean& isCompleted)
   at Microsoft.AspNetCore.Mvc.Infrastructure.ControllerActionInvoker.InvokeInnerFilterAsync()
--- End of stack trace from previous location ---
   at Microsoft.AspNetCore.Mvc.Infrastructure.ResourceInvoker.<InvokeNextResourceFilter>g__Awaited|25_0(ResourceInvoker invoker, Task lastTask, State next, Scope scope, Object state, Boolean isCompleted)
   at Microsoft.AspNetCore.Mvc.Infrastructure.ResourceInvoker.Rethrow(ResourceExecutedContextSealed context)
   at Microsoft.AspNetCore.Mvc.Infrastructure.ResourceInvoker.Next(State& next, Scope& scope, Object& state, Boolean& isCompleted)
   at Microsoft.AspNetCore.Mvc.Infrastructure.ResourceInvoker.InvokeFilterPipelineAsync()
--- End of stack trace from previous location ---
   at Microsoft.AspNetCore.Mvc.Infrastructure.ResourceInvoker.<InvokeAsync>g__Logged|17_1(ResourceInvoker invoker)
   at Microsoft.AspNetCore.Mvc.Infrastructure.ResourceInvoker.<InvokeAsync>g__Logged|17_1(ResourceInvoker invoker)
   at Microsoft.AspNetCore.Routing.EndpointMiddleware.<Invoke>g__AwaitRequestTask|7_0(Endpoint endpoint, Task requestTask, ILogger logger)
   at Microsoft.AspNetCore.Authorization.AuthorizationMiddleware.Invoke(HttpContext context)
   at Microsoft.AspNetCore.Authentication.AuthenticationMiddleware.Invoke(HttpContext context)
   at Serilog.AspNetCore.RequestLoggingMiddleware.Invoke(HttpContext httpContext)
   at MovieShopMVC.Middlewares.MovieShopExceptionMiddleware.Invoke(HttpContext httpContext) in C:\Users\YJ\Desktop\MovieShop\MovieShopMVC\Middlewares\MovieShopExceptionMiddleware.cs:line 29
   at MovieShopMVC.Middlewares.MovieShopExceptionMiddleware.Invoke(HttpContext httpContext) in C:\Users\YJ\Desktop\MovieShop\MovieShopMVC\Middlewares\MovieShopExceptionMiddleware.cs:line 39
   at Microsoft.AspNetCore.Diagnostics.DeveloperExceptionPageMiddlewareImpl.Invoke(HttpContext context)
2025-11-03 21:15:54.660 -06:00 [ERR] HTTP GET / responded 500 in 169.6594 ms
System.DivideByZeroException: Attempted to divide by zero.
   at MovieShopMVC.Controllers.HomeController.Index() in C:\Users\YJ\Desktop\MovieShop\MovieShopMVC\Controllers\HomeController.cs:line 30
   at Microsoft.AspNetCore.Mvc.Infrastructure.ActionMethodExecutor.TaskOfIActionResultExecutor.Execute(ActionContext actionContext, IActionResultTypeMapper mapper, ObjectMethodExecutor executor, Object controller, Object[] arguments)
   at Microsoft.AspNetCore.Mvc.Infrastructure.ControllerActionInvoker.<InvokeActionMethodAsync>g__Awaited|12_0(ControllerActionInvoker invoker, ValueTask`1 actionResultValueTask)
   at Microsoft.AspNetCore.Mvc.Infrastructure.ControllerActionInvoker.<InvokeNextActionFilterAsync>g__Awaited|10_0(ControllerActionInvoker invoker, Task lastTask, State next, Scope scope, Object state, Boolean isCompleted)
   at Microsoft.AspNetCore.Mvc.Infrastructure.ControllerActionInvoker.Rethrow(ActionExecutedContextSealed context)
   at Microsoft.AspNetCore.Mvc.Infrastructure.ControllerActionInvoker.Next(State& next, Scope& scope, Object& state, Boolean& isCompleted)
   at Microsoft.AspNetCore.Mvc.Infrastructure.ControllerActionInvoker.InvokeInnerFilterAsync()
--- End of stack trace from previous location ---
   at Microsoft.AspNetCore.Mvc.Infrastructure.ResourceInvoker.<InvokeNextResourceFilter>g__Awaited|25_0(ResourceInvoker invoker, Task lastTask, State next, Scope scope, Object state, Boolean isCompleted)
   at Microsoft.AspNetCore.Mvc.Infrastructure.ResourceInvoker.Rethrow(ResourceExecutedContextSealed context)
   at Microsoft.AspNetCore.Mvc.Infrastructure.ResourceInvoker.Next(State& next, Scope& scope, Object& state, Boolean& isCompleted)
   at Microsoft.AspNetCore.Mvc.Infrastructure.ResourceInvoker.InvokeFilterPipelineAsync()
--- End of stack trace from previous location ---
   at Microsoft.AspNetCore.Mvc.Infrastructure.ResourceInvoker.<InvokeAsync>g__Logged|17_1(ResourceInvoker invoker)
   at Microsoft.AspNetCore.Mvc.Infrastructure.ResourceInvoker.<InvokeAsync>g__Logged|17_1(ResourceInvoker invoker)
   at Microsoft.AspNetCore.Routing.EndpointMiddleware.<Invoke>g__AwaitRequestTask|7_0(Endpoint endpoint, Task requestTask, ILogger logger)
   at Microsoft.AspNetCore.Authorization.AuthorizationMiddleware.Invoke(HttpContext context)
   at Microsoft.AspNetCore.Authentication.AuthenticationMiddleware.Invoke(HttpContext context)
   at Serilog.AspNetCore.RequestLoggingMiddleware.Invoke(HttpContext httpContext)
2025-11-03 21:15:54.710 -06:00 [ERR] Unhandled exception at GET /
System.DivideByZeroException: Attempted to divide by zero.
   at MovieShopMVC.Controllers.HomeController.Index() in C:\Users\YJ\Desktop\MovieShop\MovieShopMVC\Controllers\HomeController.cs:line 30
   at Microsoft.AspNetCore.Mvc.Infrastructure.ActionMethodExecutor.TaskOfIActionResultExecutor.Execute(ActionContext actionContext, IActionResultTypeMapper mapper, ObjectMethodExecutor executor, Object controller, Object[] arguments)
   at Microsoft.AspNetCore.Mvc.Infrastructure.ControllerActionInvoker.<InvokeActionMethodAsync>g__Awaited|12_0(ControllerActionInvoker invoker, ValueTask`1 actionResultValueTask)
   at Microsoft.AspNetCore.Mvc.Infrastructure.ControllerActionInvoker.<InvokeNextActionFilterAsync>g__Awaited|10_0(ControllerActionInvoker invoker, Task lastTask, State next, Scope scope, Object state, Boolean isCompleted)
   at Microsoft.AspNetCore.Mvc.Infrastructure.ControllerActionInvoker.Rethrow(ActionExecutedContextSealed context)
   at Microsoft.AspNetCore.Mvc.Infrastructure.ControllerActionInvoker.Next(State& next, Scope& scope, Object& state, Boolean& isCompleted)
   at Microsoft.AspNetCore.Mvc.Infrastructure.ControllerActionInvoker.InvokeInnerFilterAsync()
--- End of stack trace from previous location ---
   at Microsoft.AspNetCore.Mvc.Infrastructure.ResourceInvoker.<InvokeNextResourceFilter>g__Awaited|25_0(ResourceInvoker invoker, Task lastTask, State next, Scope scope, Object state, Boolean isCompleted)
   at Microsoft.AspNetCore.Mvc.Infrastructure.ResourceInvoker.Rethrow(ResourceExecutedContextSealed context)
   at Microsoft.AspNetCore.Mvc.Infrastructure.ResourceInvoker.Next(State& next, Scope& scope, Object& state, Boolean& isCompleted)
   at Microsoft.AspNetCore.Mvc.Infrastructure.ResourceInvoker.InvokeFilterPipelineAsync()
--- End of stack trace from previous location ---
   at Microsoft.AspNetCore.Mvc.Infrastructure.ResourceInvoker.<InvokeAsync>g__Logged|17_1(ResourceInvoker invoker)
   at Microsoft.AspNetCore.Mvc.Infrastructure.ResourceInvoker.<InvokeAsync>g__Logged|17_1(ResourceInvoker invoker)
   at Microsoft.AspNetCore.Routing.EndpointMiddleware.<Invoke>g__AwaitRequestTask|7_0(Endpoint endpoint, Task requestTask, ILogger logger)
   at Microsoft.AspNetCore.Authorization.AuthorizationMiddleware.Invoke(HttpContext context)
   at Microsoft.AspNetCore.Authentication.AuthenticationMiddleware.Invoke(HttpContext context)
   at Serilog.AspNetCore.RequestLoggingMiddleware.Invoke(HttpContext httpContext)
   at MovieShopMVC.Middlewares.LoggingMiddleware.Invoke(HttpContext httpContext) in C:\Users\YJ\Desktop\MovieShop\MovieShopMVC\Middlewares\LoggingMiddleware.cs:line 26
2025-11-03 21:15:54.729 -06:00 [ERR] Unhandled exception at /
System.DivideByZeroException: Attempted to divide by zero.
   at MovieShopMVC.Controllers.HomeController.Index() in C:\Users\YJ\Desktop\MovieShop\MovieShopMVC\Controllers\HomeController.cs:line 30
   at Microsoft.AspNetCore.Mvc.Infrastructure.ActionMethodExecutor.TaskOfIActionResultExecutor.Execute(ActionContext actionContext, IActionResultTypeMapper mapper, ObjectMethodExecutor executor, Object controller, Object[] arguments)
   at Microsoft.AspNetCore.Mvc.Infrastructure.ControllerActionInvoker.<InvokeActionMethodAsync>g__Awaited|12_0(ControllerActionInvoker invoker, ValueTask`1 actionResultValueTask)
   at Microsoft.AspNetCore.Mvc.Infrastructure.ControllerActionInvoker.<InvokeNextActionFilterAsync>g__Awaited|10_0(ControllerActionInvoker invoker, Task lastTask, State next, Scope scope, Object state, Boolean isCompleted)
   at Microsoft.AspNetCore.Mvc.Infrastructure.ControllerActionInvoker.Rethrow(ActionExecutedContextSealed context)
   at Microsoft.AspNetCore.Mvc.Infrastructure.ControllerActionInvoker.Next(State& next, Scope& scope, Object& state, Boolean& isCompleted)
   at Microsoft.AspNetCore.Mvc.Infrastructure.ControllerActionInvoker.InvokeInnerFilterAsync()
--- End of stack trace from previous location ---
   at Microsoft.AspNetCore.Mvc.Infrastructure.ResourceInvoker.<InvokeNextResourceFilter>g__Awaited|25_0(ResourceInvoker invoker, Task lastTask, State next, Scope scope, Object state, Boolean isCompleted)
   at Microsoft.AspNetCore.Mvc.Infrastructure.ResourceInvoker.Rethrow(ResourceExecutedContextSealed context)
   at Microsoft.AspNetCore.Mvc.Infrastructure.ResourceInvoker.Next(State& next, Scope& scope, Object& state, Boolean& isCompleted)
   at Microsoft.AspNetCore.Mvc.Infrastructure.ResourceInvoker.InvokeFilterPipelineAsync()
--- End of stack trace from previous location ---
   at Microsoft.AspNetCore.Mvc.Infrastructure.ResourceInvoker.<InvokeAsync>g__Logged|17_1(ResourceInvoker invoker)
   at Microsoft.AspNetCore.Mvc.Infrastructure.ResourceInvoker.<InvokeAsync>g__Logged|17_1(ResourceInvoker invoker)
   at Microsoft.AspNetCore.Routing.EndpointMiddleware.<Invoke>g__AwaitRequestTask|7_0(Endpoint endpoint, Task requestTask, ILogger logger)
   at Microsoft.AspNetCore.Authorization.AuthorizationMiddleware.Invoke(HttpContext context)
   at Microsoft.AspNetCore.Authentication.AuthenticationMiddleware.Invoke(HttpContext context)
   at Serilog.AspNetCore.RequestLoggingMiddleware.Invoke(HttpContext httpContext)
   at MovieShopMVC.Middlewares.LoggingMiddleware.Invoke(HttpContext httpContext) in C:\Users\YJ\Desktop\MovieShop\MovieShopMVC\Middlewares\LoggingMiddleware.cs:line 26
   at MovieShopMVC.Middlewares.LoggingMiddleware.Invoke(HttpContext httpContext) in C:\Users\YJ\Desktop\MovieShop\MovieShopMVC\Middlewares\LoggingMiddleware.cs:line 81
   at MovieShopMVC.Middlewares.MovieShopExceptionMiddleware.Invoke(HttpContext httpContext) in C:\Users\YJ\Desktop\MovieShop\MovieShopMVC\Middlewares\MovieShopExceptionMiddleware.cs:line 29
2025-11-03 21:15:54.742 -06:00 [ERR] An unhandled exception has occurred while executing the request.
System.DivideByZeroException: Attempted to divide by zero.
   at MovieShopMVC.Controllers.HomeController.Index() in C:\Users\YJ\Desktop\MovieShop\MovieShopMVC\Controllers\HomeController.cs:line 30
   at Microsoft.AspNetCore.Mvc.Infrastructure.ActionMethodExecutor.TaskOfIActionResultExecutor.Execute(ActionContext actionContext, IActionResultTypeMapper mapper, ObjectMethodExecutor executor, Object controller, Object[] arguments)
   at Microsoft.AspNetCore.Mvc.Infrastructure.ControllerActionInvoker.<InvokeActionMethodAsync>g__Awaited|12_0(ControllerActionInvoker invoker, ValueTask`1 actionResultValueTask)
   at Microsoft.AspNetCore.Mvc.Infrastructure.ControllerActionInvoker.<InvokeNextActionFilterAsync>g__Awaited|10_0(ControllerActionInvoker invoker, Task lastTask, State next, Scope scope, Object state, Boolean isCompleted)
   at Microsoft.AspNetCore.Mvc.Infrastructure.ControllerActionInvoker.Rethrow(ActionExecutedContextSealed context)
   at Microsoft.AspNetCore.Mvc.Infrastructure.ControllerActionInvoker.Next(State& next, Scope& scope, Object& state, Boolean& isCompleted)
   at Microsoft.AspNetCore.Mvc.Infrastructure.ControllerActionInvoker.InvokeInnerFilterAsync()
--- End of stack trace from previous location ---
   at Microsoft.AspNetCore.Mvc.Infrastructure.ResourceInvoker.<InvokeNextResourceFilter>g__Awaited|25_0(ResourceInvoker invoker, Task lastTask, State next, Scope scope, Object state, Boolean isCompleted)
   at Microsoft.AspNetCore.Mvc.Infrastructure.ResourceInvoker.Rethrow(ResourceExecutedContextSealed context)
   at Microsoft.AspNetCore.Mvc.Infrastructure.ResourceInvoker.Next(State& next, Scope& scope, Object& state, Boolean& isCompleted)
   at Microsoft.AspNetCore.Mvc.Infrastructure.ResourceInvoker.InvokeFilterPipelineAsync()
--- End of stack trace from previous location ---
   at Microsoft.AspNetCore.Mvc.Infrastructure.ResourceInvoker.<InvokeAsync>g__Logged|17_1(ResourceInvoker invoker)
   at Microsoft.AspNetCore.Mvc.Infrastructure.ResourceInvoker.<InvokeAsync>g__Logged|17_1(ResourceInvoker invoker)
   at Microsoft.AspNetCore.Routing.EndpointMiddleware.<Invoke>g__AwaitRequestTask|7_0(Endpoint endpoint, Task requestTask, ILogger logger)
   at Microsoft.AspNetCore.Authorization.AuthorizationMiddleware.Invoke(HttpContext context)
   at Microsoft.AspNetCore.Authentication.AuthenticationMiddleware.Invoke(HttpContext context)
   at Serilog.AspNetCore.RequestLoggingMiddleware.Invoke(HttpContext httpContext)
   at MovieShopMVC.Middlewares.LoggingMiddleware.Invoke(HttpContext httpContext) in C:\Users\YJ\Desktop\MovieShop\MovieShopMVC\Middlewares\LoggingMiddleware.cs:line 26
   at MovieShopMVC.Middlewares.LoggingMiddleware.Invoke(HttpContext httpContext) in C:\Users\YJ\Desktop\MovieShop\MovieShopMVC\Middlewares\LoggingMiddleware.cs:line 81
   at MovieShopMVC.Middlewares.MovieShopExceptionMiddleware.Invoke(HttpContext httpContext) in C:\Users\YJ\Desktop\MovieShop\MovieShopMVC\Middlewares\MovieShopExceptionMiddleware.cs:line 29
   at MovieShopMVC.Middlewares.MovieShopExceptionMiddleware.Invoke(HttpContext httpContext) in C:\Users\YJ\Desktop\MovieShop\MovieShopMVC\Middlewares\MovieShopExceptionMiddleware.cs:line 39
   at Microsoft.AspNetCore.Diagnostics.DeveloperExceptionPageMiddlewareImpl.Invoke(HttpContext context)
2025-11-03 21:25:23.934 -06:00 [ERR] HTTP GET / responded 500 in 166.0026 ms
System.DivideByZeroException: Attempted to divide by zero.
   at MovieShopMVC.Controllers.HomeController.Index() in C:\Users\YJ\Desktop\MovieShop\MovieShopMVC\Controllers\HomeController.cs:line 30
   at Microsoft.AspNetCore.Mvc.Infrastructure.ActionMethodExecutor.TaskOfIActionResultExecutor.Execute(ActionContext actionContext, IActionResultTypeMapper mapper, ObjectMethodExecutor executor, Object controller, Object[] arguments)
   at Microsoft.AspNetCore.Mvc.Infrastructure.ControllerActionInvoker.<InvokeActionMethodAsync>g__Awaited|12_0(ControllerActionInvoker invoker, ValueTask`1 actionResultValueTask)
   at Microsoft.AspNetCore.Mvc.Infrastructure.ControllerActionInvoker.<InvokeNextActionFilterAsync>g__Awaited|10_0(ControllerActionInvoker invoker, Task lastTask, State next, Scope scope, Object state, Boolean isCompleted)
   at Microsoft.AspNetCore.Mvc.Infrastructure.ControllerActionInvoker.Rethrow(ActionExecutedContextSealed context)
   at Microsoft.AspNetCore.Mvc.Infrastructure.ControllerActionInvoker.Next(State& next, Scope& scope, Object& state, Boolean& isCompleted)
   at Microsoft.AspNetCore.Mvc.Infrastructure.ControllerActionInvoker.InvokeInnerFilterAsync()
--- End of stack trace from previous location ---
   at Microsoft.AspNetCore.Mvc.Infrastructure.ResourceInvoker.<InvokeNextResourceFilter>g__Awaited|25_0(ResourceInvoker invoker, Task lastTask, State next, Scope scope, Object state, Boolean isCompleted)
   at Microsoft.AspNetCore.Mvc.Infrastructure.ResourceInvoker.Rethrow(ResourceExecutedContextSealed context)
   at Microsoft.AspNetCore.Mvc.Infrastructure.ResourceInvoker.Next(State& next, Scope& scope, Object& state, Boolean& isCompleted)
   at Microsoft.AspNetCore.Mvc.Infrastructure.ResourceInvoker.InvokeFilterPipelineAsync()
--- End of stack trace from previous location ---
   at Microsoft.AspNetCore.Mvc.Infrastructure.ResourceInvoker.<InvokeAsync>g__Logged|17_1(ResourceInvoker invoker)
   at Microsoft.AspNetCore.Mvc.Infrastructure.ResourceInvoker.<InvokeAsync>g__Logged|17_1(ResourceInvoker invoker)
   at Microsoft.AspNetCore.Routing.EndpointMiddleware.<Invoke>g__AwaitRequestTask|7_0(Endpoint endpoint, Task requestTask, ILogger logger)
   at Microsoft.AspNetCore.Authorization.AuthorizationMiddleware.Invoke(HttpContext context)
   at Microsoft.AspNetCore.Authentication.AuthenticationMiddleware.Invoke(HttpContext context)
   at Serilog.AspNetCore.RequestLoggingMiddleware.Invoke(HttpContext httpContext)
2025-11-03 21:25:23.977 -06:00 [ERR] Unhandled exception at GET /
System.DivideByZeroException: Attempted to divide by zero.
   at MovieShopMVC.Controllers.HomeController.Index() in C:\Users\YJ\Desktop\MovieShop\MovieShopMVC\Controllers\HomeController.cs:line 30
   at Microsoft.AspNetCore.Mvc.Infrastructure.ActionMethodExecutor.TaskOfIActionResultExecutor.Execute(ActionContext actionContext, IActionResultTypeMapper mapper, ObjectMethodExecutor executor, Object controller, Object[] arguments)
   at Microsoft.AspNetCore.Mvc.Infrastructure.ControllerActionInvoker.<InvokeActionMethodAsync>g__Awaited|12_0(ControllerActionInvoker invoker, ValueTask`1 actionResultValueTask)
   at Microsoft.AspNetCore.Mvc.Infrastructure.ControllerActionInvoker.<InvokeNextActionFilterAsync>g__Awaited|10_0(ControllerActionInvoker invoker, Task lastTask, State next, Scope scope, Object state, Boolean isCompleted)
   at Microsoft.AspNetCore.Mvc.Infrastructure.ControllerActionInvoker.Rethrow(ActionExecutedContextSealed context)
   at Microsoft.AspNetCore.Mvc.Infrastructure.ControllerActionInvoker.Next(State& next, Scope& scope, Object& state, Boolean& isCompleted)
   at Microsoft.AspNetCore.Mvc.Infrastructure.ControllerActionInvoker.InvokeInnerFilterAsync()
--- End of stack trace from previous location ---
   at Microsoft.AspNetCore.Mvc.Infrastructure.ResourceInvoker.<InvokeNextResourceFilter>g__Awaited|25_0(ResourceInvoker invoker, Task lastTask, State next, Scope scope, Object state, Boolean isCompleted)
   at Microsoft.AspNetCore.Mvc.Infrastructure.ResourceInvoker.Rethrow(ResourceExecutedContextSealed context)
   at Microsoft.AspNetCore.Mvc.Infrastructure.ResourceInvoker.Next(State& next, Scope& scope, Object& state, Boolean& isCompleted)
   at Microsoft.AspNetCore.Mvc.Infrastructure.ResourceInvoker.InvokeFilterPipelineAsync()
--- End of stack trace from previous location ---
   at Microsoft.AspNetCore.Mvc.Infrastructure.ResourceInvoker.<InvokeAsync>g__Logged|17_1(ResourceInvoker invoker)
   at Microsoft.AspNetCore.Mvc.Infrastructure.ResourceInvoker.<InvokeAsync>g__Logged|17_1(ResourceInvoker invoker)
   at Microsoft.AspNetCore.Routing.EndpointMiddleware.<Invoke>g__AwaitRequestTask|7_0(Endpoint endpoint, Task requestTask, ILogger logger)
   at Microsoft.AspNetCore.Authorization.AuthorizationMiddleware.Invoke(HttpContext context)
   at Microsoft.AspNetCore.Authentication.AuthenticationMiddleware.Invoke(HttpContext context)
   at Serilog.AspNetCore.RequestLoggingMiddleware.Invoke(HttpContext httpContext)
   at MovieShopMVC.Middlewares.LoggingMiddleware.Invoke(HttpContext httpContext) in C:\Users\YJ\Desktop\MovieShop\MovieShopMVC\Middlewares\LoggingMiddleware.cs:line 26
2025-11-03 21:26:07.241 -06:00 [ERR] HTTP GET / responded 500 in 163.7542 ms
System.DivideByZeroException: Attempted to divide by zero.
   at MovieShopMVC.Controllers.HomeController.Index() in C:\Users\YJ\Desktop\MovieShop\MovieShopMVC\Controllers\HomeController.cs:line 30
   at Microsoft.AspNetCore.Mvc.Infrastructure.ActionMethodExecutor.TaskOfIActionResultExecutor.Execute(ActionContext actionContext, IActionResultTypeMapper mapper, ObjectMethodExecutor executor, Object controller, Object[] arguments)
   at Microsoft.AspNetCore.Mvc.Infrastructure.ControllerActionInvoker.<InvokeActionMethodAsync>g__Awaited|12_0(ControllerActionInvoker invoker, ValueTask`1 actionResultValueTask)
   at Microsoft.AspNetCore.Mvc.Infrastructure.ControllerActionInvoker.<InvokeNextActionFilterAsync>g__Awaited|10_0(ControllerActionInvoker invoker, Task lastTask, State next, Scope scope, Object state, Boolean isCompleted)
   at Microsoft.AspNetCore.Mvc.Infrastructure.ControllerActionInvoker.Rethrow(ActionExecutedContextSealed context)
   at Microsoft.AspNetCore.Mvc.Infrastructure.ControllerActionInvoker.Next(State& next, Scope& scope, Object& state, Boolean& isCompleted)
   at Microsoft.AspNetCore.Mvc.Infrastructure.ControllerActionInvoker.InvokeInnerFilterAsync()
--- End of stack trace from previous location ---
   at Microsoft.AspNetCore.Mvc.Infrastructure.ResourceInvoker.<InvokeNextResourceFilter>g__Awaited|25_0(ResourceInvoker invoker, Task lastTask, State next, Scope scope, Object state, Boolean isCompleted)
   at Microsoft.AspNetCore.Mvc.Infrastructure.ResourceInvoker.Rethrow(ResourceExecutedContextSealed context)
   at Microsoft.AspNetCore.Mvc.Infrastructure.ResourceInvoker.Next(State& next, Scope& scope, Object& state, Boolean& isCompleted)
   at Microsoft.AspNetCore.Mvc.Infrastructure.ResourceInvoker.InvokeFilterPipelineAsync()
--- End of stack trace from previous location ---
   at Microsoft.AspNetCore.Mvc.Infrastructure.ResourceInvoker.<InvokeAsync>g__Logged|17_1(ResourceInvoker invoker)
   at Microsoft.AspNetCore.Mvc.Infrastructure.ResourceInvoker.<InvokeAsync>g__Logged|17_1(ResourceInvoker invoker)
   at Microsoft.AspNetCore.Routing.EndpointMiddleware.<Invoke>g__AwaitRequestTask|7_0(Endpoint endpoint, Task requestTask, ILogger logger)
   at Microsoft.AspNetCore.Authorization.AuthorizationMiddleware.Invoke(HttpContext context)
   at Microsoft.AspNetCore.Authentication.AuthenticationMiddleware.Invoke(HttpContext context)
   at Serilog.AspNetCore.RequestLoggingMiddleware.Invoke(HttpContext httpContext)
2025-11-03 21:26:07.282 -06:00 [ERR] An unhandled exception has occurred while executing the request.
System.DivideByZeroException: Attempted to divide by zero.
   at MovieShopMVC.Controllers.HomeController.Index() in C:\Users\YJ\Desktop\MovieShop\MovieShopMVC\Controllers\HomeController.cs:line 30
   at Microsoft.AspNetCore.Mvc.Infrastructure.ActionMethodExecutor.TaskOfIActionResultExecutor.Execute(ActionContext actionContext, IActionResultTypeMapper mapper, ObjectMethodExecutor executor, Object controller, Object[] arguments)
   at Microsoft.AspNetCore.Mvc.Infrastructure.ControllerActionInvoker.<InvokeActionMethodAsync>g__Awaited|12_0(ControllerActionInvoker invoker, ValueTask`1 actionResultValueTask)
   at Microsoft.AspNetCore.Mvc.Infrastructure.ControllerActionInvoker.<InvokeNextActionFilterAsync>g__Awaited|10_0(ControllerActionInvoker invoker, Task lastTask, State next, Scope scope, Object state, Boolean isCompleted)
   at Microsoft.AspNetCore.Mvc.Infrastructure.ControllerActionInvoker.Rethrow(ActionExecutedContextSealed context)
   at Microsoft.AspNetCore.Mvc.Infrastructure.ControllerActionInvoker.Next(State& next, Scope& scope, Object& state, Boolean& isCompleted)
   at Microsoft.AspNetCore.Mvc.Infrastructure.ControllerActionInvoker.InvokeInnerFilterAsync()
--- End of stack trace from previous location ---
   at Microsoft.AspNetCore.Mvc.Infrastructure.ResourceInvoker.<InvokeNextResourceFilter>g__Awaited|25_0(ResourceInvoker invoker, Task lastTask, State next, Scope scope, Object state, Boolean isCompleted)
   at Microsoft.AspNetCore.Mvc.Infrastructure.ResourceInvoker.Rethrow(ResourceExecutedContextSealed context)
   at Microsoft.AspNetCore.Mvc.Infrastructure.ResourceInvoker.Next(State& next, Scope& scope, Object& state, Boolean& isCompleted)
   at Microsoft.AspNetCore.Mvc.Infrastructure.ResourceInvoker.InvokeFilterPipelineAsync()
--- End of stack trace from previous location ---
   at Microsoft.AspNetCore.Mvc.Infrastructure.ResourceInvoker.<InvokeAsync>g__Logged|17_1(ResourceInvoker invoker)
   at Microsoft.AspNetCore.Mvc.Infrastructure.ResourceInvoker.<InvokeAsync>g__Logged|17_1(ResourceInvoker invoker)
   at Microsoft.AspNetCore.Routing.EndpointMiddleware.<Invoke>g__AwaitRequestTask|7_0(Endpoint endpoint, Task requestTask, ILogger logger)
   at Microsoft.AspNetCore.Authorization.AuthorizationMiddleware.Invoke(HttpContext context)
   at Microsoft.AspNetCore.Authentication.AuthenticationMiddleware.Invoke(HttpContext context)
   at Serilog.AspNetCore.RequestLoggingMiddleware.Invoke(HttpContext httpContext)
   at Microsoft.AspNetCore.Diagnostics.ExceptionHandlerMiddlewareImpl.<Invoke>g__Awaited|10_0(ExceptionHandlerMiddlewareImpl middleware, HttpContext context, Task task)
2025-11-03 21:26:07.354 -06:00 [ERR] HTTP GET /Home/Error responded 500 in 65.5689 ms
2025-11-03 21:29:49.185 -06:00 [ERR] HTTP GET / responded 500 in 183.6185 ms
System.DivideByZeroException: Attempted to divide by zero.
   at MovieShopMVC.Controllers.HomeController.Index() in C:\Users\YJ\Desktop\MovieShop\MovieShopMVC\Controllers\HomeController.cs:line 30
   at Microsoft.AspNetCore.Mvc.Infrastructure.ActionMethodExecutor.TaskOfIActionResultExecutor.Execute(ActionContext actionContext, IActionResultTypeMapper mapper, ObjectMethodExecutor executor, Object controller, Object[] arguments)
   at Microsoft.AspNetCore.Mvc.Infrastructure.ControllerActionInvoker.<InvokeActionMethodAsync>g__Awaited|12_0(ControllerActionInvoker invoker, ValueTask`1 actionResultValueTask)
   at Microsoft.AspNetCore.Mvc.Infrastructure.ControllerActionInvoker.<InvokeNextActionFilterAsync>g__Awaited|10_0(ControllerActionInvoker invoker, Task lastTask, State next, Scope scope, Object state, Boolean isCompleted)
   at Microsoft.AspNetCore.Mvc.Infrastructure.ControllerActionInvoker.Rethrow(ActionExecutedContextSealed context)
   at Microsoft.AspNetCore.Mvc.Infrastructure.ControllerActionInvoker.Next(State& next, Scope& scope, Object& state, Boolean& isCompleted)
   at Microsoft.AspNetCore.Mvc.Infrastructure.ControllerActionInvoker.InvokeInnerFilterAsync()
--- End of stack trace from previous location ---
   at Microsoft.AspNetCore.Mvc.Infrastructure.ResourceInvoker.<InvokeNextResourceFilter>g__Awaited|25_0(ResourceInvoker invoker, Task lastTask, State next, Scope scope, Object state, Boolean isCompleted)
   at Microsoft.AspNetCore.Mvc.Infrastructure.ResourceInvoker.Rethrow(ResourceExecutedContextSealed context)
   at Microsoft.AspNetCore.Mvc.Infrastructure.ResourceInvoker.Next(State& next, Scope& scope, Object& state, Boolean& isCompleted)
   at Microsoft.AspNetCore.Mvc.Infrastructure.ResourceInvoker.InvokeFilterPipelineAsync()
--- End of stack trace from previous location ---
   at Microsoft.AspNetCore.Mvc.Infrastructure.ResourceInvoker.<InvokeAsync>g__Logged|17_1(ResourceInvoker invoker)
   at Microsoft.AspNetCore.Mvc.Infrastructure.ResourceInvoker.<InvokeAsync>g__Logged|17_1(ResourceInvoker invoker)
   at Microsoft.AspNetCore.Routing.EndpointMiddleware.<Invoke>g__AwaitRequestTask|7_0(Endpoint endpoint, Task requestTask, ILogger logger)
   at Microsoft.AspNetCore.Authorization.AuthorizationMiddleware.Invoke(HttpContext context)
   at Microsoft.AspNetCore.Authentication.AuthenticationMiddleware.Invoke(HttpContext context)
   at Serilog.AspNetCore.RequestLoggingMiddleware.Invoke(HttpContext httpContext)
2025-11-03 21:29:49.211 -06:00 [ERR] An unhandled exception has occurred while executing the request.
System.DivideByZeroException: Attempted to divide by zero.
   at MovieShopMVC.Controllers.HomeController.Index() in C:\Users\YJ\Desktop\MovieShop\MovieShopMVC\Controllers\HomeController.cs:line 30
   at Microsoft.AspNetCore.Mvc.Infrastructure.ActionMethodExecutor.TaskOfIActionResultExecutor.Execute(ActionContext actionContext, IActionResultTypeMapper mapper, ObjectMethodExecutor executor, Object controller, Object[] arguments)
   at Microsoft.AspNetCore.Mvc.Infrastructure.ControllerActionInvoker.<InvokeActionMethodAsync>g__Awaited|12_0(ControllerActionInvoker invoker, ValueTask`1 actionResultValueTask)
   at Microsoft.AspNetCore.Mvc.Infrastructure.ControllerActionInvoker.<InvokeNextActionFilterAsync>g__Awaited|10_0(ControllerActionInvoker invoker, Task lastTask, State next, Scope scope, Object state, Boolean isCompleted)
   at Microsoft.AspNetCore.Mvc.Infrastructure.ControllerActionInvoker.Rethrow(ActionExecutedContextSealed context)
   at Microsoft.AspNetCore.Mvc.Infrastructure.ControllerActionInvoker.Next(State& next, Scope& scope, Object& state, Boolean& isCompleted)
   at Microsoft.AspNetCore.Mvc.Infrastructure.ControllerActionInvoker.InvokeInnerFilterAsync()
--- End of stack trace from previous location ---
   at Microsoft.AspNetCore.Mvc.Infrastructure.ResourceInvoker.<InvokeNextResourceFilter>g__Awaited|25_0(ResourceInvoker invoker, Task lastTask, State next, Scope scope, Object state, Boolean isCompleted)
   at Microsoft.AspNetCore.Mvc.Infrastructure.ResourceInvoker.Rethrow(ResourceExecutedContextSealed context)
   at Microsoft.AspNetCore.Mvc.Infrastructure.ResourceInvoker.Next(State& next, Scope& scope, Object& state, Boolean& isCompleted)
   at Microsoft.AspNetCore.Mvc.Infrastructure.ResourceInvoker.InvokeFilterPipelineAsync()
--- End of stack trace from previous location ---
   at Microsoft.AspNetCore.Mvc.Infrastructure.ResourceInvoker.<InvokeAsync>g__Logged|17_1(ResourceInvoker invoker)
   at Microsoft.AspNetCore.Mvc.Infrastructure.ResourceInvoker.<InvokeAsync>g__Logged|17_1(ResourceInvoker invoker)
   at Microsoft.AspNetCore.Routing.EndpointMiddleware.<Invoke>g__AwaitRequestTask|7_0(Endpoint endpoint, Task requestTask, ILogger logger)
   at Microsoft.AspNetCore.Authorization.AuthorizationMiddleware.Invoke(HttpContext context)
   at Microsoft.AspNetCore.Authentication.AuthenticationMiddleware.Invoke(HttpContext context)
   at Serilog.AspNetCore.RequestLoggingMiddleware.Invoke(HttpContext httpContext)
   at Microsoft.AspNetCore.Diagnostics.ExceptionHandlerMiddlewareImpl.<Invoke>g__Awaited|10_0(ExceptionHandlerMiddlewareImpl middleware, HttpContext context, Task task)
2025-11-03 21:29:49.286 -06:00 [ERR] HTTP GET /Home/Error responded 500 in 68.4478 ms
2025-11-03 21:29:57.474 -06:00 [ERR] HTTP GET / responded 500 in 27.8857 ms
System.DivideByZeroException: Attempted to divide by zero.
   at MovieShopMVC.Controllers.HomeController.Index() in C:\Users\YJ\Desktop\MovieShop\MovieShopMVC\Controllers\HomeController.cs:line 30
   at Microsoft.AspNetCore.Mvc.Infrastructure.ActionMethodExecutor.TaskOfIActionResultExecutor.Execute(ActionContext actionContext, IActionResultTypeMapper mapper, ObjectMethodExecutor executor, Object controller, Object[] arguments)
   at Microsoft.AspNetCore.Mvc.Infrastructure.ControllerActionInvoker.<InvokeActionMethodAsync>g__Awaited|12_0(ControllerActionInvoker invoker, ValueTask`1 actionResultValueTask)
   at Microsoft.AspNetCore.Mvc.Infrastructure.ControllerActionInvoker.<InvokeNextActionFilterAsync>g__Awaited|10_0(ControllerActionInvoker invoker, Task lastTask, State next, Scope scope, Object state, Boolean isCompleted)
   at Microsoft.AspNetCore.Mvc.Infrastructure.ControllerActionInvoker.Rethrow(ActionExecutedContextSealed context)
   at Microsoft.AspNetCore.Mvc.Infrastructure.ControllerActionInvoker.Next(State& next, Scope& scope, Object& state, Boolean& isCompleted)
   at Microsoft.AspNetCore.Mvc.Infrastructure.ControllerActionInvoker.InvokeInnerFilterAsync()
--- End of stack trace from previous location ---
   at Microsoft.AspNetCore.Mvc.Infrastructure.ResourceInvoker.<InvokeNextResourceFilter>g__Awaited|25_0(ResourceInvoker invoker, Task lastTask, State next, Scope scope, Object state, Boolean isCompleted)
   at Microsoft.AspNetCore.Mvc.Infrastructure.ResourceInvoker.Rethrow(ResourceExecutedContextSealed context)
   at Microsoft.AspNetCore.Mvc.Infrastructure.ResourceInvoker.Next(State& next, Scope& scope, Object& state, Boolean& isCompleted)
   at Microsoft.AspNetCore.Mvc.Infrastructure.ResourceInvoker.InvokeFilterPipelineAsync()
--- End of stack trace from previous location ---
   at Microsoft.AspNetCore.Mvc.Infrastructure.ResourceInvoker.<InvokeAsync>g__Logged|17_1(ResourceInvoker invoker)
   at Microsoft.AspNetCore.Mvc.Infrastructure.ResourceInvoker.<InvokeAsync>g__Logged|17_1(ResourceInvoker invoker)
   at Microsoft.AspNetCore.Routing.EndpointMiddleware.<Invoke>g__AwaitRequestTask|7_0(Endpoint endpoint, Task requestTask, ILogger logger)
   at Microsoft.AspNetCore.Authorization.AuthorizationMiddleware.Invoke(HttpContext context)
   at Microsoft.AspNetCore.Authentication.AuthenticationMiddleware.Invoke(HttpContext context)
   at Serilog.AspNetCore.RequestLoggingMiddleware.Invoke(HttpContext httpContext)
2025-11-03 21:29:57.480 -06:00 [ERR] An unhandled exception has occurred while executing the request.
System.DivideByZeroException: Attempted to divide by zero.
   at MovieShopMVC.Controllers.HomeController.Index() in C:\Users\YJ\Desktop\MovieShop\MovieShopMVC\Controllers\HomeController.cs:line 30
   at Microsoft.AspNetCore.Mvc.Infrastructure.ActionMethodExecutor.TaskOfIActionResultExecutor.Execute(ActionContext actionContext, IActionResultTypeMapper mapper, ObjectMethodExecutor executor, Object controller, Object[] arguments)
   at Microsoft.AspNetCore.Mvc.Infrastructure.ControllerActionInvoker.<InvokeActionMethodAsync>g__Awaited|12_0(ControllerActionInvoker invoker, ValueTask`1 actionResultValueTask)
   at Microsoft.AspNetCore.Mvc.Infrastructure.ControllerActionInvoker.<InvokeNextActionFilterAsync>g__Awaited|10_0(ControllerActionInvoker invoker, Task lastTask, State next, Scope scope, Object state, Boolean isCompleted)
   at Microsoft.AspNetCore.Mvc.Infrastructure.ControllerActionInvoker.Rethrow(ActionExecutedContextSealed context)
   at Microsoft.AspNetCore.Mvc.Infrastructure.ControllerActionInvoker.Next(State& next, Scope& scope, Object& state, Boolean& isCompleted)
   at Microsoft.AspNetCore.Mvc.Infrastructure.ControllerActionInvoker.InvokeInnerFilterAsync()
--- End of stack trace from previous location ---
   at Microsoft.AspNetCore.Mvc.Infrastructure.ResourceInvoker.<InvokeNextResourceFilter>g__Awaited|25_0(ResourceInvoker invoker, Task lastTask, State next, Scope scope, Object state, Boolean isCompleted)
   at Microsoft.AspNetCore.Mvc.Infrastructure.ResourceInvoker.Rethrow(ResourceExecutedContextSealed context)
   at Microsoft.AspNetCore.Mvc.Infrastructure.ResourceInvoker.Next(State& next, Scope& scope, Object& state, Boolean& isCompleted)
   at Microsoft.AspNetCore.Mvc.Infrastructure.ResourceInvoker.InvokeFilterPipelineAsync()
--- End of stack trace from previous location ---
   at Microsoft.AspNetCore.Mvc.Infrastructure.ResourceInvoker.<InvokeAsync>g__Logged|17_1(ResourceInvoker invoker)
   at Microsoft.AspNetCore.Mvc.Infrastructure.ResourceInvoker.<InvokeAsync>g__Logged|17_1(ResourceInvoker invoker)
   at Microsoft.AspNetCore.Routing.EndpointMiddleware.<Invoke>g__AwaitRequestTask|7_0(Endpoint endpoint, Task requestTask, ILogger logger)
   at Microsoft.AspNetCore.Authorization.AuthorizationMiddleware.Invoke(HttpContext context)
   at Microsoft.AspNetCore.Authentication.AuthenticationMiddleware.Invoke(HttpContext context)
   at Serilog.AspNetCore.RequestLoggingMiddleware.Invoke(HttpContext httpContext)
   at Microsoft.AspNetCore.Diagnostics.ExceptionHandlerMiddlewareImpl.<Invoke>g__Awaited|10_0(ExceptionHandlerMiddlewareImpl middleware, HttpContext context, Task task)
2025-11-03 21:29:57.495 -06:00 [ERR] HTTP GET /Home/Error responded 500 in 8.8272 ms
